"날짜","지역","총 물량","지그재그 당일배송","카카오모빌리티","부스터스","other_seller"
"2025-05-01","강남가","57","57","0","0","0"
"2025-05-01","강남나","22","22","0","0","0"
"2025-05-01","강동","93","93","0","0","0"
"2025-05-01","강북","71","71","0","0","0"
"2025-05-01","강서","142","142","0","0","0"
"2025-05-01","계양","44","44","0","0","0"
"2025-05-01","관악가","133","133","0","0","0"
"2025-05-01","광명","47","47","0","0","0"
"2025-05-01","광진","98","98","0","0","0"
"2025-05-01","구로","71","71","0","0","0"
"2025-05-01","구리","25","25","0","0","0"
"2025-05-01","군포","46","46","0","0","0"
"2025-05-01","권선","55","55","0","0","0"
"2025-05-01","금천","67","67","0","0","0"
"2025-05-01","기흥","61","61","0","0","0"
"2025-05-01","김포","53","53","0","0","0"
"2025-05-01","남동구","72","72","0","0","0"
"2025-05-01","남양주","44","44","0","0","0"
"2025-05-01","노원","107","106","1","0","0"
"2025-05-01","단원","39","39","0","0","0"
"2025-05-01","덕양","55","55","0","0","0"
"2025-05-01","도봉","54","54","0","0","0"
"2025-05-01","동구","8","8","0","0","0"
"2025-05-01","동대문","81","81","0","0","0"
"2025-05-01","동안","62","62","0","0","0"
"2025-05-01","동작","99","99","0","0","0"
"2025-05-01","마포","85","85","0","0","0"
"2025-05-01","만안","38","38","0","0","0"
"2025-05-01","미추홀","50","50","0","0","0"
"2025-05-01","부천가","65","65","0","0","0"
"2025-05-01","부천나","24","24","0","0","0"
"2025-05-01","부천다","64","64","0","0","0"
"2025-05-01","부평","85","85","0","0","0"
"2025-05-01","분당","45","45","0","0","0"
"2025-05-01","상록","42","42","0","0","0"
"2025-05-01","서구","91","91","0","0","0"
"2025-05-01","서대문","76","76","0","0","0"
"2025-05-01","서초가","25","25","0","0","0"
"2025-05-01","서초나","38","38","0","0","0"
"2025-05-01","성남","15","15","0","0","0"
"2025-05-01","성동","69","69","0","0","0"
"2025-05-01","성북","99","99","0","0","0"
"2025-05-01","송파","118","118","0","0","0"
"2025-05-01","수정","44","44","0","0","0"
"2025-05-01","수지","56","56","0","0","0"
"2025-05-01","시흥남","39","39","0","0","0"
"2025-05-01","시흥북","16","16","0","0","0"
"2025-05-01","아산가","21","21","0","0","0"
"2025-05-01","아산나","16","16","0","0","0"
"2025-05-01","양천","82","82","0","0","0"
"2025-05-01","연수","52","52","0","0","0"
"2025-05-01","영등포","112","112","0","0","0"
"2025-05-01","영통","72","72","0","0","0"
"2025-05-01","용산","35","35","0","0","0"
"2025-05-01","은평","107","107","0","0","0"
"2025-05-01","의정부","70","70","0","0","0"
"2025-05-01","인천중구","2","2","0","0","0"
"2025-05-01","일산동구","50","50","0","0","0"
"2025-05-01","일산서구","39","39","0","0","0"
"2025-05-01","장안","39","39","0","0","0"
"2025-05-01","종로","25","25","0","0","0"
"2025-05-01","중구","28","28","0","0","0"
"2025-05-01","중랑","81","81","0","0","0"
"2025-05-01","중원","42","42","0","0","0"
"2025-05-01","천안","70","70","0","0","0"
"2025-05-01","팔달","40","40","0","0","0"
"2025-05-01","하남","57","57","0","0","0"
"2025-05-01","화성가","25","25","0","0","0"
"2025-05-01","화성나","31","31","0","0","0"
"2025-05-01","화성다","36","36","0","0","0"
"2025-05-02","강남","76","0","76","0","0"
"2025-05-02","강남가","298","241","1","44","12"
"2025-05-02","강남나","130","114","0","11","5"
"2025-05-02","강동","413","333","44","27","9"
"2025-05-02","강북","197","176","15","6","0"
"2025-05-02","강서","557","463","56","31","7"
"2025-05-02","계양","172","155","10","5","2"
"2025-05-02","관악","47","0","47","0","0"
"2025-05-02","관악가","603","571","0","27","5"
"2025-05-02","광명","190","161","15","9","5"
"2025-05-02","광진","417","349","38","21","9"
"2025-05-02","구로","330","279","23","22","6"
"2025-05-02","구리","156","125","18","10","3"
"2025-05-02","군포","219","181","21","15","2"
"2025-05-02","권선","306","261","28","17","0"
"2025-05-02","금천","226","189","20","13","4"
"2025-05-02","기흥","311","250","32","20","9"
"2025-05-02","김포","327","268","37","13","9"
"2025-05-02","남동구","270","262","0","7","1"
"2025-05-02","남양주","210","150","44","12","4"
"2025-05-02","노원","409","330","37","29","13"
"2025-05-02","단원","214","199","0","14","1"
"2025-05-02","덕양","321","272","25","15","9"
"2025-05-02","도봉","221","186","14","13","8"
"2025-05-02","동구","21","19","0","2","0"
"2025-05-02","동대문","384","321","35","19","9"
"2025-05-02","동안","282","233","20","24","5"
"2025-05-02","동작","363","288","42","23","10"
"2025-05-02","마포","368","300","38","22","8"
"2025-05-02","만안","174","144","16","10","4"
"2025-05-02","미추홀","259","242","0","16","1"
"2025-05-02","부천","56","0","56","0","0"
"2025-05-02","부천가","261","229","1","26","5"
"2025-05-02","부천나","118","110","1","6","1"
"2025-05-02","부천다","223","203","0","16","4"
"2025-05-02","부평","420","357","31","25","7"
"2025-05-02","분당","345","265","41","30","9"
"2025-05-02","상록","195","181","0","12","2"
"2025-05-02","서구","415","385","0","24","6"
"2025-05-02","서대문","320","272","26","15","7"
"2025-05-02","서초","53","0","53","0","0"
"2025-05-02","서초가","137","112","0","18","7"
"2025-05-02","서초나","177","157","0","14","6"
"2025-05-02","성남","64","43","9","6","6"
"2025-05-02","성동","264","188","42","25","9"
"2025-05-02","성북","388","315","42","22","9"
"2025-05-02","송파","622","482","82","43","15"
"2025-05-02","수정","156","127","20","9","0"
"2025-05-02","수지","285","201","50","24","10"
"2025-05-02","시흥남","197","188","0","6","3"
"2025-05-02","시흥북","69","65","0","4","0"
"2025-05-02","아산가","74","69","0","4","1"
"2025-05-02","아산나","91","83","0","7","1"
"2025-05-02","양천","317","249","36","23","9"
"2025-05-02","연수","278","240","0","32","6"
"2025-05-02","영등포","448","361","46","35","6"
"2025-05-02","영통","408","341","39","20","8"
"2025-05-02","용산","221","165","39","12","5"
"2025-05-02","은평","400","327","42","25","6"
"2025-05-02","의정부","342","294","23","16","9"
"2025-05-02","인천중구","15","14","0","1","0"
"2025-05-02","일산동구","257","189","42","16","10"
"2025-05-02","일산서구","231","194","19","14","4"
"2025-05-02","장안","220","173","33","11","3"
"2025-05-02","종로","148","121","17","8","2"
"2025-05-02","중구","142","103","18","13","8"
"2025-05-02","중랑","335","270","34","25","6"
"2025-05-02","중원","167","134","20","10","3"
"2025-05-02","천안","352","326","0","18","8"
"2025-05-02","팔달","189","169","9","8","3"
"2025-05-02","하남","278","215","39","18","6"
"2025-05-02","화성","64","0","64","0","0"
"2025-05-02","화성가","103","88","0","10","5"
"2025-05-02","화성나","184","170","0","11","3"
"2025-05-02","화성다","140","124","1","11","4"
"2025-05-03","강남","7","0","7","0","0"
"2025-05-03","강남가","185","176","9","0","0"
"2025-05-03","강남나","92","87","5","0","0"
"2025-05-03","강동","267","257","10","0","0"
"2025-05-03","강북","113","110","3","0","0"
"2025-05-03","강서","345","335","10","0","0"
"2025-05-03","계양","143","142","1","0","0"
"2025-05-03","관악","5","0","5","0","0"
"2025-05-03","관악가","387","386","1","0","0"
"2025-05-03","광명","150","149","1","0","0"
"2025-05-03","광진","243","239","4","0","0"
"2025-05-03","구로","223","216","7","0","0"
"2025-05-03","구리","101","98","3","0","0"
"2025-05-03","군포","124","123","1","0","0"
"2025-05-03","권선","179","177","2","0","0"
"2025-05-03","금천","121","120","1","0","0"
"2025-05-03","기흥","197","197","0","0","0"
"2025-05-03","김포","189","188","1","0","0"
"2025-05-03","남동구","192","192","0","0","0"
"2025-05-03","남양주","147","146","1","0","0"
"2025-05-03","노원","232","228","4","0","0"
"2025-05-03","단원","154","154","0","0","0"
"2025-05-03","덕양","185","183","2","0","0"
"2025-05-03","도봉","141","136","5","0","0"
"2025-05-03","동구","15","15","0","0","0"
"2025-05-03","동대문","195","193","2","0","0"
"2025-05-03","동안","138","134","4","0","0"
"2025-05-03","동작","272","265","7","0","0"
"2025-05-03","마포","224","217","7","0","0"
"2025-05-03","만안","112","109","3","0","0"
"2025-05-03","미추홀","180","180","0","0","0"
"2025-05-03","부천","3","0","3","0","0"
"2025-05-03","부천가","131","131","0","0","0"
"2025-05-03","부천나","52","52","0","0","0"
"2025-05-03","부천다","142","141","1","0","0"
"2025-05-03","부평","240","238","2","0","0"
"2025-05-03","분당","183","181","2","0","0"
"2025-05-03","상록","110","110","0","0","0"
"2025-05-03","서구","268","268","0","0","0"
"2025-05-03","서대문","185","179","6","0","0"
"2025-05-03","서초","7","0","7","0","0"
"2025-05-03","서초가","65","59","6","0","0"
"2025-05-03","서초나","90","88","2","0","0"
"2025-05-03","성남","26","25","1","0","0"
"2025-05-03","성동","143","138","5","0","0"
"2025-05-03","성북","218","211","7","0","0"
"2025-05-03","송파","333","323","10","0","0"
"2025-05-03","수정","87","86","1","0","0"
"2025-05-03","수지","156","153","3","0","0"
"2025-05-03","시흥남","143","143","0","0","0"
"2025-05-03","시흥북","37","37","0","0","0"
"2025-05-03","아산가","53","53","0","0","0"
"2025-05-03","아산나","73","73","0","0","0"
"2025-05-03","양천","197","188","9","0","0"
"2025-05-03","연수","175","175","0","0","0"
"2025-05-03","영등포","274","261","13","0","0"
"2025-05-03","영통","223","222","1","0","0"
"2025-05-03","용산","110","103","7","0","0"
"2025-05-03","은평","248","236","12","0","0"
"2025-05-03","의정부","207","202","5","0","0"
"2025-05-03","인천중구","11","11","0","0","0"
"2025-05-03","일산동구","142","138","4","0","0"
"2025-05-03","일산서구","152","152","0","0","0"
"2025-05-03","장안","142","141","1","0","0"
"2025-05-03","종로","85","83","2","0","0"
"2025-05-03","중구","82","78","4","0","0"
"2025-05-03","중랑","213","207","6","0","0"
"2025-05-03","중원","88","87","1","0","0"
"2025-05-03","천안","261","261","0","0","0"
"2025-05-03","팔달","134","134","0","0","0"
"2025-05-03","하남","148","145","3","0","0"
"2025-05-03","화성","6","0","6","0","0"
"2025-05-03","화성가","67","67","0","0","0"
"2025-05-03","화성나","112","112","0","0","0"
"2025-05-03","화성다","90","90","0","0","0"
"2025-05-04","강남가","161","161","0","0","0"
"2025-05-04","강남나","63","63","0","0","0"
"2025-05-04","강동","222","222","0","0","0"
"2025-05-04","강북","108","108","0","0","0"
"2025-05-04","강서","277","277","0","0","0"
"2025-05-04","계양","129","129","0","0","0"
"2025-05-04","관악가","341","341","0","0","0"
"2025-05-04","광명","142","142","0","0","0"
"2025-05-04","광진","208","208","0","0","0"
"2025-05-04","구로","172","172","0","0","0"
"2025-05-04","구리","107","107","0","0","0"
"2025-05-04","군포","115","115","0","0","0"
"2025-05-04","권선","187","187","0","0","0"
"2025-05-04","금천","89","89","0","0","0"
"2025-05-04","기흥","234","234","0","0","0"
"2025-05-04","김포","194","194","0","0","0"
"2025-05-04","남동구","190","190","0","0","0"
"2025-05-04","남양주","144","144","0","0","0"
"2025-05-04","노원","193","193","0","0","0"
"2025-05-04","단원","94","94","0","0","0"
"2025-05-04","덕양","174","174","0","0","0"
"2025-05-04","도봉","104","104","0","0","0"
"2025-05-04","동구","17","17","0","0","0"
"2025-05-04","동대문","185","185","0","0","0"
"2025-05-04","동안","155","155","0","0","0"
"2025-05-04","동작","187","187","0","0","0"
"2025-05-04","마포","175","175","0","0","0"
"2025-05-04","만안","82","82","0","0","0"
"2025-05-04","미추홀","159","159","0","0","0"
"2025-05-04","부천가","161","161","0","0","0"
"2025-05-04","부천나","52","52","0","0","0"
"2025-05-04","부천다","158","158","0","0","0"
"2025-05-04","부평","244","244","0","0","0"
"2025-05-04","분당","184","184","0","0","0"
"2025-05-04","상록","104","104","0","0","0"
"2025-05-04","서구","295","295","0","0","0"
"2025-05-04","서대문","162","162","0","0","0"
"2025-05-04","서초가","72","72","0","0","0"
"2025-05-04","서초나","98","98","0","0","0"
"2025-05-04","성남","47","47","0","0","0"
"2025-05-04","성동","142","142","0","0","0"
"2025-05-04","성북","195","195","0","0","0"
"2025-05-04","송파","308","308","0","0","0"
"2025-05-04","수정","95","95","0","0","0"
"2025-05-04","수지","187","187","0","0","0"
"2025-05-04","시흥남","126","126","0","0","0"
"2025-05-04","시흥북","48","48","0","0","0"
"2025-05-04","아산가","55","55","0","0","0"
"2025-05-04","아산나","65","65","0","0","0"
"2025-05-04","양천","146","146","0","0","0"
"2025-05-04","연수","146","146","0","0","0"
"2025-05-04","영등포","214","214","0","0","0"
"2025-05-04","영통","208","208","0","0","0"
"2025-05-04","용산","101","101","0","0","0"
"2025-05-04","은평","206","206","0","0","0"
"2025-05-04","의정부","227","227","0","0","0"
"2025-05-04","인천중구","11","11","0","0","0"
"2025-05-04","일산동구","128","128","0","0","0"
"2025-05-04","일산서구","111","111","0","0","0"
"2025-05-04","장안","129","129","0","0","0"
"2025-05-04","종로","76","76","0","0","0"
"2025-05-04","중구","78","78","0","0","0"
"2025-05-04","중랑","157","157","0","0","0"
"2025-05-04","중원","79","79","0","0","0"
"2025-05-04","천안","233","233","0","0","0"
"2025-05-04","팔달","117","117","0","0","0"
"2025-05-04","하남","169","169","0","0","0"
"2025-05-04","화성가","80","80","0","0","0"
"2025-05-04","화성나","100","100","0","0","0"
"2025-05-04","화성다","99","99","0","0","0"
"2025-05-05","강남가","138","138","0","0","0"
"2025-05-05","강남나","65","65","0","0","0"
"2025-05-05","강동","188","188","0","0","0"
"2025-05-05","강북","71","71","0","0","0"
"2025-05-05","강서","231","231","0","0","0"
"2025-05-05","계양","71","71","0","0","0"
"2025-05-05","관악가","248","248","0","0","0"
"2025-05-05","광명","91","91","0","0","0"
"2025-05-05","광진","174","174","0","0","0"
"2025-05-05","구로","142","142","0","0","0"
"2025-05-05","구리","73","73","0","0","0"
"2025-05-05","군포","80","80","0","0","0"
"2025-05-05","권선","132","132","0","0","0"
"2025-05-05","금천","95","95","0","0","0"
"2025-05-05","기흥","153","153","0","0","0"
"2025-05-05","김포","133","133","0","0","0"
"2025-05-05","남동구","153","153","0","0","0"
"2025-05-05","남양주","100","100","0","0","0"
"2025-05-05","노원","195","195","0","0","0"
"2025-05-05","단원","70","70","0","0","0"
"2025-05-05","덕양","102","102","0","0","0"
"2025-05-05","도봉","103","103","0","0","0"
"2025-05-05","동구","17","17","0","0","0"
"2025-05-05","동대문","161","161","0","0","0"
"2025-05-05","동안","129","129","0","0","0"
"2025-05-05","동작","175","175","0","0","0"
"2025-05-05","마포","153","153","0","0","0"
"2025-05-05","만안","75","75","0","0","0"
"2025-05-05","미추홀","141","141","0","0","0"
"2025-05-05","부천가","128","128","0","0","0"
"2025-05-05","부천나","34","34","0","0","0"
"2025-05-05","부천다","102","102","0","0","0"
"2025-05-05","부평","172","172","0","0","0"
"2025-05-05","분당","146","146","0","0","0"
"2025-05-05","상록","52","52","0","0","0"
"2025-05-05","서구","195","195","0","0","0"
"2025-05-05","서대문","146","146","0","0","0"
"2025-05-05","서초가","58","58","0","0","0"
"2025-05-05","서초나","100","100","0","0","0"
"2025-05-05","성남","24","24","0","0","0"
"2025-05-05","성동","113","113","0","0","0"
"2025-05-05","성북","157","157","0","0","0"
"2025-05-05","송파","244","244","0","0","0"
"2025-05-05","수정","81","81","0","0","0"
"2025-05-05","수지","105","105","0","0","0"
"2025-05-05","시흥남","67","67","0","0","0"
"2025-05-05","시흥북","15","15","0","0","0"
"2025-05-05","아산가","28","28","0","0","0"
"2025-05-05","아산나","55","55","0","0","0"
"2025-05-05","양천","129","129","0","0","0"
"2025-05-05","연수","142","142","0","0","0"
"2025-05-05","영등포","170","170","0","0","0"
"2025-05-05","영통","144","144","0","0","0"
"2025-05-05","용산","82","82","0","0","0"
"2025-05-05","은평","185","185","0","0","0"
"2025-05-05","의정부","135","135","0","0","0"
"2025-05-05","인천중구","6","6","0","0","0"
"2025-05-05","일산동구","107","107","0","0","0"
"2025-05-05","일산서구","85","85","0","0","0"
"2025-05-05","장안","112","112","0","0","0"
"2025-05-05","종로","76","76","0","0","0"
"2025-05-05","중구","66","66","0","0","0"
"2025-05-05","중랑","119","119","0","0","0"
"2025-05-05","중원","75","75","0","0","0"
"2025-05-05","천안","204","204","0","0","0"
"2025-05-05","팔달","86","86","0","0","0"
"2025-05-05","하남","90","90","0","0","0"
"2025-05-05","화성가","34","34","0","0","0"
"2025-05-05","화성나","77","77","0","0","0"
"2025-05-05","화성다","72","72","0","0","0"
"2025-05-06","강남가","155","155","0","0","0"
"2025-05-06","강남나","60","60","0","0","0"
"2025-05-06","강동","218","218","0","0","0"
"2025-05-06","강북","108","108","0","0","0"
"2025-05-06","강서","297","297","0","0","0"
"2025-05-06","계양","123","123","0","0","0"
"2025-05-06","관악가","334","334","0","0","0"
"2025-05-06","광명","112","112","0","0","0"
"2025-05-06","광진","215","215","0","0","0"
"2025-05-06","구로","170","170","0","0","0"
"2025-05-06","구리","66","66","0","0","0"
"2025-05-06","군포","92","92","0","0","0"
"2025-05-06","권선","165","165","0","0","0"
"2025-05-06","금천","106","106","0","0","0"
"2025-05-06","기흥","135","135","0","0","0"
"2025-05-06","김포","147","147","0","0","0"
"2025-05-06","남동구","146","146","0","0","0"
"2025-05-06","남양주","108","108","0","0","0"
"2025-05-06","노원","180","180","0","0","0"
"2025-05-06","단원","91","91","0","0","0"
"2025-05-06","덕양","145","145","0","0","0"
"2025-05-06","도봉","121","121","0","0","0"
"2025-05-06","동구","13","13","0","0","0"
"2025-05-06","동대문","216","216","0","0","0"
"2025-05-06","동안","137","137","0","0","0"
"2025-05-06","동작","203","203","0","0","0"
"2025-05-06","마포","226","226","0","0","0"
"2025-05-06","만안","85","85","0","0","0"
"2025-05-06","미추홀","142","142","0","0","0"
"2025-05-06","부천가","116","116","0","0","0"
"2025-05-06","부천나","35","35","0","0","0"
"2025-05-06","부천다","120","120","0","0","0"
"2025-05-06","부평","189","189","0","0","0"
"2025-05-06","분당","166","166","0","0","0"
"2025-05-06","상록","83","83","0","0","0"
"2025-05-06","서구","240","240","0","0","0"
"2025-05-06","서대문","169","169","0","0","0"
"2025-05-06","서초가","80","80","0","0","0"
"2025-05-06","서초나","102","102","0","0","0"
"2025-05-06","성남","34","34","0","0","0"
"2025-05-06","성동","153","153","0","0","0"
"2025-05-06","성북","232","232","0","0","0"
"2025-05-06","송파","291","291","0","0","0"
"2025-05-06","수정","85","85","0","0","0"
"2025-05-06","수지","145","145","0","0","0"
"2025-05-06","시흥남","93","93","0","0","0"
"2025-05-06","시흥북","31","31","0","0","0"
"2025-05-06","아산가","50","50","0","0","0"
"2025-05-06","아산나","51","51","0","0","0"
"2025-05-06","양천","191","191","0","0","0"
"2025-05-06","연수","168","168","0","0","0"
"2025-05-06","영등포","257","257","0","0","0"
"2025-05-06","영통","203","203","0","0","0"
"2025-05-06","용산","122","122","0","0","0"
"2025-05-06","은평","191","191","0","0","0"
"2025-05-06","의정부","186","186","0","0","0"
"2025-05-06","인천중구","2","2","0","0","0"
"2025-05-06","일산동구","145","145","0","0","0"
"2025-05-06","일산서구","94","94","0","0","0"
"2025-05-06","장안","154","154","0","0","0"
"2025-05-06","종로","78","78","0","0","0"
"2025-05-06","중구","63","63","0","0","0"
"2025-05-06","중랑","166","166","0","0","0"
"2025-05-06","중원","86","86","0","0","0"
"2025-05-06","천안","235","235","0","0","0"
"2025-05-06","팔달","99","99","0","0","0"
"2025-05-06","하남","122","122","0","0","0"
"2025-05-06","화성가","69","69","0","0","0"
"2025-05-06","화성나","107","107","0","0","0"
"2025-05-06","화성다","78","78","0","0","0"
"2025-05-07","강남","148","0","148","0","0"
"2025-05-07","강남가","257","183","10","37","27"
"2025-05-07","강남나","113","87","0","13","13"
"2025-05-07","강동","409","264","93","30","22"
"2025-05-07","강북","152","104","29","13","6"
"2025-05-07","강서","521","361","102","30","28"
"2025-05-07","계양","160","123","21","12","4"
"2025-05-07","관악","64","0","64","0","0"
"2025-05-07","관악가","486","432","2","27","25"
"2025-05-07","광명","172","125","24","17","6"
"2025-05-07","광진","392","279","61","24","28"
"2025-05-07","구로","328","228","52","25","23"
"2025-05-07","구리","151","108","28","6","9"
"2025-05-07","군포","152","99","36","14","3"
"2025-05-07","권선","281","206","45","14","16"
"2025-05-07","금천","214","150","34","21","9"
"2025-05-07","기흥","307","195","72","24","16"
"2025-05-07","김포","245","161","55","17","12"
"2025-05-07","남동구","239","216","0","16","7"
"2025-05-07","남양주","202","137","34","17","14"
"2025-05-07","노원","347","224","74","27","22"
"2025-05-07","단원","135","123","0","8","4"
"2025-05-07","덕양","272","192","52","16","12"
"2025-05-07","도봉","206","132","50","14","10"
"2025-05-07","동구","12","10","0","2","0"
"2025-05-07","동대문","344","262","42","25","15"
"2025-05-07","동안","268","173","50","23","22"
"2025-05-07","동작","400","290","60","25","25"
"2025-05-07","마포","406","275","70","35","26"
"2025-05-07","만안","155","116","19","12","8"
"2025-05-07","미추홀","203","185","2","15","1"
"2025-05-07","부천","90","0","90","0","0"
"2025-05-07","부천가","201","169","2","14","16"
"2025-05-07","부천나","66","61","0","5","0"
"2025-05-07","부천다","164","140","3","12","9"
"2025-05-07","부평","324","248","38","18","20"
"2025-05-07","분당","368","221","95","27","25"
"2025-05-07","상록","173","167","0","4","2"
"2025-05-07","서구","341","302","0","34","5"
"2025-05-07","서대문","298","210","50","24","14"
"2025-05-07","서초","114","0","114","0","0"
"2025-05-07","서초가","112","79","4","15","14"
"2025-05-07","서초나","159","115","5","22","17"
"2025-05-07","성남","95","55","21","10","9"
"2025-05-07","성동","253","158","57","22","16"
"2025-05-07","성북","380","273","70","23","14"
"2025-05-07","송파","602","374","148","54","26"
"2025-05-07","수정","165","117","35","5","8"
"2025-05-07","수지","327","178","97","30","22"
"2025-05-07","시흥남","162","144","0","14","4"
"2025-05-07","시흥북","43","40","0","3","0"
"2025-05-07","아산가","66","61","0","4","1"
"2025-05-07","아산나","97","85","0","8","4"
"2025-05-07","양천","281","183","66","17","15"
"2025-05-07","연수","232","202","0","19","11"
"2025-05-07","영등포","441","296","85","37","23"
"2025-05-07","영통","356","247","68","28","13"
"2025-05-07","용산","192","132","47","8","5"
"2025-05-07","은평","350","262","45","30","13"
"2025-05-07","의정부","322","231","57","20","14"
"2025-05-07","인천중구","10","6","0","3","1"
"2025-05-07","일산동구","204","127","57","7","13"
"2025-05-07","일산서구","188","134","28","14","12"
"2025-05-07","장안","219","155","32","14","18"
"2025-05-07","종로","164","116","35","8","5"
"2025-05-07","중구","150","87","36","12","15"
"2025-05-07","중랑","287","204","52","19","12"
"2025-05-07","중원","131","97","23","7","4"
"2025-05-07","천안","346","310","0","31","5"
"2025-05-07","팔달","153","105","25","14","9"
"2025-05-07","하남","254","155","51","22","26"
"2025-05-07","화성","90","0","90","0","0"
"2025-05-07","화성가","86","80","2","0","4"
"2025-05-07","화성나","160","121","3","25","11"
"2025-05-07","화성다","125","94","4","16","11"
"2025-05-08","강남","58","0","58","0","0"
"2025-05-08","강남가","231","197","0","19","15"
"2025-05-08","강남나","90","81","0","5","4"
"2025-05-08","강동","326","290","16","15","5"
"2025-05-08","강북","168","148","15","1","4"
"2025-05-08","강서","472","414","31","17","10"
"2025-05-08","계양","150","136","12","2","0"
"2025-05-08","관악","31","0","31","0","0"
"2025-05-08","관악가","482","461","0","10","11"
"2025-05-08","광명","152","129","13","8","2"
"2025-05-08","광진","303","271","19","6","7"
"2025-05-08","구로","250","215","19","7","9"
"2025-05-08","구리","149","132","11","5","1"
"2025-05-08","군포","152","136","11","5","0"
"2025-05-08","권선","231","191","20","13","7"
"2025-05-08","금천","181","161","14","4","2"
"2025-05-08","기흥","266","223","25","10","8"
"2025-05-08","김포","203","180","15","6","2"
"2025-05-08","남동구","196","188","0","6","2"
"2025-05-08","남양주","162","137","8","14","3"
"2025-05-08","노원","314","286","12","11","5"
"2025-05-08","단원","147","138","0","7","2"
"2025-05-08","덕양","226","197","14","10","5"
"2025-05-08","도봉","170","151","11","4","4"
"2025-05-08","동구","25","22","0","0","3"
"2025-05-08","동대문","307","270","19","14","4"
"2025-05-08","동안","241","209","17","11","4"
"2025-05-08","동작","303","282","11","7","3"
"2025-05-08","마포","313","267","23","15","8"
"2025-05-08","만안","124","105","9","6","4"
"2025-05-08","미추홀","208","204","0","3","1"
"2025-05-08","부천","19","0","19","0","0"
"2025-05-08","부천가","178","163","0","12","3"
"2025-05-08","부천나","66","64","0","1","1"
"2025-05-08","부천다","182","173","0","5","4"
"2025-05-08","부평","270","236","16","12","6"
"2025-05-08","분당","288","246","20","17","5"
"2025-05-08","상록","133","128","0","4","1"
"2025-05-08","서구","346","326","0","17","3"
"2025-05-08","서대문","272","236","22","9","5"
"2025-05-08","서초","33","0","33","0","0"
"2025-05-08","서초가","136","122","0","10","4"
"2025-05-08","서초나","133","121","1","6","5"
"2025-05-08","성남","25","19","6","0","0"
"2025-05-08","성동","186","154","15","12","5"
"2025-05-08","성북","314","277","18","13","6"
"2025-05-08","송파","460","392","41","23","4"
"2025-05-08","수정","116","105","6","2","3"
"2025-05-08","수지","243","195","26","15","7"
"2025-05-08","시흥남","120","111","0","9","0"
"2025-05-08","시흥북","45","45","0","0","0"
"2025-05-08","아산가","56","54","0","1","1"
"2025-05-08","아산나","84","78","0","6","0"
"2025-05-08","양천","219","189","13","12","5"
"2025-05-08","연수","206","195","0","9","2"
"2025-05-08","영등포","362","322","21","11","8"
"2025-05-08","영통","286","239","24","17","6"
"2025-05-08","용산","147","113","22","9","3"
"2025-05-08","은평","287","252","26","7","2"
"2025-05-08","의정부","267","242","15","8","2"
"2025-05-08","인천중구","9","9","0","0","0"
"2025-05-08","일산동구","174","144","13","12","5"
"2025-05-08","일산서구","150","131","10","7","2"
"2025-05-08","장안","180","160","8","10","2"
"2025-05-08","종로","119","107","8","3","1"
"2025-05-08","중구","123","87","22","7","7"
"2025-05-08","중랑","274","247","15","6","6"
"2025-05-08","중원","127","115","4","6","2"
"2025-05-08","천안","338","329","0","7","2"
"2025-05-08","팔달","166","149","10","3","4"
"2025-05-08","하남","184","156","19","7","2"
"2025-05-08","화성","28","0","28","0","0"
"2025-05-08","화성가","94","91","0","2","1"
"2025-05-08","화성나","134","122","0","7","5"
"2025-05-08","화성다","127","121","2","1","3"
"2025-05-09","강남","50","0","50","0","0"
"2025-05-09","강남가","252","217","0","22","13"
"2025-05-09","강남나","98","85","0","8","5"
"2025-05-09","강동","309","267","22","17","3"
"2025-05-09","강북","167","143","17","6","1"
"2025-05-09","강서","485","424","30","17","14"
"2025-05-09","계양","155","136","10","8","1"
"2025-05-09","관악","22","0","22","0","0"
"2025-05-09","관악가","472","450","0","10","12"
"2025-05-09","광명","189","168","17","2","2"
"2025-05-09","광진","325","290","23","7","5"
"2025-05-09","구로","269","234","17","12","6"
"2025-05-09","구리","116","100","11","4","1"
"2025-05-09","군포","169","161","4","3","1"
"2025-05-09","권선","244","214","18","9","3"
"2025-05-09","금천","184","161","16","4","3"
"2025-05-09","기흥","245","195","35","10","5"
"2025-05-09","김포","241","201","25","13","2"
"2025-05-09","남동구","225","219","0","4","2"
"2025-05-09","남양주","156","131","14","4","7"
"2025-05-09","노원","300","266","24","4","6"
"2025-05-09","단원","116","112","0","3","1"
"2025-05-09","덕양","216","192","16","5","3"
"2025-05-09","도봉","177","146","16","10","5"
"2025-05-09","동구","23","23","0","0","0"
"2025-05-09","동대문","297","265","19","6","7"
"2025-05-09","동안","230","198","17","12","3"
"2025-05-09","동작","348","300","27","13","8"
"2025-05-09","마포","314","264","33","11","6"
"2025-05-09","만안","127","111","8","6","2"
"2025-05-09","미추홀","209","197","0","10","2"
"2025-05-09","부천","40","0","40","0","0"
"2025-05-09","부천가","201","192","0","7","2"
"2025-05-09","부천나","79","75","0","2","2"
"2025-05-09","부천다","139","129","0","7","3"
"2025-05-09","부평","299","269","20","5","5"
"2025-05-09","분당","279","227","27","18","7"
"2025-05-09","상록","150","146","0","4","0"
"2025-05-09","서구","353","335","0","16","2"
"2025-05-09","서대문","289","256","21","8","4"
"2025-05-09","서초","40","0","40","0","0"
"2025-05-09","서초가","120","108","0","6","6"
"2025-05-09","서초나","160","137","0","13","10"
"2025-05-09","성남","19","10","9","0","0"
"2025-05-09","성동","217","182","22","6","7"
"2025-05-09","성북","316","264","29","16","7"
"2025-05-09","송파","467","378","47","27","15"
"2025-05-09","수정","136","121","11","2","2"
"2025-05-09","수지","246","198","34","7","7"
"2025-05-09","시흥남","148","146","0","2","0"
"2025-05-09","시흥북","52","51","0","1","0"
"2025-05-09","아산가","51","51","0","0","0"
"2025-05-09","아산나","72","68","0","3","1"
"2025-05-09","양천","235","199","20","11","5"
"2025-05-09","연수","218","205","0","10","3"
"2025-05-09","영등포","363","316","27","13","7"
"2025-05-09","영통","282","241","21","14","6"
"2025-05-09","용산","144","113","14","12","5"
"2025-05-09","은평","332","284","26","16","6"
"2025-05-09","의정부","261","238","12","7","4"
"2025-05-09","인천중구","11","11","0","0","0"
"2025-05-09","일산동구","194","155","21","15","3"
"2025-05-09","일산서구","152","131","10","6","5"
"2025-05-09","장안","176","154","14","8","0"
"2025-05-09","종로","91","72","14","2","3"
"2025-05-09","중구","102","72","16","7","7"
"2025-05-09","중랑","276","244","21","6","5"
"2025-05-09","중원","133","120","10","3","0"
"2025-05-09","천안","331","321","0","8","2"
"2025-05-09","팔달","167","148","9","7","3"
"2025-05-09","하남","216","180","20","10","6"
"2025-05-09","화성","50","0","50","0","0"
"2025-05-09","화성가","76","70","0","2","4"
"2025-05-09","화성나","144","134","0","6","4"
"2025-05-09","화성다","129","115","0","10","4"
"2025-05-10","강남","12","0","12","0","0"
"2025-05-10","강남가","147","147","0","0","0"
"2025-05-10","강남나","73","73","0","0","0"
"2025-05-10","강동","222","215","7","0","0"
"2025-05-10","강북","122","121","1","0","0"
"2025-05-10","강서","267","256","11","0","0"
"2025-05-10","계양","91","87","4","0","0"
"2025-05-10","관악","4","0","4","0","0"
"2025-05-10","관악가","301","301","0","0","0"
"2025-05-10","광명","107","104","3","0","0"
"2025-05-10","광진","199","190","9","0","0"
"2025-05-10","구로","160","158","2","0","0"
"2025-05-10","구리","95","94","1","0","0"
"2025-05-10","군포","86","83","3","0","0"
"2025-05-10","권선","142","141","1","0","0"
"2025-05-10","금천","82","78","4","0","0"
"2025-05-10","기흥","166","162","4","0","0"
"2025-05-10","김포","152","149","3","0","0"
"2025-05-10","남동구","152","152","0","0","0"
"2025-05-10","남양주","130","128","2","0","0"
"2025-05-10","노원","187","181","6","0","0"
"2025-05-10","단원","104","104","0","0","0"
"2025-05-10","덕양","126","125","1","0","0"
"2025-05-10","도봉","116","115","1","0","0"
"2025-05-10","동구","18","18","0","0","0"
"2025-05-10","동대문","187","183","4","0","0"
"2025-05-10","동안","136","135","1","0","0"
"2025-05-10","동작","211","202","9","0","0"
"2025-05-10","마포","185","172","13","0","0"
"2025-05-10","만안","60","56","4","0","0"
"2025-05-10","미추홀","143","143","0","0","0"
"2025-05-10","부천","3","0","3","0","0"
"2025-05-10","부천가","119","119","0","0","0"
"2025-05-10","부천나","62","62","0","0","0"
"2025-05-10","부천다","125","125","0","0","0"
"2025-05-10","부평","209","207","2","0","0"
"2025-05-10","분당","192","188","4","0","0"
"2025-05-10","상록","95","95","0","0","0"
"2025-05-10","서구","230","230","0","0","0"
"2025-05-10","서대문","159","153","6","0","0"
"2025-05-10","서초","8","0","8","0","0"
"2025-05-10","서초가","76","76","0","0","0"
"2025-05-10","서초나","94","94","0","0","0"
"2025-05-10","성남","10","10","0","0","0"
"2025-05-10","성동","131","127","4","0","0"
"2025-05-10","성북","172","168","4","0","0"
"2025-05-10","송파","281","267","14","0","0"
"2025-05-10","수정","82","79","3","0","0"
"2025-05-10","수지","125","118","7","0","0"
"2025-05-10","시흥남","103","103","0","0","0"
"2025-05-10","시흥북","37","37","0","0","0"
"2025-05-10","아산가","29","29","0","0","0"
"2025-05-10","아산나","72","72","0","0","0"
"2025-05-10","양천","159","154","5","0","0"
"2025-05-10","연수","127","127","0","0","0"
"2025-05-10","영등포","206","200","6","0","0"
"2025-05-10","영통","167","165","2","0","0"
"2025-05-10","용산","88","81","7","0","0"
"2025-05-10","은평","180","178","2","0","0"
"2025-05-10","의정부","186","184","2","0","0"
"2025-05-10","인천중구","7","7","0","0","0"
"2025-05-10","일산동구","99","95","4","0","0"
"2025-05-10","일산서구","115","114","1","0","0"
"2025-05-10","장안","100","100","0","0","0"
"2025-05-10","종로","59","55","4","0","0"
"2025-05-10","중구","68","63","5","0","0"
"2025-05-10","중랑","184","177","7","0","0"
"2025-05-10","중원","79","78","1","0","0"
"2025-05-10","천안","200","200","0","0","0"
"2025-05-10","팔달","90","89","1","0","0"
"2025-05-10","하남","138","134","4","0","0"
"2025-05-10","화성","1","0","1","0","0"
"2025-05-10","화성가","67","67","0","0","0"
"2025-05-10","화성나","85","85","0","0","0"
"2025-05-10","화성다","83","83","0","0","0"
"2025-05-11","강남가","139","139","0","0","0"
"2025-05-11","강남나","60","60","0","0","0"
"2025-05-11","강동","194","194","0","0","0"
"2025-05-11","강북","119","119","0","0","0"
"2025-05-11","강서","248","248","0","0","0"
"2025-05-11","계양","113","113","0","0","0"
"2025-05-11","관악가","322","322","0","0","0"
"2025-05-11","광명","126","126","0","0","0"
"2025-05-11","광진","204","204","0","0","0"
"2025-05-11","구로","142","142","0","0","0"
"2025-05-11","구리","68","68","0","0","0"
"2025-05-11","군포","93","93","0","0","0"
"2025-05-11","권선","145","145","0","0","0"
"2025-05-11","금천","106","106","0","0","0"
"2025-05-11","기흥","158","158","0","0","0"
"2025-05-11","김포","146","146","0","0","0"
"2025-05-11","남동구","166","166","0","0","0"
"2025-05-11","남양주","109","109","0","0","0"
"2025-05-11","노원","203","203","0","0","0"
"2025-05-11","단원","131","131","0","0","0"
"2025-05-11","덕양","135","135","0","0","0"
"2025-05-11","도봉","82","82","0","0","0"
"2025-05-11","동구","22","22","0","0","0"
"2025-05-11","동대문","187","187","0","0","0"
"2025-05-11","동안","157","157","0","0","0"
"2025-05-11","동작","215","215","0","0","0"
"2025-05-11","마포","218","218","0","0","0"
"2025-05-11","만안","98","98","0","0","0"
"2025-05-11","미추홀","175","175","0","0","0"
"2025-05-11","부천가","166","166","0","0","0"
"2025-05-11","부천나","64","64","0","0","0"
"2025-05-11","부천다","129","129","0","0","0"
"2025-05-11","부평","174","174","0","0","0"
"2025-05-11","분당","227","227","0","0","0"
"2025-05-11","상록","97","97","0","0","0"
"2025-05-11","서구","209","209","0","0","0"
"2025-05-11","서대문","148","148","0","0","0"
"2025-05-11","서초가","56","56","0","0","0"
"2025-05-11","서초나","79","79","0","0","0"
"2025-05-11","성남","9","9","0","0","0"
"2025-05-11","성동","119","119","0","0","0"
"2025-05-11","성북","189","189","0","0","0"
"2025-05-11","송파","291","291","0","0","0"
"2025-05-11","수정","105","105","0","0","0"
"2025-05-11","수지","156","156","0","0","0"
"2025-05-11","시흥남","130","130","0","0","0"
"2025-05-11","시흥북","41","41","0","0","0"
"2025-05-11","아산가","46","46","0","0","0"
"2025-05-11","아산나","55","55","0","0","0"
"2025-05-11","양천","145","145","0","0","0"
"2025-05-11","연수","159","159","0","0","0"
"2025-05-11","영등포","182","182","0","0","0"
"2025-05-11","영통","213","213","0","0","0"
"2025-05-11","용산","97","97","0","0","0"
"2025-05-11","은평","173","173","0","0","0"
"2025-05-11","의정부","186","186","0","0","0"
"2025-05-11","인천중구","12","12","0","0","0"
"2025-05-11","일산동구","145","145","0","0","0"
"2025-05-11","일산서구","106","106","0","0","0"
"2025-05-11","장안","129","129","0","0","0"
"2025-05-11","종로","50","50","0","0","0"
"2025-05-11","중구","65","65","0","0","0"
"2025-05-11","중랑","182","182","0","0","0"
"2025-05-11","중원","79","79","0","0","0"
"2025-05-11","천안","251","251","0","0","0"
"2025-05-11","팔달","115","115","0","0","0"
"2025-05-11","하남","107","107","0","0","0"
"2025-05-11","화성가","79","79","0","0","0"
"2025-05-11","화성나","111","111","0","0","0"
"2025-05-11","화성다","91","91","0","0","0"
"2025-05-12","강남","112","0","112","0","0"
"2025-05-12","강남가","287","193","0","59","35"
"2025-05-12","강남나","101","63","1","27","10"
"2025-05-12","강동","386","281","44","47","14"
"2025-05-12","강북","190","153","19","9","9"
"2025-05-12","강서","482","349","50","71","12"
"2025-05-12","계양","159","120","15","17","7"
"2025-05-12","관악","51","0","51","0","0"
"2025-05-12","관악가","488","414","0","48","26"
"2025-05-12","광명","180","135","14","21","10"
"2025-05-12","광진","333","255","31","27","20"
"2025-05-12","구로","278","212","29","28","9"
"2025-05-12","구리","118","86","13","13","6"
"2025-05-12","군포","179","134","25","16","4"
"2025-05-12","권선","215","167","20","21","7"
"2025-05-12","금천","176","141","14","18","3"
"2025-05-12","기흥","281","190","37","37","17"
"2025-05-12","김포","218","151","33","22","12"
"2025-05-12","남동구","234","207","0","21","6"
"2025-05-12","남양주","193","136","28","21","8"
"2025-05-12","노원","309","241","35","28","5"
"2025-05-12","단원","130","117","0","11","2"
"2025-05-12","덕양","225","176","21","21","7"
"2025-05-12","도봉","192","143","27","15","7"
"2025-05-12","동구","15","11","0","3","1"
"2025-05-12","동대문","338","263","29","33","13"
"2025-05-12","동안","276","190","36","35","15"
"2025-05-12","동작","340","251","38","36","15"
"2025-05-12","마포","395","283","43","45","24"
"2025-05-12","만안","142","94","26","12","10"
"2025-05-12","미추홀","200","174","1","21","4"
"2025-05-12","부천","62","0","62","0","0"
"2025-05-12","부천가","197","165","1","22","9"
"2025-05-12","부천나","88","76","0","6","6"
"2025-05-12","부천다","182","152","0","21","9"
"2025-05-12","부평","300","228","33","33","6"
"2025-05-12","분당","372","247","45","60","20"
"2025-05-12","상록","151","134","0","16","1"
"2025-05-12","서구","306","256","0","39","11"
"2025-05-12","서대문","274","211","26","26","11"
"2025-05-12","서초","74","0","74","0","0"
"2025-05-12","서초가","129","93","0","20","16"
"2025-05-12","서초나","160","121","0","23","16"
"2025-05-12","성남","29","15","13","0","1"
"2025-05-12","성동","228","139","40","35","14"
"2025-05-12","성북","304","219","38","33","14"
"2025-05-12","송파","556","396","69","69","22"
"2025-05-12","수정","179","142","23","10","4"
"2025-05-12","수지","302","201","43","43","15"
"2025-05-12","시흥남","139","124","0","13","2"
"2025-05-12","시흥북","54","48","0","6","0"
"2025-05-12","아산가","43","37","0","5","1"
"2025-05-12","아산나","90","75","0","11","4"
"2025-05-12","양천","269","192","31","29","17"
"2025-05-12","연수","232","201","0","27","4"
"2025-05-12","영등포","312","220","46","30","16"
"2025-05-12","영통","346","229","48","46","23"
"2025-05-12","용산","188","122","36","23","7"
"2025-05-12","은평","323","246","38","32","7"
"2025-05-12","의정부","267","195","37","27","8"
"2025-05-12","인천중구","11","10","0","1","0"
"2025-05-12","일산동구","194","138","24","19","13"
"2025-05-12","일산서구","173","111","35","16","11"
"2025-05-12","장안","181","141","14","17","9"
"2025-05-12","종로","132","105","12","14","1"
"2025-05-12","중구","118","79","16","18","5"
"2025-05-12","중랑","274","205","24","35","10"
"2025-05-12","중원","128","106","9","9","4"
"2025-05-12","천안","334","285","0","36","13"
"2025-05-12","팔달","146","113","13","13","7"
"2025-05-12","하남","243","159","44","24","16"
"2025-05-12","화성","56","0","56","0","0"
"2025-05-12","화성가","79","57","1","12","9"
"2025-05-12","화성나","152","124","0","20","8"
"2025-05-12","화성다","144","116","0","22","6"
"2025-05-13","강남","51","0","51","0","0"
"2025-05-13","강남가","276","237","0","29","10"
"2025-05-13","강남나","109","94","1","9","5"
"2025-05-13","강동","402","339","28","29","6"
"2025-05-13","강북","161","136","12","11","2"
"2025-05-13","강서","523","431","45","33","14"
"2025-05-13","계양","154","135","9","9","1"
"2025-05-13","관악","31","0","31","0","0"
"2025-05-13","관악가","467","446","0","13","8"
"2025-05-13","광명","218","178","20","17","3"
"2025-05-13","광진","384","328","27","19","10"
"2025-05-13","구로","304","250","27","18","9"
"2025-05-13","구리","141","126","9","3","3"
"2025-05-13","군포","143","117","13","12","1"
"2025-05-13","권선","223","187","22","10","4"
"2025-05-13","금천","222","195","13","10","4"
"2025-05-13","기흥","264","227","20","12","5"
"2025-05-13","김포","239","198","19","17","5"
"2025-05-13","남동구","243","221","0","14","8"
"2025-05-13","남양주","210","163","23","19","5"
"2025-05-13","노원","324","278","19","22","5"
"2025-05-13","단원","178","165","0","9","4"
"2025-05-13","덕양","253","210","18","22","3"
"2025-05-13","도봉","205","177","15","11","2"
"2025-05-13","동구","13","12","0","1","0"
"2025-05-13","동대문","354","304","20","22","8"
"2025-05-13","동안","249","204","20","22","3"
"2025-05-13","동작","353","302","22","26","3"
"2025-05-13","마포","420","360","29","28","3"
"2025-05-13","만안","165","143","13","7","2"
"2025-05-13","미추홀","255","242","0","11","2"
"2025-05-13","부천","31","0","31","0","0"
"2025-05-13","부천가","189","172","0","12","5"
"2025-05-13","부천나","103","95","0","5","3"
"2025-05-13","부천다","193","176","1","15","1"
"2025-05-13","부평","323","279","20","20","4"
"2025-05-13","분당","318","259","24","30","5"
"2025-05-13","상록","159","147","0","11","1"
"2025-05-13","서구","390","364","0","23","3"
"2025-05-13","서대문","309","271","17","17","4"
"2025-05-13","서초","43","0","43","0","0"
"2025-05-13","서초가","127","114","0","12","1"
"2025-05-13","서초나","151","127","0","17","7"
"2025-05-13","성남","28","16","10","2","0"
"2025-05-13","성동","243","195","26","19","3"
"2025-05-13","성북","347","283","30","24","10"
"2025-05-13","송파","566","462","46","39","19"
"2025-05-13","수정","178","150","11","13","4"
"2025-05-13","수지","293","249","23","17","4"
"2025-05-13","시흥남","184","168","0","14","2"
"2025-05-13","시흥북","67","61","0","5","1"
"2025-05-13","아산가","59","58","0","1","0"
"2025-05-13","아산나","76","71","0","4","1"
"2025-05-13","양천","280","233","16","25","6"
"2025-05-13","연수","221","205","0","15","1"
"2025-05-13","영등포","440","369","39","25","7"
"2025-05-13","영통","364","304","26","26","8"
"2025-05-13","용산","161","132","17","9","3"
"2025-05-13","은평","378","322","25","26","5"
"2025-05-13","의정부","298","261","19","14","4"
"2025-05-13","인천중구","13","11","0","2","0"
"2025-05-13","일산동구","167","141","12","11","3"
"2025-05-13","일산서구","174","153","8","7","6"
"2025-05-13","장안","203","174","20","7","2"
"2025-05-13","종로","116","93","14","7","2"
"2025-05-13","중구","138","107","16","10","5"
"2025-05-13","중랑","321","280","21","11","9"
"2025-05-13","중원","167","144","14","4","5"
"2025-05-13","천안","350","317","0","32","1"
"2025-05-13","팔달","201","184","8","8","1"
"2025-05-13","하남","239","203","13","19","4"
"2025-05-13","화성","42","0","42","0","0"
"2025-05-13","화성가","89","84","1","4","0"
"2025-05-13","화성나","172","155","0","15","2"
"2025-05-13","화성다","128","115","0","8","5"
"2025-05-14","강남","56","0","56","0","0"
"2025-05-14","강남가","275","228","0","38","9"
"2025-05-14","강남나","122","105","1","11","5"
"2025-05-14","강동","424","351","40","25","8"
"2025-05-14","강북","201","174","14","9","4"
"2025-05-14","강서","556","468","48","30","10"
"2025-05-14","계양","156","137","10","8","1"
"2025-05-14","관악","41","0","41","0","0"
"2025-05-14","관악가","580","543","1","23","13"
"2025-05-14","광명","209","182","19","7","1"
"2025-05-14","광진","426","354","36","24","12"
"2025-05-14","구로","374","323","23","23","5"
"2025-05-14","구리","148","124","12","9","3"
"2025-05-14","군포","165","141","15","8","1"
"2025-05-14","권선","279","235","25","14","5"
"2025-05-14","금천","259","230","15","11","3"
"2025-05-14","기흥","277","228","26","18","5"
"2025-05-14","김포","249","214","18","14","3"
"2025-05-14","남동구","262","245","0","15","2"
"2025-05-14","남양주","245","202","17","20","6"
"2025-05-14","노원","347","292","27","20","8"
"2025-05-14","단원","169","158","0","10","1"
"2025-05-14","덕양","250","208","16","20","6"
"2025-05-14","도봉","228","193","16","12","7"
"2025-05-14","동구","31","30","0","1","0"
"2025-05-14","동대문","410","364","28","15","3"
"2025-05-14","동안","286","238","23","17","8"
"2025-05-14","동작","415","369","27","14","5"
"2025-05-14","마포","424","350","40","28","6"
"2025-05-14","만안","149","122","12","13","2"
"2025-05-14","미추홀","254","244","1","9","0"
"2025-05-14","부천","29","0","29","0","0"
"2025-05-14","부천가","214","202","2","9","1"
"2025-05-14","부천나","97","93","0","4","0"
"2025-05-14","부천다","201","187","0","11","3"
"2025-05-14","부평","331","294","22","11","4"
"2025-05-14","분당","375","317","21","25","12"
"2025-05-14","상록","161","157","0","4","0"
"2025-05-14","서구","412","385","0","25","2"
"2025-05-14","서대문","347","301","23","16","7"
"2025-05-14","서초","41","0","41","0","0"
"2025-05-14","서초가","140","121","0","15","4"
"2025-05-14","서초나","120","99","0","14","7"
"2025-05-14","성남","23","13","8","2","0"
"2025-05-14","성동","265","217","17","25","6"
"2025-05-14","성북","407","354","34","10","9"
"2025-05-14","송파","580","473","56","37","14"
"2025-05-14","수정","194","165","15","13","1"
"2025-05-14","수지","302","250","21","26","5"
"2025-05-14","시흥남","210","202","0","6","2"
"2025-05-14","시흥북","67","64","0","3","0"
"2025-05-14","아산가","68","63","0","5","0"
"2025-05-14","아산나","121","114","0","6","1"
"2025-05-14","양천","328","275","23","18","12"
"2025-05-14","연수","301","278","0","18","5"
"2025-05-14","영등포","469","402","35","24","8"
"2025-05-14","영통","371","313","22","32","4"
"2025-05-14","용산","207","167","28","9","3"
"2025-05-14","은평","415","364","26","16","9"
"2025-05-14","의정부","366","322","27","11","6"
"2025-05-14","인천중구","9","9","0","0","0"
"2025-05-14","일산동구","209","172","19","17","1"
"2025-05-14","일산서구","187","144","21","17","5"
"2025-05-14","장안","212","180","12","15","5"
"2025-05-14","종로","133","108","11","10","4"
"2025-05-14","중구","143","101","17","18","7"
"2025-05-14","중랑","334","284","27","19","4"
"2025-05-14","중원","161","140","16","3","2"
"2025-05-14","천안","404","373","0","26","5"
"2025-05-14","팔달","174","148","11","13","2"
"2025-05-14","하남","247","205","25","14","3"
"2025-05-14","화성","56","0","56","0","0"
"2025-05-14","화성가","96","91","1","2","2"
"2025-05-14","화성나","186","167","0","17","2"
"2025-05-14","화성다","144","129","1","9","5"
"2025-05-15","강남","58","2","56","0","0"
"2025-05-15","강남가","304","240","0","37","27"
"2025-05-15","강남나","143","111","0","23","9"
"2025-05-15","강동","453","362","30","35","26"
"2025-05-15","강북","228","201","9","13","5"
"2025-05-15","강서","631","532","37","35","27"
"2025-05-15","계양","212","189","9","12","2"
"2025-05-15","관악","35","0","35","0","0"
"2025-05-15","관악가","576","541","1","29","5"
"2025-05-15","광명","248","209","16","18","5"
"2025-05-15","광진","405","342","24","32","7"
"2025-05-15","구로","359","309","26","10","14"
"2025-05-15","구리","146","129","8","7","2"
"2025-05-15","군포","166","139","13","10","4"
"2025-05-15","권선","295","256","17","15","7"
"2025-05-15","금천","226","205","10","9","2"
"2025-05-15","기흥","343","278","26","20","19"
"2025-05-15","김포","328","266","20","19","23"
"2025-05-15","남동구","293","264","0","17","12"
"2025-05-15","남양주","231","190","13","18","10"
"2025-05-15","노원","363","311","24","16","12"
"2025-05-15","단원","205","191","0","10","4"
"2025-05-15","덕양","309","259","15","27","8"
"2025-05-15","도봉","228","195","20","11","2"
"2025-05-15","동구","38","37","0","1","0"
"2025-05-15","동대문","385","333","22","20","10"
"2025-05-15","동안","296","243","16","27","10"
"2025-05-15","동작","406","341","27","29","9"
"2025-05-15","마포","468","372","41","32","23"
"2025-05-15","만안","188","157","18","10","3"
"2025-05-15","미추홀","269","247","0","16","6"
"2025-05-15","부천","35","0","35","0","0"
"2025-05-15","부천가","252","222","0","19","11"
"2025-05-15","부천나","81","77","0","3","1"
"2025-05-15","부천다","219","199","2","12","6"
"2025-05-15","부평","374","325","17","21","11"
"2025-05-15","분당","380","279","34","42","25"
"2025-05-15","상록","203","191","0","6","6"
"2025-05-15","서구","423","383","0","19","21"
"2025-05-15","서대문","329","279","17","22","11"
"2025-05-15","서초","30","0","30","0","0"
"2025-05-15","서초가","155","122","0","17","16"
"2025-05-15","서초나","179","157","0","10","12"
"2025-05-15","성남","9","2","7","0","0"
"2025-05-15","성동","266","210","22","27","7"
"2025-05-15","성북","418","355","21","26","16"
"2025-05-15","송파","614","490","42","53","29"
"2025-05-15","수정","171","152","10","6","3"
"2025-05-15","수정가","14","10","0","4","0"
"2025-05-15","수지","307","227","27","31","22"
"2025-05-15","시흥남","184","172","0","10","2"
"2025-05-15","시흥북","70","64","0","2","4"
"2025-05-15","아산가","95","90","0","3","2"
"2025-05-15","아산나","128","110","0","13","5"
"2025-05-15","양천","344","272","27","26","19"
"2025-05-15","연수","299","259","0","32","8"
"2025-05-15","영등포","464","376","40","34","14"
"2025-05-15","영통","453","382","30","30","11"
"2025-05-15","용산","196","142","15","29","10"
"2025-05-15","은평","423","359","27","21","16"
"2025-05-15","의정부","368","319","15","27","7"
"2025-05-15","인천중구","10","9","0","1","0"
"2025-05-15","일산동구","209","175","14","13","7"
"2025-05-15","일산서구","218","181","9","14","14"
"2025-05-15","장안","223","194","13","16","0"
"2025-05-15","종로","146","117","12","11","6"
"2025-05-15","중구","137","99","20","11","7"
"2025-05-15","중랑","310","258","25","19","8"
"2025-05-15","중원","168","144","13","8","3"
"2025-05-15","천안","436","377","0","42","17"
"2025-05-15","팔달","236","203","15","15","3"
"2025-05-15","하남","255","201","24","21","9"
"2025-05-15","화성","30","0","30","0","0"
"2025-05-15","화성가","113","101","0","9","3"
"2025-05-15","화성나","222","186","0","19","17"
"2025-05-15","화성다","195","157","2","24","12"
"2025-05-16","강남","66","0","66","0","0"
"2025-05-16","강남가","303","265","0","26","12"
"2025-05-16","강남나","116","106","0","10","0"
"2025-05-16","강동","441","352","33","42","14"
"2025-05-16","강북","195","168","11","11","5"
"2025-05-16","강서","550","468","36","35","11"
"2025-05-16","계양","216","182","20","12","2"
"2025-05-16","관악","25","0","25","0","0"
"2025-05-16","관악가","595","556","0","36","3"
"2025-05-16","광명","215","185","10","18","2"
"2025-05-16","광진","407","346","23","24","14"
"2025-05-16","구로","297","256","18","19","4"
"2025-05-16","구리","177","149","7","18","3"
"2025-05-16","군포","207","183","16","6","2"
"2025-05-16","권선","307","252","24","23","8"
"2025-05-16","금천","258","222","15","15","6"
"2025-05-16","기흥","310","244","28","32","6"
"2025-05-16","김포","295","245","23","20","7"
"2025-05-16","남동구","296","273","0","20","3"
"2025-05-16","남양주","232","186","22","19","5"
"2025-05-16","노원","398","335","27","28","8"
"2025-05-16","단원","183","173","0","9","1"
"2025-05-16","덕양","287","243","16","24","4"
"2025-05-16","도봉","198","168","16","10","4"
"2025-05-16","동구","21","20","0","1","0"
"2025-05-16","동대문","382","330","31","13","8"
"2025-05-16","동안","285","237","14","31","3"
"2025-05-16","동작","387","327","23","29","8"
"2025-05-16","마포","409","320","39","44","6"
"2025-05-16","만안","172","140","17","14","1"
"2025-05-16","미추홀","231","219","1","11","0"
"2025-05-16","부천","44","0","44","0","0"
"2025-05-16","부천가","230","214","0","14","2"
"2025-05-16","부천나","112","104","0","7","1"
"2025-05-16","부천다","188","175","0","10","3"
"2025-05-16","부평","377","314","30","29","4"
"2025-05-16","분당","347","271","26","37","13"
"2025-05-16","상록","178","169","0","7","2"
"2025-05-16","서구","439","392","0","41","6"
"2025-05-16","서대문","300","259","15","20","6"
"2025-05-16","서초","31","0","31","0","0"
"2025-05-16","서초가","148","123","0","20","5"
"2025-05-16","서초나","148","123","0","16","9"
"2025-05-16","성남","5","0","5","0","0"
"2025-05-16","성동","294","235","25","24","10"
"2025-05-16","성북","405","348","24","23","10"
"2025-05-16","송파","610","491","59","47","13"
"2025-05-16","수정","150","120","17","12","1"
"2025-05-16","수정가","19","18","0","1","0"
"2025-05-16","수지","289","220","40","28","1"
"2025-05-16","시흥남","188","173","0","13","2"
"2025-05-16","시흥북","77","73","0","3","1"
"2025-05-16","아산가","61","59","0","2","0"
"2025-05-16","아산나","116","108","0","6","2"
"2025-05-16","양천","299","238","28","28","5"
"2025-05-16","연수","266","234","0","28","4"
"2025-05-16","영등포","458","374","36","39","9"
"2025-05-16","영통","384","326","19","38","1"
"2025-05-16","용산","225","188","18","16","3"
"2025-05-16","은평","434","378","27","27","2"
"2025-05-16","의정부","333","287","21","23","2"
"2025-05-16","인천중구","9","8","0","1","0"
"2025-05-16","일산동구","238","200","12","23","3"
"2025-05-16","일산서구","198","163","19","14","2"
"2025-05-16","장안","217","175","20","16","6"
"2025-05-16","종로","121","102","10","7","2"
"2025-05-16","중구","141","107","16","14","4"
"2025-05-16","중랑","326","285","20","17","4"
"2025-05-16","중원","181","160","8","11","2"
"2025-05-16","천안","425","392","0","30","3"
"2025-05-16","팔달","186","158","18","6","4"
"2025-05-16","하남","274","221","24","24","5"
"2025-05-16","화성","56","0","56","0","0"
"2025-05-16","화성가","96","88","0","5","3"
"2025-05-16","화성나","168","147","0","19","2"
"2025-05-16","화성다","169","143","1","21","4"
"2025-05-17","강남","7","0","7","0","0"
"2025-05-17","강남가","176","172","4","0","0"
"2025-05-17","강남나","85","84","1","0","0"
"2025-05-17","강동","215","206","9","0","0"
"2025-05-17","강북","124","124","0","0","0"
"2025-05-17","강서","335","332","3","0","0"
"2025-05-17","계양","126","126","0","0","0"
"2025-05-17","관악","3","0","3","0","0"
"2025-05-17","관악가","373","372","1","0","0"
"2025-05-17","광명","147","142","4","1","0"
"2025-05-17","광진","238","235","3","0","0"
"2025-05-17","구로","205","202","3","0","0"
"2025-05-17","구리","89","87","2","0","0"
"2025-05-17","군포","89","88","1","0","0"
"2025-05-17","권선","179","175","4","0","0"
"2025-05-17","금천","125","125","0","0","0"
"2025-05-17","기흥","154","150","4","0","0"
"2025-05-17","김포","162","161","1","0","0"
"2025-05-17","남동구","191","191","0","0","0"
"2025-05-17","남양주","114","111","3","0","0"
"2025-05-17","노원","205","201","4","0","0"
"2025-05-17","단원","126","126","0","0","0"
"2025-05-17","덕양","162","160","2","0","0"
"2025-05-17","도봉","119","115","4","0","0"
"2025-05-17","동구","10","10","0","0","0"
"2025-05-17","동대문","222","212","10","0","0"
"2025-05-17","동안","156","156","0","0","0"
"2025-05-17","동작","248","242","6","0","0"
"2025-05-17","마포","240","232","8","0","0"
"2025-05-17","만안","97","96","1","0","0"
"2025-05-17","미추홀","167","167","0","0","0"
"2025-05-17","부천","6","0","6","0","0"
"2025-05-17","부천가","138","137","1","0","0"
"2025-05-17","부천나","63","63","0","0","0"
"2025-05-17","부천다","134","134","0","0","0"
"2025-05-17","부평","178","175","3","0","0"
"2025-05-17","분당","193","188","5","0","0"
"2025-05-17","상록","125","125","0","0","0"
"2025-05-17","서구","251","251","0","0","0"
"2025-05-17","서대문","191","184","7","0","0"
"2025-05-17","서초","5","0","5","0","0"
"2025-05-17","서초가","93","91","2","0","0"
"2025-05-17","서초나","105","102","3","0","0"
"2025-05-17","성남","1","0","1","0","0"
"2025-05-17","성동","122","116","6","0","0"
"2025-05-17","성북","211","199","12","0","0"
"2025-05-17","송파","346","330","16","0","0"
"2025-05-17","수정","88","88","0","0","0"
"2025-05-17","수정가","11","11","0","0","0"
"2025-05-17","수지","152","150","2","0","0"
"2025-05-17","시흥남","120","120","0","0","0"
"2025-05-17","시흥북","45","45","0","0","0"
"2025-05-17","아산가","53","53","0","0","0"
"2025-05-17","아산나","77","77","0","0","0"
"2025-05-17","양천","166","164","2","0","0"
"2025-05-17","연수","154","154","0","0","0"
"2025-05-17","영등포","227","219","8","0","0"
"2025-05-17","영통","208","204","4","0","0"
"2025-05-17","용산","119","114","5","0","0"
"2025-05-17","은평","230","228","2","0","0"
"2025-05-17","의정부","205","203","2","0","0"
"2025-05-17","인천중구","11","11","0","0","0"
"2025-05-17","일산동구","124","123","1","0","0"
"2025-05-17","일산서구","95","92","3","0","0"
"2025-05-17","장안","114","110","4","0","0"
"2025-05-17","종로","65","64","1","0","0"
"2025-05-17","중구","66","63","3","0","0"
"2025-05-17","중랑","161","160","1","0","0"
"2025-05-17","중원","76","75","1","0","0"
"2025-05-17","천안","273","273","0","0","0"
"2025-05-17","팔달","102","102","0","0","0"
"2025-05-17","하남","159","158","1","0","0"
"2025-05-17","화성","5","0","5","0","0"
"2025-05-17","화성가","44","44","0","0","0"
"2025-05-17","화성나","134","134","0","0","0"
"2025-05-17","화성다","87","86","0","1","0"
"2025-05-18","강남가","177","177","0","0","0"
"2025-05-18","강남나","89","89","0","0","0"
"2025-05-18","강동","236","236","0","0","0"
"2025-05-18","강북","105","105","0","0","0"
"2025-05-18","강서","299","299","0","0","0"
"2025-05-18","계양","119","119","0","0","0"
"2025-05-18","관악가","368","368","0","0","0"
"2025-05-18","광명","180","180","0","0","0"
"2025-05-18","광진","220","219","0","1","0"
"2025-05-18","구로","168","168","0","0","0"
"2025-05-18","구리","82","82","0","0","0"
"2025-05-18","군포","127","127","0","0","0"
"2025-05-18","권선","194","194","0","0","0"
"2025-05-18","금천","122","122","0","0","0"
"2025-05-18","기흥","195","195","0","0","0"
"2025-05-18","김포","174","174","0","0","0"
"2025-05-18","남동구","168","168","0","0","0"
"2025-05-18","남양주","135","135","0","0","0"
"2025-05-18","노원","220","220","0","0","0"
"2025-05-18","단원","110","110","0","0","0"
"2025-05-18","덕양","179","179","0","0","0"
"2025-05-18","도봉","114","114","0","0","0"
"2025-05-18","동구","11","11","0","0","0"
"2025-05-18","동대문","234","234","0","0","0"
"2025-05-18","동안","196","196","0","0","0"
"2025-05-18","동작","223","223","0","0","0"
"2025-05-18","마포","252","252","0","0","0"
"2025-05-18","만안","111","111","0","0","0"
"2025-05-18","미추홀","180","180","0","0","0"
"2025-05-18","부천가","160","160","0","0","0"
"2025-05-18","부천나","69","69","0","0","0"
"2025-05-18","부천다","126","126","0","0","0"
"2025-05-18","부평","245","245","0","0","0"
"2025-05-18","분당","252","252","0","0","0"
"2025-05-18","상록","128","128","0","0","0"
"2025-05-18","서구","270","270","0","0","0"
"2025-05-18","서대문","186","186","0","0","0"
"2025-05-18","서초가","78","78","0","0","0"
"2025-05-18","서초나","89","89","0","0","0"
"2025-05-18","성동","134","134","0","0","0"
"2025-05-18","성북","219","219","0","0","0"
"2025-05-18","송파","327","327","0","0","0"
"2025-05-18","수정","112","112","0","0","0"
"2025-05-18","수정가","10","10","0","0","0"
"2025-05-18","수지","200","200","0","0","0"
"2025-05-18","시흥남","121","121","0","0","0"
"2025-05-18","시흥북","30","30","0","0","0"
"2025-05-18","아산가","52","52","0","0","0"
"2025-05-18","아산나","82","82","0","0","0"
"2025-05-18","양천","185","185","0","0","0"
"2025-05-18","연수","158","158","0","0","0"
"2025-05-18","영등포","241","241","0","0","0"
"2025-05-18","영통","245","245","0","0","0"
"2025-05-18","용산","111","111","0","0","0"
"2025-05-18","은평","207","207","0","0","0"
"2025-05-18","의정부","208","208","0","0","0"
"2025-05-18","인천중구","14","14","0","0","0"
"2025-05-18","일산동구","145","145","0","0","0"
"2025-05-18","일산서구","118","118","0","0","0"
"2025-05-18","장안","142","142","0","0","0"
"2025-05-18","종로","74","74","0","0","0"
"2025-05-18","중구","65","65","0","0","0"
"2025-05-18","중랑","150","150","0","0","0"
"2025-05-18","중원","88","88","0","0","0"
"2025-05-18","천안","325","325","0","0","0"
"2025-05-18","팔달","104","104","0","0","0"
"2025-05-18","하남","160","159","0","1","0"
"2025-05-18","화성가","57","57","0","0","0"
"2025-05-18","화성나","144","144","0","0","0"
"2025-05-18","화성다","80","80","0","0","0"
"2025-05-19","강남","82","0","82","0","0"
"2025-05-19","강남가","333","213","1","56","63"
"2025-05-19","강남나","131","79","2","24","26"
"2025-05-19","강동","411","257","43","70","41"
"2025-05-19","강북","172","120","16","19","17"
"2025-05-19","강서","560","404","49","68","39"
"2025-05-19","계양","168","125","19","18","6"
"2025-05-19","관악","45","0","45","0","0"
"2025-05-19","관악가","541","467","1","43","30"
"2025-05-19","광명","260","181","27","27","25"
"2025-05-19","광진","459","342","40","52","25"
"2025-05-19","구로","330","236","29","46","19"
"2025-05-19","구리","144","99","21","16","8"
"2025-05-19","군포","189","128","19","28","14"
"2025-05-19","권선","267","187","25","32","23"
"2025-05-19","금천","201","160","15","15","11"
"2025-05-19","기흥","325","231","43","31","20"
"2025-05-19","김포","282","190","38","30","24"
"2025-05-19","남동구","203","166","0","27","10"
"2025-05-19","남양주","208","149","25","20","14"
"2025-05-19","노원","356","255","35","43","23"
"2025-05-19","단원","163","137","0","19","7"
"2025-05-19","덕양","262","174","30","32","26"
"2025-05-19","도봉","212","153","20","20","19"
"2025-05-19","동구","19","16","0","3","0"
"2025-05-19","동대문","375","285","34","30","26"
"2025-05-19","동안","276","193","28","36","19"
"2025-05-19","동작","423","305","40","46","32"
"2025-05-19","마포","432","280","43","58","51"
"2025-05-19","만안","179","127","20","13","19"
"2025-05-19","미추홀","229","201","0","19","9"
"2025-05-19","부천","63","0","63","0","0"
"2025-05-19","부천가","229","174","0","31","24"
"2025-05-19","부천나","96","84","0","6","6"
"2025-05-19","부천다","182","152","0","22","8"
"2025-05-19","부평","349","261","41","37","10"
"2025-05-19","분당","417","248","46","63","60"
"2025-05-19","상록","180","161","0","15","4"
"2025-05-19","서구","408","328","0","55","25"
"2025-05-19","서대문","331","239","26","38","28"
"2025-05-19","서초","64","0","64","0","0"
"2025-05-19","서초가","190","111","0","41","38"
"2025-05-19","서초나","177","121","0","31","25"
"2025-05-19","성남","6","0","6","0","0"
"2025-05-19","성동","322","207","33","58","24"
"2025-05-19","성북","395","297","29","43","26"
"2025-05-19","송파","633","412","72","86","63"
"2025-05-19","수정","164","125","14","15","10"
"2025-05-19","수정가","26","23","0","2","1"
"2025-05-19","수지","315","186","39","50","40"
"2025-05-19","시흥남","182","148","0","26","8"
"2025-05-19","시흥북","66","59","0","6","1"
"2025-05-19","아산가","64","57","0","2","5"
"2025-05-19","아산나","105","78","0","16","11"
"2025-05-19","양천","304","208","35","30","31"
"2025-05-19","연수","291","212","0","49","30"
"2025-05-19","영등포","438","309","50","49","30"
"2025-05-19","영통","425","298","39","55","33"
"2025-05-19","용산","223","134","28","37","24"
"2025-05-19","은평","365","257","38","46","24"
"2025-05-19","의정부","329","233","36","39","21"
"2025-05-19","인천","1","0","1","0","0"
"2025-05-19","인천중구","8","7","0","0","1"
"2025-05-19","일산동구","247","164","25","36","22"
"2025-05-19","일산서구","224","157","16","33","18"
"2025-05-19","장안","217","148","28","24","17"
"2025-05-19","종로","148","111","15","16","6"
"2025-05-19","중구","158","97","26","22","13"
"2025-05-19","중랑","280","200","26","35","19"
"2025-05-19","중원","158","110","15","14","19"
"2025-05-19","천안","412","330","0","48","34"
"2025-05-19","팔달","182","149","13","12","8"
"2025-05-19","하남","258","153","32","43","30"
"2025-05-19","화성","63","0","63","0","0"
"2025-05-19","화성가","97","74","1","11","11"
"2025-05-19","화성나","201","154","1","25","21"
"2025-05-19","화성다","187","136","1","22","28"
"2025-05-20","강남","38","0","38","0","0"
"2025-05-20","강남가","250","212","0","13","25"
"2025-05-20","강남나","105","93","0","8","4"
"2025-05-20","강동","387","321","29","15","22"
"2025-05-20","강북","188","164","11","5","8"
"2025-05-20","강서","492","421","32","25","14"
"2025-05-20","계양","164","154","8","2","0"
"2025-05-20","관악","22","0","22","0","0"
"2025-05-20","관악가","492","475","1","8","8"
"2025-05-20","광명","202","178","8","8","8"
"2025-05-20","광진","391","350","26","11","4"
"2025-05-20","구로","313","264","29","13","7"
"2025-05-20","구리","123","106","8","3","6"
"2025-05-20","군포","148","130","10","2","6"
"2025-05-20","권선","261","231","14","8","8"
"2025-05-20","금천","205","184","11","6","4"
"2025-05-20","기흥","297","255","27","7","8"
"2025-05-20","김포","251","197","30","17","7"
"2025-05-20","남동구","232","223","0","8","1"
"2025-05-20","남양주","202","162","20","11","9"
"2025-05-20","노원","328","286","20","9","13"
"2025-05-20","단원","127","117","0","7","3"
"2025-05-20","덕양","218","190","18","7","3"
"2025-05-20","도봉","177","160","5","7","5"
"2025-05-20","동구","20","17","0","2","1"
"2025-05-20","동대문","340","299","18","14","9"
"2025-05-20","동안","243","197","22","18","6"
"2025-05-20","동작","337","291","21","11","14"
"2025-05-20","마포","365","288","38","20","19"
"2025-05-20","만안","134","111","7","10","6"
"2025-05-20","미추홀","199","187","0","9","3"
"2025-05-20","부천","26","0","26","0","0"
"2025-05-20","부천가","190","173","0","7","10"
"2025-05-20","부천나","85","79","0","2","4"
"2025-05-20","부천다","195","177","1","9","8"
"2025-05-20","부평","314","283","16","8","7"
"2025-05-20","분당","378","306","22","17","33"
"2025-05-20","상록","148","141","0","4","3"
"2025-05-20","서구","343","317","0","16","10"
"2025-05-20","서대문","294","253","19","9","13"
"2025-05-20","서초","43","0","43","0","0"
"2025-05-20","서초가","131","103","0","12","16"
"2025-05-20","서초나","146","134","0","6","6"
"2025-05-20","성남","2","0","2","0","0"
"2025-05-20","성동","264","219","13","10","22"
"2025-05-20","성북","362","314","21","15","12"
"2025-05-20","송파","525","439","34","29","23"
"2025-05-20","수정","155","130","9","11","5"
"2025-05-20","수정가","26","23","0","1","2"
"2025-05-20","수지","270","228","13","12","17"
"2025-05-20","시흥남","169","150","0","10","9"
"2025-05-20","시흥북","52","51","0","1","0"
"2025-05-20","아산가","63","59","0","4","0"
"2025-05-20","아산나","97","88","0","3","6"
"2025-05-20","양천","264","219","17","11","17"
"2025-05-20","연수","284","250","0","21","13"
"2025-05-20","영등포","401","341","24","17","19"
"2025-05-20","영통","350","301","22","20","7"
"2025-05-20","용산","192","153","13","12","14"
"2025-05-20","은평","327","281","22","14","10"
"2025-05-20","의정부","277","242","18","6","11"
"2025-05-20","인천","1","0","1","0","0"
"2025-05-20","인천중구","14","14","0","0","0"
"2025-05-20","일산동구","201","171","14","9","7"
"2025-05-20","일산서구","183","148","17","9","9"
"2025-05-20","장안","199","173","7","10","9"
"2025-05-20","종로","117","100","10","2","5"
"2025-05-20","중구","127","98","16","9","4"
"2025-05-20","중랑","244","215","15","2","12"
"2025-05-20","중원","147","136","8","2","1"
"2025-05-20","천안","387","365","0","7","15"
"2025-05-20","팔달","185","165","7","7","6"
"2025-05-20","하남","219","182","13","14","10"
"2025-05-20","화성","40","0","40","0","0"
"2025-05-20","화성가","99","93","1","2","3"
"2025-05-20","화성나","186","159","2","10","15"
"2025-05-20","화성다","150","124","1","13","12"
"2025-05-21","강남","31","0","31","0","0"
"2025-05-21","강남가","268","229","0","20","19"
"2025-05-21","강남나","128","110","0","11","7"
"2025-05-21","강동","407","338","25","24","20"
"2025-05-21","강북","188","173","5","6","4"
"2025-05-21","강서","605","538","24","22","21"
"2025-05-21","계양","181","160","9","5","7"
"2025-05-21","관악","25","0","25","0","0"
"2025-05-21","관악가","625","586","0","25","14"
"2025-05-21","광명","220","183","17","9","11"
"2025-05-21","광진","408","368","17","9","14"
"2025-05-21","구로","331","291","14","16","10"
"2025-05-21","구리","151","134","5","4","8"
"2025-05-21","군포","193","171","8","9","5"
"2025-05-21","권선","275","247","12","7","9"
"2025-05-21","금천","228","201","13","5","9"
"2025-05-21","기흥","342","297","20","7","18"
"2025-05-21","김포","258","226","13","5","14"
"2025-05-21","남동구","275","265","0","6","4"
"2025-05-21","남양주","211","177","16","8","10"
"2025-05-21","노원","408","363","15","11","19"
"2025-05-21","단원","174","161","0","8","5"
"2025-05-21","덕양","246","208","16","10","12"
"2025-05-21","도봉","212","193","9","6","4"
"2025-05-21","동구","15","15","0","0","0"
"2025-05-21","동대문","363","321","16","11","15"
"2025-05-21","동안","309","270","12","12","15"
"2025-05-21","동작","403","364","13","7","19"
"2025-05-21","마포","390","319","27","18","26"
"2025-05-21","만안","156","130","15","3","8"
"2025-05-21","미추홀","244","236","0","6","2"
"2025-05-21","부천","11","0","11","0","0"
"2025-05-21","부천가","237","223","0","9","5"
"2025-05-21","부천나","92","85","0","2","5"
"2025-05-21","부천다","221","197","0","12","12"
"2025-05-21","부평","368","327","17","12","12"
"2025-05-21","분당","417","346","12","26","33"
"2025-05-21","상록","194","187","0","5","2"
"2025-05-21","서구","398","368","0","15","15"
"2025-05-21","서대문","316","285","11","6","14"
"2025-05-21","서초","25","0","25","0","0"
"2025-05-21","서초가","131","98","1","7","25"
"2025-05-21","서초나","144","122","1","10","11"
"2025-05-21","성남","4","0","4","0","0"
"2025-05-21","성동","286","246","13","14","13"
"2025-05-21","성북","383","339","15","16","13"
"2025-05-21","송파","556","456","34","31","35"
"2025-05-21","수정","164","136","10","8","10"
"2025-05-21","수정가","12","12","0","0","0"
"2025-05-21","수지","306","242","23","16","25"
"2025-05-21","시흥남","201","188","0","8","5"
"2025-05-21","시흥북","68","65","0","1","2"
"2025-05-21","아산가","81","80","0","1","0"
"2025-05-21","아산나","118","108","0","4","6"
"2025-05-21","양천","309","257","19","11","22"
"2025-05-21","연수","256","226","0","10","20"
"2025-05-21","영등포","463","394","25","23","21"
"2025-05-21","영통","400","339","18","11","32"
"2025-05-21","용산","199","155","18","15","11"
"2025-05-21","은평","363","326","15","13","9"
"2025-05-21","의정부","299","275","14","6","4"
"2025-05-21","인천중구","11","11","0","0","0"
"2025-05-21","일산동구","251","209","13","15","14"
"2025-05-21","일산서구","192","164","10","9","9"
"2025-05-21","장안","229","209","8","8","4"
"2025-05-21","종로","150","136","7","1","6"
"2025-05-21","중구","131","108","7","10","6"
"2025-05-21","중랑","329","300","11","11","7"
"2025-05-21","중원","163","132","17","6","8"
"2025-05-21","천안","440","406","0","16","18"
"2025-05-21","팔달","163","150","4","5","4"
"2025-05-21","하남","243","208","20","5","10"
"2025-05-21","화성","32","0","32","0","0"
"2025-05-21","화성가","112","101","0","3","8"
"2025-05-21","화성나","189","166","0","9","14"
"2025-05-21","화성다","157","133","0","12","12"
"2025-05-22","강남","52","0","52","0","0"
"2025-05-22","강남가","303","242","0","24","37"
"2025-05-22","강남나","132","102","0","9","21"
"2025-05-22","강동","445","374","20","20","31"
"2025-05-22","강북","211","191","9","7","4"
"2025-05-22","강서","548","486","19","30","13"
"2025-05-22","계양","197","182","9","2","4"
"2025-05-22","관악","20","0","20","0","0"
"2025-05-22","관악가","670","647","0","14","9"
"2025-05-22","광명","221","203","6","6","6"
"2025-05-22","광진","385","340","14","14","17"
"2025-05-22","구로","329","280","24","15","10"
"2025-05-22","구리","172","157","5","3","7"
"2025-05-22","군포","176","153","12","9","2"
"2025-05-22","권선","312","274","16","14","8"
"2025-05-22","금천","240","222","10","5","3"
"2025-05-22","기흥","325","278","26","9","12"
"2025-05-22","김포","320","277","18","9","16"
"2025-05-22","남동구","272","253","0","7","12"
"2025-05-22","남양주","236","202","17","11","6"
"2025-05-22","노원","397","336","17","33","11"
"2025-05-22","단원","228","214","0","5","9"
"2025-05-22","대덕","43","41","0","1","1"
"2025-05-22","대전동구","71","67","0","3","1"
"2025-05-22","대전서구","236","214","0","13","9"
"2025-05-22","대전중구","100","89","0","6","5"
"2025-05-22","덕양","243","205","18","10","10"
"2025-05-22","도봉","226","208","6","5","7"
"2025-05-22","동구","18","17","0","1","0"
"2025-05-22","동대문","411","377","15","11","8"
"2025-05-22","동안","316","276","11","13","16"
"2025-05-22","동작","425","391","15","10","9"
"2025-05-22","마포","423","367","21","13","22"
"2025-05-22","만안","143","126","7","6","4"
"2025-05-22","미추홀","328","313","0","7","8"
"2025-05-22","부천","31","0","31","0","0"
"2025-05-22","부천가","272","247","0","15","10"
"2025-05-22","부천나","78","73","0","3","2"
"2025-05-22","부천다","231","221","0","6","4"
"2025-05-22","부평","403","357","19","13","14"
"2025-05-22","분당","424","350","26","22","26"
"2025-05-22","상록","160","153","0","2","5"
"2025-05-22","서구","458","419","0","24","15"
"2025-05-22","서대문","385","342","24","13","6"
"2025-05-22","서초","34","0","34","0","0"
"2025-05-22","서초가","163","130","0","14","19"
"2025-05-22","서초나","171","150","0","9","12"
"2025-05-22","성남","6","0","6","0","0"
"2025-05-22","성동","310","251","30","14","15"
"2025-05-22","성북","381","325","19","19","18"
"2025-05-22","송파","616","511","39","21","45"
"2025-05-22","수정","147","137","3","5","2"
"2025-05-22","수정가","23","18","0","1","4"
"2025-05-22","수지","303","242","19","22","20"
"2025-05-22","시흥남","258","242","0","8","8"
"2025-05-22","시흥북","76","73","0","3","0"
"2025-05-22","아산가","69","62","0","2","5"
"2025-05-22","아산나","151","135","0","8","8"
"2025-05-22","양천","340","295","14","9","22"
"2025-05-22","연수","321","279","0","21","21"
"2025-05-22","영등포","519","458","22","21","18"
"2025-05-22","영통","367","315","27","10","15"
"2025-05-22","용산","204","167","12","6","19"
"2025-05-22","유성","219","193","0","13","13"
"2025-05-22","은평","435","382","25","16","12"
"2025-05-22","의정부","333","297","13","15","8"
"2025-05-22","인천중구","18","18","0","0","0"
"2025-05-22","일산동구","255","226","8","8","13"
"2025-05-22","일산서구","201","172","13","12","4"
"2025-05-22","장안","210","176","14","15","5"
"2025-05-22","종로","145","127","8","9","1"
"2025-05-22","중구","157","126","15","8","8"
"2025-05-22","중랑","319","286","17","8","8"
"2025-05-22","중원","195","169","9","8","9"
"2025-05-22","천안","433","388","0","24","21"
"2025-05-22","팔달","219","200","6","7","6"
"2025-05-22","하남","289","234","27","17","11"
"2025-05-22","화성","22","0","22","0","0"
"2025-05-22","화성가","126","118","0","3","5"
"2025-05-22","화성나","214","194","1","9","10"
"2025-05-22","화성다","188","172","0","4","12"
"2025-05-23","강남","51","1","50","0","0"
"2025-05-23","강남가","292","243","0","25","24"
"2025-05-23","강남나","123","105","0","9","9"
"2025-05-23","강동","460","412","15","18","15"
"2025-05-23","강북","222","208","4","1","9"
"2025-05-23","강서","577","515","24","21","17"
"2025-05-23","계양","197","168","16","7","6"
"2025-05-23","관악","19","0","19","0","0"
"2025-05-23","관악가","642","609","0","18","15"
"2025-05-23","광명","244","216","6","12","10"
"2025-05-23","광진","394","350","14","17","13"
"2025-05-23","구로","389","343","22","18","6"
"2025-05-23","구리","150","135","2","10","3"
"2025-05-23","군포","181","157","16","5","3"
"2025-05-23","권선","289","262","15","6","6"
"2025-05-23","금천","256","235","5","12","4"
"2025-05-23","기흥","343","293","18","18","14"
"2025-05-23","김포","287","241","23","11","12"
"2025-05-23","남동구","291","278","0","9","4"
"2025-05-23","남양주","236","203","13","8","12"
"2025-05-23","노원","377","338","15","16","8"
"2025-05-23","단원","189","180","0","6","3"
"2025-05-23","대덕","46","45","0","1","0"
"2025-05-23","대전동구","88","84","0","1","3"
"2025-05-23","대전서구","275","260","0","9","6"
"2025-05-23","대전중구","103","95","0","4","4"
"2025-05-23","덕양","292","249","15","17","11"
"2025-05-23","도봉","215","190","13","5","7"
"2025-05-23","동구","35","33","0","2","0"
"2025-05-23","동대문","427","382","19","15","11"
"2025-05-23","동안","255","220","9","14","12"
"2025-05-23","동작","446","398","16","19","13"
"2025-05-23","마포","423","359","28","17","19"
"2025-05-23","만안","162","139","14","4","5"
"2025-05-23","미추홀","287","271","0","10","6"
"2025-05-23","부천","23","0","23","0","0"
"2025-05-23","부천가","249","226","0","17","6"
"2025-05-23","부천나","107","101","0","5","1"
"2025-05-23","부천다","199","186","0","8","5"
"2025-05-23","부평","370","329","16","10","15"
"2025-05-23","분당","414","340","19","30","25"
"2025-05-23","상록","194","184","0","9","1"
"2025-05-23","서구","422","397","0","15","10"
"2025-05-23","서대문","327","286","18","11","12"
"2025-05-23","서초","26","0","26","0","0"
"2025-05-23","서초가","156","124","0","18","14"
"2025-05-23","서초나","171","152","0","8","11"
"2025-05-23","성남","5","0","5","0","0"
"2025-05-23","성동","226","202","6","9","9"
"2025-05-23","성북","410","362","16","14","18"
"2025-05-23","송파","663","563","32","38","30"
"2025-05-23","수정","176","154","11","6","5"
"2025-05-23","수정가","24","23","0","0","1"
"2025-05-23","수지","303","250","22","19","12"
"2025-05-23","시흥남","193","177","0","8","8"
"2025-05-23","시흥북","72","65","0","7","0"
"2025-05-23","아산가","68","65","0","2","1"
"2025-05-23","아산나","104","97","0","3","4"
"2025-05-23","양천","292","250","14","10","18"
"2025-05-23","연수","295","262","0","16","17"
"2025-05-23","영등포","460","414","17","19","10"
"2025-05-23","영통","444","388","17","18","21"
"2025-05-23","용산","194","152","17","13","12"
"2025-05-23","유성","256","242","0","7","7"
"2025-05-23","은평","356","312","17","16","11"
"2025-05-23","의정부","359","328","9","7","15"
"2025-05-23","인천중구","8","7","0","1","0"
"2025-05-23","일산동구","224","196","13","7","8"
"2025-05-23","일산서구","219","191","10","9","9"
"2025-05-23","장안","207","194","3","4","6"
"2025-05-23","종로","151","127","10","6","8"
"2025-05-23","중구","146","118","9","9","10"
"2025-05-23","중랑","348","317","13","7","11"
"2025-05-23","중원","177","158","8","2","9"
"2025-05-23","천안","439","412","0","19","8"
"2025-05-23","팔달","204","183","10","5","6"
"2025-05-23","하남","291","248","16","14","13"
"2025-05-23","화성","32","0","32","0","0"
"2025-05-23","화성가","115","109","0","3","3"
"2025-05-23","화성나","187","165","0","14","8"
"2025-05-23","화성다","159","147","0","5","7"
"2025-05-24","강남","6","0","6","0","0"
"2025-05-24","강남가","176","169","7","0","0"
"2025-05-24","강남나","73","70","3","0","0"
"2025-05-24","강동","250","241","9","0","0"
"2025-05-24","강북","102","101","1","0","0"
"2025-05-24","강서","326","322","4","0","0"
"2025-05-24","계양","122","122","0","0","0"
"2025-05-24","관악","3","0","3","0","0"
"2025-05-24","관악가","369","368","1","0","0"
"2025-05-24","광명","122","122","0","0","0"
"2025-05-24","광진","213","209","4","0","0"
"2025-05-24","구로","163","161","2","0","0"
"2025-05-24","구리","95","92","3","0","0"
"2025-05-24","군포","119","117","2","0","0"
"2025-05-24","권선","169","168","1","0","0"
"2025-05-24","금천","113","110","3","0","0"
"2025-05-24","기흥","178","174","4","0","0"
"2025-05-24","김포","144","142","2","0","0"
"2025-05-24","남동구","185","185","0","0","0"
"2025-05-24","남양주","112","110","2","0","0"
"2025-05-24","노원","204","200","4","0","0"
"2025-05-24","단원","109","109","0","0","0"
"2025-05-24","대덕","30","30","0","0","0"
"2025-05-24","대전동구","84","84","0","0","0"
"2025-05-24","대전서구","185","185","0","0","0"
"2025-05-24","대전중구","72","72","0","0","0"
"2025-05-24","덕양","152","151","1","0","0"
"2025-05-24","도봉","97","97","0","0","0"
"2025-05-24","동구","14","14","0","0","0"
"2025-05-24","동대문","246","243","3","0","0"
"2025-05-24","동안","158","157","1","0","0"
"2025-05-24","동작","220","214","6","0","0"
"2025-05-24","마포","208","202","6","0","0"
"2025-05-24","만안","101","100","1","0","0"
"2025-05-24","미추홀","177","177","0","0","0"
"2025-05-24","부천","1","0","1","0","0"
"2025-05-24","부천가","144","144","0","0","0"
"2025-05-24","부천나","54","54","0","0","0"
"2025-05-24","부천다","139","139","0","0","0"
"2025-05-24","부평","202","201","1","0","0"
"2025-05-24","분당","230","228","2","0","0"
"2025-05-24","상록","117","117","0","0","0"
"2025-05-24","서구","276","276","0","0","0"
"2025-05-24","서대문","186","183","3","0","0"
"2025-05-24","서초","2","0","2","0","0"
"2025-05-24","서초가","76","74","2","0","0"
"2025-05-24","서초나","83","79","4","0","0"
"2025-05-24","성남","3","0","3","0","0"
"2025-05-24","성동","135","129","6","0","0"
"2025-05-24","성북","202","199","3","0","0"
"2025-05-24","송파","293","281","12","0","0"
"2025-05-24","수정","89","89","0","0","0"
"2025-05-24","수정가","10","10","0","0","0"
"2025-05-24","수지","154","153","1","0","0"
"2025-05-24","시흥남","112","112","0","0","0"
"2025-05-24","시흥북","32","32","0","0","0"
"2025-05-24","아산가","54","54","0","0","0"
"2025-05-24","아산나","70","70","0","0","0"
"2025-05-24","양천","160","155","5","0","0"
"2025-05-24","연수","188","188","0","0","0"
"2025-05-24","영등포","248","242","6","0","0"
"2025-05-24","영통","233","230","3","0","0"
"2025-05-24","용산","100","94","6","0","0"
"2025-05-24","유성","176","174","0","2","0"
"2025-05-24","은평","232","230","2","0","0"
"2025-05-24","의정부","201","201","0","0","0"
"2025-05-24","인천중구","5","5","0","0","0"
"2025-05-24","일산동구","136","135","1","0","0"
"2025-05-24","일산서구","108","106","2","0","0"
"2025-05-24","장안","134","132","2","0","0"
"2025-05-24","종로","95","93","2","0","0"
"2025-05-24","중구","70","67","3","0","0"
"2025-05-24","중랑","169","167","2","0","0"
"2025-05-24","중원","88","88","0","0","0"
"2025-05-24","천안","281","281","0","0","0"
"2025-05-24","팔달","106","106","0","0","0"
"2025-05-24","하남","133","130","3","0","0"
"2025-05-24","화성","4","0","4","0","0"
"2025-05-24","화성가","67","67","0","0","0"
"2025-05-24","화성나","117","117","0","0","0"
"2025-05-24","화성다","110","110","0","0","0"
"2025-05-25","강남가","149","149","0","0","0"
"2025-05-25","강남나","64","64","0","0","0"
"2025-05-25","강동","250","250","0","0","0"
"2025-05-25","강북","101","101","0","0","0"
"2025-05-25","강서","296","296","0","0","0"
"2025-05-25","계양","103","103","0","0","0"
"2025-05-25","관악가","354","354","0","0","0"
"2025-05-25","광명","135","135","0","0","0"
"2025-05-25","광진","192","192","0","0","0"
"2025-05-25","구로","151","151","0","0","0"
"2025-05-25","구리","99","99","0","0","0"
"2025-05-25","군포","132","132","0","0","0"
"2025-05-25","권선","195","195","0","0","0"
"2025-05-25","금천","141","141","0","0","0"
"2025-05-25","기흥","198","198","0","0","0"
"2025-05-25","김포","177","177","0","0","0"
"2025-05-25","남동구","211","211","0","0","0"
"2025-05-25","남양주","132","132","0","0","0"
"2025-05-25","노원","168","168","0","0","0"
"2025-05-25","단원","118","118","0","0","0"
"2025-05-25","대덕","26","26","0","0","0"
"2025-05-25","대전동구","69","69","0","0","0"
"2025-05-25","대전서구","195","193","0","0","2"
"2025-05-25","대전중구","61","61","0","0","0"
"2025-05-25","덕양","156","156","0","0","0"
"2025-05-25","도봉","98","98","0","0","0"
"2025-05-25","동구","16","16","0","0","0"
"2025-05-25","동대문","217","217","0","0","0"
"2025-05-25","동안","179","179","0","0","0"
"2025-05-25","동작","259","259","0","0","0"
"2025-05-25","마포","202","202","0","0","0"
"2025-05-25","만안","109","109","0","0","0"
"2025-05-25","미추홀","144","144","0","0","0"
"2025-05-25","부천가","151","151","0","0","0"
"2025-05-25","부천나","54","54","0","0","0"
"2025-05-25","부천다","142","142","0","0","0"
"2025-05-25","부평","227","227","0","0","0"
"2025-05-25","분당","222","222","0","0","0"
"2025-05-25","상록","136","136","0","0","0"
"2025-05-25","서구","236","236","0","0","0"
"2025-05-25","서대문","184","184","0","0","0"
"2025-05-25","서초가","79","78","0","0","1"
"2025-05-25","서초나","81","81","0","0","0"
"2025-05-25","성동","125","125","0","0","0"
"2025-05-25","성북","182","182","0","0","0"
"2025-05-25","송파","315","315","0","0","0"
"2025-05-25","수정","99","99","0","0","0"
"2025-05-25","수정가","11","11","0","0","0"
"2025-05-25","수지","204","204","0","0","0"
"2025-05-25","시흥남","116","116","0","0","0"
"2025-05-25","시흥북","34","34","0","0","0"
"2025-05-25","아산가","48","48","0","0","0"
"2025-05-25","아산나","64","64","0","0","0"
"2025-05-25","양천","128","128","0","0","0"
"2025-05-25","연수","178","178","0","0","0"
"2025-05-25","영등포","267","267","0","0","0"
"2025-05-25","영통","218","218","0","0","0"
"2025-05-25","용산","94","94","0","0","0"
"2025-05-25","유성","170","168","0","0","2"
"2025-05-25","은평","202","202","0","0","0"
"2025-05-25","의정부","169","169","0","0","0"
"2025-05-25","인천중구","10","10","0","0","0"
"2025-05-25","일산동구","146","146","0","0","0"
"2025-05-25","일산서구","135","135","0","0","0"
"2025-05-25","장안","119","119","0","0","0"
"2025-05-25","종로","66","66","0","0","0"
"2025-05-25","중구","64","64","0","0","0"
"2025-05-25","중랑","168","168","0","0","0"
"2025-05-25","중원","97","97","0","0","0"
"2025-05-25","천안","253","253","0","0","0"
"2025-05-25","팔달","98","98","0","0","0"
"2025-05-25","하남","126","126","0","0","0"
"2025-05-25","화성가","80","80","0","0","0"
"2025-05-25","화성나","142","142","0","0","0"
"2025-05-25","화성다","71","71","0","0","0"
"2025-05-26","강남","106","0","106","0","0"
"2025-05-26","강남가","314","218","0","67","29"
"2025-05-26","강남나","148","100","0","44","4"
"2025-05-26","강동","443","308","52","65","18"
"2025-05-26","강북","201","156","16","22","7"
"2025-05-26","강서","570","401","65","84","20"
"2025-05-26","계양","175","135","7","32","1"
"2025-05-26","관악","40","0","40","0","0"
"2025-05-26","관악가","574","482","0","73","19"
"2025-05-26","광명","192","136","17","30","9"
"2025-05-26","광진","377","270","44","46","17"
"2025-05-26","구로","320","207","43","53","17"
"2025-05-26","구리","128","93","20","15","0"
"2025-05-26","군포","175","136","20","19","0"
"2025-05-26","권선","279","189","48","33","9"
"2025-05-26","금천","216","171","17","20","8"
"2025-05-26","기흥","295","209","38","36","12"
"2025-05-26","김포","234","148","43","30","13"
"2025-05-26","남동구","239","196","0","40","3"
"2025-05-26","남양주","206","145","31","26","4"
"2025-05-26","노원","343","235","34","54","20"
"2025-05-26","단원","170","141","0","25","4"
"2025-05-26","대덕","53","46","0","4","3"
"2025-05-26","대전동구","91","75","0","15","1"
"2025-05-26","대전서구","289","244","0","41","4"
"2025-05-26","대전중구","101","84","0","14","3"
"2025-05-26","덕양","246","163","37","42","4"
"2025-05-26","도봉","153","110","18","18","7"
"2025-05-26","동구","26","22","0","4","0"
"2025-05-26","동대문","351","267","25","49","10"
"2025-05-26","동안","270","177","38","43","12"
"2025-05-26","동작","405","293","34","63","15"
"2025-05-26","마포","417","268","53","64","32"
"2025-05-26","만안","139","98","18","17","6"
"2025-05-26","미추홀","246","206","0","35","5"
"2025-05-26","부천","64","0","64","0","0"
"2025-05-26","부천가","221","179","0","36","6"
"2025-05-26","부천나","72","59","0","9","4"
"2025-05-26","부천다","184","148","1","29","6"
"2025-05-26","부평","315","233","34","46","2"
"2025-05-26","분당","491","341","48","78","24"
"2025-05-26","상록","146","126","0","17","3"
"2025-05-26","서구","343","274","0","62","7"
"2025-05-26","서대문","327","241","33","48","5"
"2025-05-26","서초","61","0","61","0","0"
"2025-05-26","서초가","149","96","0","45","8"
"2025-05-26","서초나","152","116","0","29","7"
"2025-05-26","성남","19","0","19","0","0"
"2025-05-26","성동","270","174","37","45","14"
"2025-05-26","성북","367","262","33","60","12"
"2025-05-26","송파","627","411","75","115","26"
"2025-05-26","수정","156","117","17","15","7"
"2025-05-26","수정가","13","9","0","4","0"
"2025-05-26","수지","303","175","56","63","9"
"2025-05-26","시흥남","163","129","0","31","3"
"2025-05-26","시흥북","57","46","0","10","1"
"2025-05-26","아산가","68","58","0","9","1"
"2025-05-26","아산나","106","79","0","22","5"
"2025-05-26","양천","264","166","39","44","15"
"2025-05-26","연수","274","221","0","47","6"
"2025-05-26","영등포","458","330","46","64","18"
"2025-05-26","영통","410","286","45","64","15"
"2025-05-26","용산","200","121","33","36","10"
"2025-05-26","유성","266","223","0","40","3"
"2025-05-26","은평","363","256","41","52","14"
"2025-05-26","의정부","261","190","28","31","12"
"2025-05-26","인천중구","9","9","0","0","0"
"2025-05-26","일산동구","207","132","29","39","7"
"2025-05-26","일산서구","185","129","21","25","10"
"2025-05-26","장안","185","139","14","27","5"
"2025-05-26","종로","142","96","24","17","5"
"2025-05-26","중구","170","107","20","32","11"
"2025-05-26","중랑","295","212","27","43","13"
"2025-05-26","중원","178","126","21","23","8"
"2025-05-26","천안","393","327","0","62","4"
"2025-05-26","팔달","174","133","10","22","9"
"2025-05-26","하남","238","148","39","41","10"
"2025-05-26","화성","51","0","51","0","0"
"2025-05-26","화성가","90","75","0","11","4"
"2025-05-26","화성나","192","147","0","37","8"
"2025-05-26","화성다","127","98","0","23","6"
"2025-05-27","강남","58","0","58","0","0"
"2025-05-27","강남가","268","233","0","28","7"
"2025-05-27","강남나","107","98","0","7","2"
"2025-05-27","강동","366","313","29","20","4"
"2025-05-27","강북","165","143","12","7","3"
"2025-05-27","강서","527","461","35","20","11"
"2025-05-27","계양","161","143","13","4","1"
"2025-05-27","관악","28","0","28","0","0"
"2025-05-27","관악가","524","505","0","13","6"
"2025-05-27","광명","146","125","14","4","3"
"2025-05-27","광진","316","271","26","13","6"
"2025-05-27","구로","325","286","15","18","6"
"2025-05-27","구리","114","105","4","5","0"
"2025-05-27","군포","143","124","12","7","0"
"2025-05-27","권선","235","205","13","12","5"
"2025-05-27","금천","184","171","6","4","3"
"2025-05-27","기흥","263","217","23","16","7"
"2025-05-27","김포","218","179","22","12","5"
"2025-05-27","남동구","226","213","0","12","1"
"2025-05-27","남양주","199","168","16","9","6"
"2025-05-27","노원","330","289","20","15","6"
"2025-05-27","단원","159","150","0","7","2"
"2025-05-27","대덕","46","45","0","1","0"
"2025-05-27","대전동구","96","91","0","5","0"
"2025-05-27","대전서구","245","233","0","12","0"
"2025-05-27","대전중구","103","97","0","5","1"
"2025-05-27","덕양","222","190","14","14","4"
"2025-05-27","도봉","173","158","8","5","2"
"2025-05-27","동구","14","12","0","2","0"
"2025-05-27","동대문","333","287","24","14","8"
"2025-05-27","동안","281","249","15","15","2"
"2025-05-27","동작","390","345","17","20","8"
"2025-05-27","마포","385","334","28","18","5"
"2025-05-27","만안","150","134","8","5","3"
"2025-05-27","미추홀","208","204","1","3","0"
"2025-05-27","부천","26","0","26","0","0"
"2025-05-27","부천가","217","205","0","8","4"
"2025-05-27","부천나","71","67","0","4","0"
"2025-05-27","부천다","146","133","0","8","5"
"2025-05-27","부평","321","269","25","21","6"
"2025-05-27","분당","353","291","31","19","12"
"2025-05-27","상록","172","154","0","16","2"
"2025-05-27","서구","387","354","0","29","4"
"2025-05-27","서대문","265","227","18","16","4"
"2025-05-27","서초","29","0","29","0","0"
"2025-05-27","서초가","115","96","0","14","5"
"2025-05-27","서초나","151","138","0","8","5"
"2025-05-27","성남","11","0","11","0","0"
"2025-05-27","성동","219","195","13","8","3"
"2025-05-27","성북","349","319","8","14","8"
"2025-05-27","송파","530","434","58","30","8"
"2025-05-27","수정","138","123","10","4","1"
"2025-05-27","수정가","15","13","0","1","1"
"2025-05-27","수지","257","203","32","14","8"
"2025-05-27","시흥남","148","140","0","5","3"
"2025-05-27","시흥북","49","47","0","2","0"
"2025-05-27","아산가","59","56","0","2","1"
"2025-05-27","아산나","88","81","0","5","2"
"2025-05-27","양천","228","190","23","12","3"
"2025-05-27","연수","276","247","0","26","3"
"2025-05-27","영등포","387","345","21","14","7"
"2025-05-27","영통","402","345","32","20","5"
"2025-05-27","용산","183","145","22","11","5"
"2025-05-27","유성","294","270","0","19","5"
"2025-05-27","은평","368","328","18","13","9"
"2025-05-27","의정부","318","291","15","10","2"
"2025-05-27","인천중구","10","10","0","0","0"
"2025-05-27","일산동구","186","166","11","7","2"
"2025-05-27","일산서구","154","143","10","1","0"
"2025-05-27","장안","179","153","13","10","3"
"2025-05-27","종로","107","97","3","3","4"
"2025-05-27","중구","138","113","14","8","3"
"2025-05-27","중랑","272","241","15","14","2"
"2025-05-27","중원","143","127","4","7","5"
"2025-05-27","천안","355","336","0","18","1"
"2025-05-27","팔달","163","152","5","4","2"
"2025-05-27","하남","202","155","23","19","5"
"2025-05-27","화성","33","0","33","0","0"
"2025-05-27","화성가","88","80","0","3","5"
"2025-05-27","화성나","200","180","0","15","5"
"2025-05-27","화성다","125","112","0","10","3"
"2025-05-28","강남","39","0","39","0","0"
"2025-05-28","강남가","287","265","0","15","7"
"2025-05-28","강남나","97","89","0","7","1"
"2025-05-28","강동","415","347","27","31","10"
"2025-05-28","강북","172","151","12","7","2"
"2025-05-28","강서","542","496","18","16","12"
"2025-05-28","계양","161","144","9","7","1"
"2025-05-28","관악","23","0","23","0","0"
"2025-05-28","관악가","590","570","0","14","6"
"2025-05-28","광명","202","176","8","13","5"
"2025-05-28","광진","353","317","13","16","7"
"2025-05-28","구로","319","286","17","11","5"
"2025-05-28","구리","128","116","6","4","2"
"2025-05-28","군포","153","133","8","11","1"
"2025-05-28","권선","248","215","17","10","6"
"2025-05-28","금천","219","200","9","4","6"
"2025-05-28","기흥","253","228","14","8","3"
"2025-05-28","김포","249","223","14","8","4"
"2025-05-28","남동구","238","228","0","10","0"
"2025-05-28","남양주","214","181","21","8","4"
"2025-05-28","노원","320","293","16","6","5"
"2025-05-28","단원","163","151","0","10","2"
"2025-05-28","대덕","42","40","0","1","1"
"2025-05-28","대전동구","111","109","0","2","0"
"2025-05-28","대전서구","262","247","0","11","4"
"2025-05-28","대전중구","115","107","0","8","0"
"2025-05-28","덕양","228","206","11","9","2"
"2025-05-28","도봉","197","174","15","6","2"
"2025-05-28","동구","22","22","0","0","0"
"2025-05-28","동대문","373","342","15","10","6"
"2025-05-28","동안","270","234","16","18","2"
"2025-05-28","동작","377","327","25","18","7"
"2025-05-28","마포","342","297","20","16","9"
"2025-05-28","만안","151","138","7","4","2"
"2025-05-28","미추홀","268","257","0","10","1"
"2025-05-28","부천","28","0","28","0","0"
"2025-05-28","부천가","210","193","1","13","3"
"2025-05-28","부천나","79","78","0","0","1"
"2025-05-28","부천다","190","177","1","6","6"
"2025-05-28","부평","323","294","15","8","6"
"2025-05-28","분당","346","296","27","15","8"
"2025-05-28","상록","177","171","0","5","1"
"2025-05-28","서구","376","359","0","16","1"
"2025-05-28","서대문","298","267","18","7","6"
"2025-05-28","서초","34","0","34","0","0"
"2025-05-28","서초가","149","131","0","11","7"
"2025-05-28","서초나","146","135","0","7","4"
"2025-05-28","성남","5","0","5","0","0"
"2025-05-28","성동","230","199","16","12","3"
"2025-05-28","성북","354","326","13","7","8"
"2025-05-28","송파","551","469","41","27","14"
"2025-05-28","수정","153","144","6","3","0"
"2025-05-28","수정가","19","16","0","3","0"
"2025-05-28","수지","277","218","27","22","10"
"2025-05-28","시흥남","177","161","0","15","1"
"2025-05-28","시흥북","68","63","0","4","1"
"2025-05-28","아산가","60","58","0","2","0"
"2025-05-28","아산나","105","97","0","7","1"
"2025-05-28","양천","244","209","17","15","3"
"2025-05-28","연수","245","225","0","16","4"
"2025-05-28","영등포","389","341","29","14","5"
"2025-05-28","영통","396","352","17","26","1"
"2025-05-28","용산","191","163","16","9","3"
"2025-05-28","유성","268","252","0","12","4"
"2025-05-28","은평","367","331","16","14","6"
"2025-05-28","의정부","302","279","11","6","6"
"2025-05-28","인천중구","11","10","0","0","1"
"2025-05-28","일산동구","196","178","11","4","3"
"2025-05-28","일산서구","178","161","8","5","4"
"2025-05-28","장안","177","162","5","8","2"
"2025-05-28","종로","120","105","5","7","3"
"2025-05-28","중구","142","109","17","7","9"
"2025-05-28","중랑","286","251","17","9","9"
"2025-05-28","중원","157","141","6","6","4"
"2025-05-28","천안","384","367","0","15","2"
"2025-05-28","팔달","183","172","7","4","0"
"2025-05-28","하남","232","199","21","8","4"
"2025-05-28","화성","37","0","37","0","0"
"2025-05-28","화성가","105","99","1","4","1"
"2025-05-28","화성나","197","181","0","13","3"
"2025-05-28","화성다","142","133","0","6","3"
"2025-05-29","강남","46","0","46","0","0"
"2025-05-29","강남가","284","263","0","18","3"
"2025-05-29","강남나","113","102","0","9","2"
"2025-05-29","강동","425","372","29","12","12"
"2025-05-29","강북","197","181","10","4","2"
"2025-05-29","강서","590","543","20","21","6"
"2025-05-29","계양","176","169","4","3","0"
"2025-05-29","관악","19","0","19","0","0"
"2025-05-29","관악가","689","673","0","11","5"
"2025-05-29","광명","218","198","8","9","3"
"2025-05-29","광진","410","368","22","14","6"
"2025-05-29","구로","356","323","13","11","9"
"2025-05-29","구리","138","119","11","7","1"
"2025-05-29","군포","159","145","6","7","1"
"2025-05-29","권선","249","225","9","10","5"
"2025-05-29","금천","256","241","6","6","3"
"2025-05-29","기흥","276","245","16","12","3"
"2025-05-29","김포","268","242","13","11","2"
"2025-05-29","남동구","267","260","0","4","3"
"2025-05-29","남양주","238","207","23","5","3"
"2025-05-29","노원","347","314","19","10","4"
"2025-05-29","단원","167","160","0","7","0"
"2025-05-29","대덕","33","30","0","3","0"
"2025-05-29","대전동구","128","121","0","5","2"
"2025-05-29","대전서구","313","303","0","8","2"
"2025-05-29","대전중구","101","93","0","7","1"
"2025-05-29","덕양","276","254","13","2","7"
"2025-05-29","도봉","198","179","8","7","4"
"2025-05-29","동구","25","23","0","2","0"
"2025-05-29","동대문","370","339","16","8","7"
"2025-05-29","동안","289","263","12","11","3"
"2025-05-29","동작","405","363","15","18","9"
"2025-05-29","마포","419","359","26","22","12"
"2025-05-29","만안","159","144","10","4","1"
"2025-05-29","미추홀","231","218","1","12","0"
"2025-05-29","부천","27","0","27","0","0"
"2025-05-29","부천가","248","237","0","6","5"
"2025-05-29","부천나","95","91","0","3","1"
"2025-05-29","부천다","208","195","0","7","6"
"2025-05-29","부평","377","352","11","7","7"
"2025-05-29","분당","393","338","27","20","8"
"2025-05-29","상록","188","182","0","6","0"
"2025-05-29","서구","444","419","0","23","2"
"2025-05-29","서대문","298","268","11","15","4"
"2025-05-29","서초","18","0","18","0","0"
"2025-05-29","서초가","143","129","0","11","3"
"2025-05-29","서초나","172","166","0","5","1"
"2025-05-29","성남","5","0","5","0","0"
"2025-05-29","성동","255","216","15","19","5"
"2025-05-29","성북","386","355","13","10","8"
"2025-05-29","송파","605","518","37","38","12"
"2025-05-29","수정","165","149","7","6","3"
"2025-05-29","수정가","10","9","0","1","0"
"2025-05-29","수지","290","247","15","18","10"
"2025-05-29","시흥남","178","174","0","3","1"
"2025-05-29","시흥북","58","56","0","2","0"
"2025-05-29","아산가","64","61","0","1","2"
"2025-05-29","아산나","119","115","0","4","0"
"2025-05-29","양천","294","261","16","11","6"
"2025-05-29","연수","271","253","0","16","2"
"2025-05-29","영등포","429","380","25","16","8"
"2025-05-29","영통","326","296","16","9","5"
"2025-05-29","용산","208","173","10","17","8"
"2025-05-29","유성","303","290","0","13","0"
"2025-05-29","은평","430","397","9","18","6"
"2025-05-29","의정부","300","281","10","5","4"
"2025-05-29","인천중구","10","9","0","1","0"
"2025-05-29","일산동구","220","197","11","8","4"
"2025-05-29","일산서구","193","163","13","8","9"
"2025-05-29","장안","238","220","7","5","6"
"2025-05-29","종로","134","122","5","4","3"
"2025-05-29","중구","140","119","11","3","7"
"2025-05-29","중랑","360","327","16","11","6"
"2025-05-29","중원","175","159","9","4","3"
"2025-05-29","천안","407","388","0","15","4"
"2025-05-29","팔달","192","171","10","11","0"
"2025-05-29","하남","214","187","17","10","0"
"2025-05-29","화성","36","0","36","0","0"
"2025-05-29","화성가","90","88","0","1","1"
"2025-05-29","화성나","209","193","0","13","3"
"2025-05-29","화성다","154","144","0","9","1"
"2025-05-30","강남","40","0","40","0","0"
"2025-05-30","강남가","280","252","0","16","12"
"2025-05-30","강남나","104","95","0","5","4"
"2025-05-30","강동","381","352","16","8","5"
"2025-05-30","강북","189","174","7","4","4"
"2025-05-30","강서","569","520","23","13","13"
"2025-05-30","계양","186","167","8","9","2"
"2025-05-30","관악","21","0","21","0","0"
"2025-05-30","관악가","643","620","0","14","9"
"2025-05-30","광명","203","187","10","2","4"
"2025-05-30","광진","358","327","18","7","6"
"2025-05-30","구로","322","287","13","13","9"
"2025-05-30","구리","149","134","9","5","1"
"2025-05-30","군포","183","172","7","3","1"
"2025-05-30","권선","274","250","10","10","4"
"2025-05-30","금천","212","195","10","4","3"
"2025-05-30","기흥","268","246","12","7","3"
"2025-05-30","김포","269","232","20","6","11"
"2025-05-30","남동구","242","237","0","2","3"
"2025-05-30","남양주","204","180","13","8","3"
"2025-05-30","노원","368","339","13","8","8"
"2025-05-30","단원","174","164","0","9","1"
"2025-05-30","대덕","34","31","0","3","0"
"2025-05-30","대전동구","106","102","0","2","2"
"2025-05-30","대전서구","307","297","0","7","3"
"2025-05-30","대전중구","110","107","0","3","0"
"2025-05-30","덕양","237","220","12","5","0"
"2025-05-30","도봉","170","148","13","5","4"
"2025-05-30","동구","26","26","0","0","0"
"2025-05-30","동대문","396","356","23","11","6"
"2025-05-30","동안","254","229","16","5","4"
"2025-05-30","동작","393","349","27","11","6"
"2025-05-30","마포","365","323","24","15","3"
"2025-05-30","만안","154","127","20","6","1"
"2025-05-30","미추홀","249","241","0","6","2"
"2025-05-30","부천","22","0","22","0","0"
"2025-05-30","부천가","289","274","0","12","3"
"2025-05-30","부천나","79","74","0","4","1"
"2025-05-30","부천다","194","184","0","6","4"
"2025-05-30","부평","357","328","12","12","5"
"2025-05-30","분당","308","264","24","13","7"
"2025-05-30","상록","151","146","0","4","1"
"2025-05-30","서구","413","401","0","8","4"
"2025-05-30","서대문","266","236","15","11","4"
"2025-05-30","서초","29","0","29","0","0"
"2025-05-30","서초가","125","112","0","12","1"
"2025-05-30","서초나","176","166","0","6","4"
"2025-05-30","성남","5","0","5","0","0"
"2025-05-30","성동","231","201","13","11","6"
"2025-05-30","성북","352","323","14","14","1"
"2025-05-30","송파","553","490","33","21","9"
"2025-05-30","수정","139","124","9","3","3"
"2025-05-30","수정가","21","19","0","1","1"
"2025-05-30","수지","284","249","16","14","5"
"2025-05-30","시흥남","222","212","0","6","4"
"2025-05-30","시흥북","57","53","0","4","0"
"2025-05-30","아산가","62","60","0","1","1"
"2025-05-30","아산나","99","93","0","6","0"
"2025-05-30","양천","300","275","13","10","2"
"2025-05-30","연수","250","239","0","8","3"
"2025-05-30","영등포","423","373","22","18","10"
"2025-05-30","영통","383","344","17","18","4"
"2025-05-30","용산","170","151","11","8","0"
"2025-05-30","유성","281","269","0","11","1"
"2025-05-30","은평","379","342","15","10","12"
"2025-05-30","의정부","317","284","21","6","6"
"2025-05-30","인천중구","15","15","0","0","0"
"2025-05-30","일산동구","212","181","15","7","9"
"2025-05-30","일산서구","179","162","11","4","2"
"2025-05-30","장안","196","177","8","6","5"
"2025-05-30","종로","134","119","10","3","2"
"2025-05-30","중구","152","129","13","6","4"
"2025-05-30","중랑","316","290","11","11","4"
"2025-05-30","중원","142","133","6","2","1"
"2025-05-30","천안","400","386","0","13","1"
"2025-05-30","팔달","162","149","9","1","3"
"2025-05-30","하남","247","215","20","7","5"
"2025-05-30","화성","34","0","34","0","0"
"2025-05-30","화성가","90","87","0","2","1"
"2025-05-30","화성나","168","161","0","5","2"
"2025-05-30","화성다","144","129","0","8","7"
"2025-05-31","강남","14","0","14","0","0"
"2025-05-31","강남가","173","173","0","0","0"
"2025-05-31","강남나","59","59","0","0","0"
"2025-05-31","강동","241","229","12","0","0"
"2025-05-31","강북","111","109","2","0","0"
"2025-05-31","강서","338","326","12","0","0"
"2025-05-31","계양","120","115","5","0","0"
"2025-05-31","관악","8","0","8","0","0"
"2025-05-31","관악가","397","397","0","0","0"
"2025-05-31","광명","140","139","1","0","0"
"2025-05-31","광진","237","235","2","0","0"
"2025-05-31","구로","174","165","9","0","0"
"2025-05-31","구리","95","95","0","0","0"
"2025-05-31","군포","119","117","2","0","0"
"2025-05-31","권선","164","161","3","0","0"
"2025-05-31","금천","129","127","2","0","0"
"2025-05-31","기흥","158","152","6","0","0"
"2025-05-31","김포","170","168","2","0","0"
"2025-05-31","남동구","163","163","0","0","0"
"2025-05-31","남양주","103","101","2","0","0"
"2025-05-31","노원","194","188","6","0","0"
"2025-05-31","단원","126","126","0","0","0"
"2025-05-31","대덕","31","31","0","0","0"
"2025-05-31","대전동구","66","66","0","0","0"
"2025-05-31","대전서구","180","180","0","0","0"
"2025-05-31","대전중구","64","64","0","0","0"
"2025-05-31","덕양","144","139","5","0","0"
"2025-05-31","도봉","104","102","2","0","0"
"2025-05-31","동구","14","14","0","0","0"
"2025-05-31","동대문","176","171","5","0","0"
"2025-05-31","동안","144","144","0","0","0"
"2025-05-31","동작","250","246","4","0","0"
"2025-05-31","마포","227","215","12","0","0"
"2025-05-31","만안","96","96","0","0","0"
"2025-05-31","미추홀","132","132","0","0","0"
"2025-05-31","부천","5","0","5","0","0"
"2025-05-31","부천가","133","133","0","0","0"
"2025-05-31","부천나","61","61","0","0","0"
"2025-05-31","부천다","125","125","0","0","0"
"2025-05-31","부평","191","190","1","0","0"
"2025-05-31","분당","214","210","4","0","0"
"2025-05-31","상록","104","104","0","0","0"
"2025-05-31","서구","275","275","0","0","0"
"2025-05-31","서대문","179","171","8","0","0"
"2025-05-31","서초","8","0","8","0","0"
"2025-05-31","서초가","65","65","0","0","0"
"2025-05-31","서초나","95","95","0","0","0"
"2025-05-31","성동","172","163","9","0","0"
"2025-05-31","성북","214","206","8","0","0"
"2025-05-31","송파","319","307","12","0","0"
"2025-05-31","수정","95","95","0","0","0"
"2025-05-31","수정가","13","13","0","0","0"
"2025-05-31","수지","159","155","4","0","0"
"2025-05-31","시흥남","122","122","0","0","0"
"2025-05-31","시흥북","43","43","0","0","0"
"2025-05-31","아산가","29","29","0","0","0"
"2025-05-31","아산나","59","59","0","0","0"
"2025-05-31","양천","168","165","3","0","0"
"2025-05-31","연수","163","163","0","0","0"
"2025-05-31","영등포","269","263","6","0","0"
"2025-05-31","영통","218","213","5","0","0"
"2025-05-31","용산","108","103","5","0","0"
"2025-05-31","유성","153","153","0","0","0"
"2025-05-31","은평","235","232","3","0","0"
"2025-05-31","의정부","155","153","2","0","0"
"2025-05-31","인천중구","12","12","0","0","0"
"2025-05-31","일산동구","126","123","3","0","0"
"2025-05-31","일산서구","124","120","4","0","0"
"2025-05-31","장안","136","136","0","0","0"
"2025-05-31","종로","81","77","4","0","0"
"2025-05-31","중구","93","87","6","0","0"
"2025-05-31","중랑","180","178","2","0","0"
"2025-05-31","중원","100","99","1","0","0"
"2025-05-31","천안","234","234","0","0","0"
"2025-05-31","팔달","103","102","1","0","0"
"2025-05-31","하남","117","113","4","0","0"
"2025-05-31","화성","5","0","5","0","0"
"2025-05-31","화성가","44","44","0","0","0"
"2025-05-31","화성나","117","117","0","0","0"
"2025-05-31","화성다","79","79","0","0","0"
"2025-06-01","강남가","126","126","0","0","0"
"2025-06-01","강남나","74","74","0","0","0"
"2025-06-01","강동","181","181","0","0","0"
"2025-06-01","강북","95","95","0","0","0"
"2025-06-01","강서","288","288","0","0","0"
"2025-06-01","계양","114","114","0","0","0"
"2025-06-01","관악가","325","325","0","0","0"
"2025-06-01","광명","106","106","0","0","0"
"2025-06-01","광진","183","183","0","0","0"
"2025-06-01","구로","143","143","0","0","0"
"2025-06-01","구리","79","79","0","0","0"
"2025-06-01","군포","89","89","0","0","0"
"2025-06-01","권선","149","149","0","0","0"
"2025-06-01","금천","105","105","0","0","0"
"2025-06-01","기흥","145","145","0","0","0"
"2025-06-01","김포","126","126","0","0","0"
"2025-06-01","남동구","170","170","0","0","0"
"2025-06-01","남양주","123","123","0","0","0"
"2025-06-01","노원","167","167","0","0","0"
"2025-06-01","단원","97","97","0","0","0"
"2025-06-01","대덕","28","28","0","0","0"
"2025-06-01","대전동구","66","66","0","0","0"
"2025-06-01","대전서구","166","166","0","0","0"
"2025-06-01","대전중구","61","61","0","0","0"
"2025-06-01","덕양","133","133","0","0","0"
"2025-06-01","도봉","98","98","0","0","0"
"2025-06-01","동구","11","11","0","0","0"
"2025-06-01","동대문","206","206","0","0","0"
"2025-06-01","동안","152","152","0","0","0"
"2025-06-01","동작","180","180","0","0","0"
"2025-06-01","마포","156","156","0","0","0"
"2025-06-01","만안","87","87","0","0","0"
"2025-06-01","미추홀","129","129","0","0","0"
"2025-06-01","부천가","128","128","0","0","0"
"2025-06-01","부천나","52","52","0","0","0"
"2025-06-01","부천다","117","117","0","0","0"
"2025-06-01","부평","202","202","0","0","0"
"2025-06-01","분당","223","223","0","0","0"
"2025-06-01","상록","119","119","0","0","0"
"2025-06-01","서구","263","263","0","0","0"
"2025-06-01","서대문","153","153","0","0","0"
"2025-06-01","서초가","64","64","0","0","0"
"2025-06-01","서초나","67","67","0","0","0"
"2025-06-01","성동","109","109","0","0","0"
"2025-06-01","성북","196","196","0","0","0"
"2025-06-01","송파","242","242","0","0","0"
"2025-06-01","수정","102","102","0","0","0"
"2025-06-01","수정가","14","14","0","0","0"
"2025-06-01","수지","121","121","0","0","0"
"2025-06-01","시흥남","127","127","0","0","0"
"2025-06-01","시흥북","35","35","0","0","0"
"2025-06-01","아산가","33","33","0","0","0"
"2025-06-01","아산나","45","45","0","0","0"
"2025-06-01","양천","122","122","0","0","0"
"2025-06-01","연수","170","170","0","0","0"
"2025-06-01","영등포","188","188","0","0","0"
"2025-06-01","영통","222","222","0","0","0"
"2025-06-01","용산","88","88","0","0","0"
"2025-06-01","유성","159","159","0","0","0"
"2025-06-01","은평","186","186","0","0","0"
"2025-06-01","의정부","185","185","0","0","0"
"2025-06-01","인천중구","8","8","0","0","0"
"2025-06-01","일산동구","121","121","0","0","0"
"2025-06-01","일산서구","114","114","0","0","0"
"2025-06-01","장안","110","110","0","0","0"
"2025-06-01","종로","66","66","0","0","0"
"2025-06-01","중구","44","44","0","0","0"
"2025-06-01","중랑","162","162","0","0","0"
"2025-06-01","중원","81","81","0","0","0"
"2025-06-01","천안","241","241","0","0","0"
"2025-06-01","팔달","109","109","0","0","0"
"2025-06-01","하남","152","152","0","0","0"
"2025-06-01","화성가","51","51","0","0","0"
"2025-06-01","화성나","117","117","0","0","0"
"2025-06-01","화성다","74","74","0","0","0"
"2025-06-02","강남가","16","14","0","0","2"
"2025-06-02","강남나","5","3","0","0","2"
"2025-06-02","강동","18","14","0","0","4"
"2025-06-02","강북","4","4","0","0","0"
"2025-06-02","강서","19","17","0","0","2"
"2025-06-02","계양","8","7","0","0","1"
"2025-06-02","관악가","20","20","0","0","0"
"2025-06-02","광명","9","8","0","0","1"
"2025-06-02","광진","18","18","0","0","0"
"2025-06-02","구로","16","14","0","0","2"
"2025-06-02","구리","4","4","0","0","0"
"2025-06-02","군포","8","7","0","0","1"
"2025-06-02","권선","8","6","0","0","2"
"2025-06-02","금천","11","10","0","0","1"
"2025-06-02","기흥","6","6","0","0","0"
"2025-06-02","김포","8","6","0","0","2"
"2025-06-02","남동구","12","12","0","0","0"
"2025-06-02","남양주","8","5","0","0","3"
"2025-06-02","노원","19","13","0","0","6"
"2025-06-02","단원","3","3","0","0","0"
"2025-06-02","대덕","2","1","0","0","1"
"2025-06-02","대전동구","10","9","0","0","1"
"2025-06-02","대전서구","22","21","0","0","1"
"2025-06-02","대전중구","5","4","0","0","1"
"2025-06-02","덕양","6","4","0","0","2"
"2025-06-02","도봉","8","8","0","0","0"
"2025-06-02","동구","1","1","0","0","0"
"2025-06-02","동대문","18","18","0","0","0"
"2025-06-02","동안","12","9","0","0","3"
"2025-06-02","동작","28","27","0","0","1"
"2025-06-02","마포","20","18","0","0","2"
"2025-06-02","만안","11","9","0","0","2"
"2025-06-02","미추홀","7","6","0","0","1"
"2025-06-02","부천가","15","14","0","0","1"
"2025-06-02","부천나","5","5","0","0","0"
"2025-06-02","부천다","12","12","0","0","0"
"2025-06-02","부평","15","12","0","0","3"
"2025-06-02","분당","14","10","0","0","4"
"2025-06-02","상록","10","10","0","0","0"
"2025-06-02","서구","25","25","0","0","0"
"2025-06-02","서대문","17","14","0","0","3"
"2025-06-02","서초가","12","9","0","0","3"
"2025-06-02","서초나","10","9","0","0","1"
"2025-06-02","성동","10","10","0","0","0"
"2025-06-02","성북","26","19","0","0","7"
"2025-06-02","송파","22","16","0","0","6"
"2025-06-02","수정","2","1","0","0","1"
"2025-06-02","수정가","1","1","0","0","0"
"2025-06-02","수지","12","10","0","0","2"
"2025-06-02","시흥남","6","6","0","0","0"
"2025-06-02","시흥북","2","2","0","0","0"
"2025-06-02","아산가","1","1","0","0","0"
"2025-06-02","아산나","4","3","0","0","1"
"2025-06-02","양천","15","13","0","0","2"
"2025-06-02","연수","15","14","0","0","1"
"2025-06-02","영등포","25","25","0","0","0"
"2025-06-02","영통","9","7","0","0","2"
"2025-06-02","용산","12","9","0","0","3"
"2025-06-02","유성","17","12","0","0","5"
"2025-06-02","은평","15","14","0","0","1"
"2025-06-02","의정부","14","13","0","0","1"
"2025-06-02","인천중구","1","1","0","0","0"
"2025-06-02","일산동구","5","5","0","0","0"
"2025-06-02","일산서구","12","12","0","0","0"
"2025-06-02","장안","14","11","0","0","3"
"2025-06-02","종로","5","4","0","0","1"
"2025-06-02","중구","9","9","0","0","0"
"2025-06-02","중랑","12","10","0","0","2"
"2025-06-02","중원","3","3","0","0","0"
"2025-06-02","천안","12","10","0","0","2"
"2025-06-02","팔달","7","7","0","0","0"
"2025-06-02","하남","15","13","0","0","2"
"2025-06-02","화성가","4","4","0","0","0"
"2025-06-02","화성나","6","5","0","0","1"
"2025-06-03","강서","2","0","2","0","0"
"2025-06-03","용산","1","0","0","0","1"
"2025-06-03","중원","1","0","0","0","1"
,"강남","4","0","4","0","0"
,"강남가","35","2","0","0","33"
,"강남나","22","3","0","1","18"
,"강동","23","4","1","0","18"
,"강북","10","1","0","0","9"
,"강서","21","4","0","1","16"
,"계양","6","2","0","1","3"
,"관악가","18","4","0","1","13"
,"광명","6","1","0","0","5"
,"광진","18","2","1","0","15"
,"구로","14","0","1","1","12"
,"구리","3","0","1","0","2"
,"군포","8","3","0","2","3"
,"권선","7","2","0","0","5"
,"금천","5","4","0","0","1"
,"기흥","29","6","0","1","22"
,"김포","22","6","0","0","16"
,"남동구","5","3","0","0","2"
,"남양주","15","1","0","2","12"
,"노원","17","2","0","1","14"
,"단원","6","3","0","1","2"
,"대전서구","4","4","0","0","0"
,"대전중구","2","1","0","0","1"
,"덕양","14","1","1","1","11"
,"도봉","11","1","0","0","10"
,"동대문","18","1","0","1","16"
,"동안","9","1","0","1","7"
,"동작","20","3","0","2","15"
,"마포","18","2","0","1","15"
,"만안","8","3","1","0","4"
,"미추홀","7","6","0","0","1"
,"부천가","10","1","0","0","9"
,"부천다","9","0","0","1","8"
,"부평","15","2","0","1","12"
,"분당","31","3","0","0","28"
,"상록","1","1","0","0","0"
,"서구","6","4","0","0","2"
,"서대문","9","0","0","0","9"
,"서초가","17","1","0","1","15"
,"서초나","21","2","0","0","19"
,"성동","14","1","1","1","11"
,"성북","16","1","0","0","15"
,"송파","41","10","2","3","26"
,"수정","7","2","0","0","5"
,"수정가","1","0","0","0","1"
,"수지","22","2","0","0","20"
,"시흥남","4","1","0","1","2"
,"시흥북","2","1","0","1","0"
,"아산나","4","2","0","1","1"
,"양천","15","1","0","1","13"
,"연수","15","7","0","3","5"
,"영등포","24","5","0","1","18"
,"영통","24","4","2","0","18"
,"용산","16","1","2","1","12"
,"유성","11","10","0","0","1"
,"은평","17","2","0","1","14"
,"의정부","12","0","0","1","11"
,"일산동구","10","0","0","0","10"
,"일산서구","8","1","0","1","6"
,"장안","9","1","0","0","8"
,"종로","9","1","1","0","7"
,"중구","6","0","0","0","6"
,"중랑","16","4","4","2","6"
,"중원","7","2","0","0","5"
,"천안","10","7","0","3","0"
,"팔달","4","1","0","0","3"
,"하남","19","2","0","0","17"
,"화성가","2","1","0","0","1"
,"화성나","14","2","0","1","11"
,"화성다","17","4","0","1","12"
