"날짜","지역","총 물량","지그재그 당일배송","카카오모빌리티","부스터스","other_seller"
"2025-06-01","강남가","24","24","0","0","0"
"2025-06-01","강남나","15","15","0","0","0"
"2025-06-01","강동","26","26","0","0","0"
"2025-06-01","강북","21","21","0","0","0"
"2025-06-01","강서","56","56","0","0","0"
"2025-06-01","계양","10","10","0","0","0"
"2025-06-01","관악가","70","70","0","0","0"
"2025-06-01","광명","10","10","0","0","0"
"2025-06-01","광진","37","37","0","0","0"
"2025-06-01","구로","20","20","0","0","0"
"2025-06-01","구리","15","15","0","0","0"
"2025-06-01","군포","14","14","0","0","0"
"2025-06-01","권선","25","25","0","0","0"
"2025-06-01","금천","38","38","0","0","0"
"2025-06-01","기흥","20","20","0","0","0"
"2025-06-01","김포","34","34","0","0","0"
"2025-06-01","남동구","23","23","0","0","0"
"2025-06-01","남양주","22","22","0","0","0"
"2025-06-01","노원","27","27","0","0","0"
"2025-06-01","단원","20","20","0","0","0"
"2025-06-01","대덕","3","3","0","0","0"
"2025-06-01","대전동구","12","12","0","0","0"
"2025-06-01","대전서구","32","32","0","0","0"
"2025-06-01","대전중구","3","3","0","0","0"
"2025-06-01","덕양","23","23","0","0","0"
"2025-06-01","도봉","16","16","0","0","0"
"2025-06-01","동구","3","3","0","0","0"
"2025-06-01","동대문","24","24","0","0","0"
"2025-06-01","동안","22","22","0","0","0"
"2025-06-01","동작","39","39","0","0","0"
"2025-06-01","마포","39","39","0","0","0"
"2025-06-01","만안","15","15","0","0","0"
"2025-06-01","미추홀","25","25","0","0","0"
"2025-06-01","부천가","20","20","0","0","0"
"2025-06-01","부천나","9","9","0","0","0"
"2025-06-01","부천다","24","24","0","0","0"
"2025-06-01","부평","31","31","0","0","0"
"2025-06-01","분당","36","36","0","0","0"
"2025-06-01","상록","21","21","0","0","0"
"2025-06-01","서구","39","39","0","0","0"
"2025-06-01","서대문","32","32","0","0","0"
"2025-06-01","서초가","7","7","0","0","0"
"2025-06-01","서초나","26","26","0","0","0"
"2025-06-01","성동","30","30","0","0","0"
"2025-06-01","성북","34","34","0","0","0"
"2025-06-01","송파","71","71","0","0","0"
"2025-06-01","수정","12","12","0","0","0"
"2025-06-01","수정가","3","3","0","0","0"
"2025-06-01","수지","22","22","0","0","0"
"2025-06-01","시흥남","23","23","0","0","0"
"2025-06-01","시흥북","5","5","0","0","0"
"2025-06-01","아산가","8","8","0","0","0"
"2025-06-01","아산나","12","12","0","0","0"
"2025-06-01","양천","30","30","0","0","0"
"2025-06-01","연수","14","14","0","0","0"
"2025-06-01","영등포","53","53","0","0","0"
"2025-06-01","영통","41","41","0","0","0"
"2025-06-01","용산","16","16","0","0","0"
"2025-06-01","유성","23","23","0","0","0"
"2025-06-01","은평","48","48","0","0","0"
"2025-06-01","의정부","36","36","0","0","0"
"2025-06-01","일산동구","26","26","0","0","0"
"2025-06-01","일산서구","20","20","0","0","0"
"2025-06-01","장안","16","16","0","0","0"
"2025-06-01","종로","11","11","0","0","0"
"2025-06-01","중구","15","15","0","0","0"
"2025-06-01","중랑","37","37","0","0","0"
"2025-06-01","중원","17","17","0","0","0"
"2025-06-01","천안","36","36","0","0","0"
"2025-06-01","팔달","13","13","0","0","0"
"2025-06-01","하남","22","22","0","0","0"
"2025-06-01","화성가","9","9","0","0","0"
"2025-06-01","화성나","19","19","0","0","0"
"2025-06-01","화성다","18","18","0","0","0"
"2025-06-02","강남","107","1","106","0","0"
"2025-06-02","강남가","418","284","0","71","63"
"2025-06-02","강남나","191","145","0","25","21"
"2025-06-02","강동","560","403","44","76","37"
"2025-06-02","강북","249","209","17","17","6"
"2025-06-02","강서","718","548","55","80","35"
"2025-06-02","계양","218","183","16","15","4"
"2025-06-02","관악","45","0","45","0","0"
"2025-06-02","관악가","750","649","0","72","29"
"2025-06-02","광명","344","263","18","52","11"
"2025-06-02","광진","531","406","37","56","32"
"2025-06-02","구로","422","320","33","53","16"
"2025-06-02","구리","221","175","12","23","11"
"2025-06-02","군포","201","158","17","18","8"
"2025-06-02","권선","322","252","26","28","16"
"2025-06-02","금천","275","214","25","20","16"
"2025-06-02","기흥","374","270","49","30","25"
"2025-06-02","김포","380","280","40","42","18"
"2025-06-02","남동구","348","296","0","36","16"
"2025-06-02","남양주","314","226","39","25","24"
"2025-06-02","노원","460","331","43","60","26"
"2025-06-02","단원","224","192","0","24","8"
"2025-06-02","대덕","57","50","0","5","2"
"2025-06-02","대전동구","133","127","0","6","0"
"2025-06-02","대전서구","397","335","0","45","17"
"2025-06-02","대전중구","109","92","0","11","6"
"2025-06-02","덕양","345","266","32","31","16"
"2025-06-02","도봉","247","180","27","26","14"
"2025-06-02","동구","34","31","0","2","1"
"2025-06-02","동대문","486","393","27","40","26"
"2025-06-02","동안","369","254","37","51","27"
"2025-06-02","동작","491","377","41","56","17"
"2025-06-02","마포","540","380","60","64","36"
"2025-06-02","만안","175","119","23","21","12"
"2025-06-02","미추홀","319","273","0","32","14"
"2025-06-02","부천","77","0","77","0","0"
"2025-06-02","부천가","295","245","0","28","22"
"2025-06-02","부천나","117","101","0","14","2"
"2025-06-02","부천다","225","193","0","21","11"
"2025-06-02","부평","478","361","54","41","22"
"2025-06-02","분당","545","359","64","73","49"
"2025-06-02","상록","185","168","0","11","6"
"2025-06-02","서구","550","455","0","65","30"
"2025-06-02","서대문","359","268","46","32","13"
"2025-06-02","서초","74","0","74","0","0"
"2025-06-02","서초가","194","115","0","46","33"
"2025-06-02","서초나","189","123","0","44","22"
"2025-06-02","성남","13","0","13","0","0"
"2025-06-02","성동","394","276","44","49","25"
"2025-06-02","성북","512","391","40","56","25"
"2025-06-02","송파","786","530","90","100","66"
"2025-06-02","수정","196","152","14","18","12"
"2025-06-02","수정가","25","18","0","4","3"
"2025-06-02","수지","398","243","51","57","47"
"2025-06-02","시흥남","234","206","0","21","7"
"2025-06-02","시흥북","81","76","0","4","1"
"2025-06-02","아산가","74","68","0","5","1"
"2025-06-02","아산나","133","99","0","18","16"
"2025-06-02","양천","360","242","42","44","32"
"2025-06-02","연수","347","269","0","48","30"
"2025-06-02","영등포","555","419","54","52","30"
"2025-06-02","영통","514","375","38","69","32"
"2025-06-02","용산","261","181","29","34","17"
"2025-06-02","유성","336","294","0","32","10"
"2025-06-02","은평","491","367","39","57","28"
"2025-06-02","의정부","428","339","42","33","14"
"2025-06-02","인천중구","18","17","0","0","1"
"2025-06-02","일산동구","319","244","25","29","21"
"2025-06-02","일산서구","234","177","15","26","16"
"2025-06-02","장안","291","231","21","19","20"
"2025-06-02","종로","181","134","20","17","10"
"2025-06-02","중구","192","126","26","19","21"
"2025-06-02","중랑","393","314","27","28","24"
"2025-06-02","중원","192","151","17","16","8"
"2025-06-02","천안","510","406","0","65","39"
"2025-06-02","팔달","226","194","12","15","5"
"2025-06-02","하남","305","212","30","32","31"
"2025-06-02","화성","66","0","66","0","0"
"2025-06-02","화성가","110","95","0","10","5"
"2025-06-02","화성나","230","185","0","29","16"
"2025-06-02","화성다","192","157","0","18","17"
"2025-06-03","강남가","225","225","0","0","0"
"2025-06-03","강남나","91","91","0","0","0"
"2025-06-03","강동","288","288","0","0","0"
"2025-06-03","강북","149","149","0","0","0"
"2025-06-03","강서","387","387","0","0","0"
"2025-06-03","계양","125","125","0","0","0"
"2025-06-03","관악가","544","544","0","0","0"
"2025-06-03","광명","153","153","0","0","0"
"2025-06-03","광진","278","278","0","0","0"
"2025-06-03","구로","265","265","0","0","0"
"2025-06-03","구리","121","121","0","0","0"
"2025-06-03","군포","119","119","0","0","0"
"2025-06-03","권선","179","179","0","0","0"
"2025-06-03","금천","166","166","0","0","0"
"2025-06-03","기흥","213","213","0","0","0"
"2025-06-03","김포","199","199","0","0","0"
"2025-06-03","남동구","231","231","0","0","0"
"2025-06-03","남양주","131","131","0","0","0"
"2025-06-03","노원","258","258","0","0","0"
"2025-06-03","단원","125","125","0","0","0"
"2025-06-03","대덕","44","44","0","0","0"
"2025-06-03","대전동구","97","97","0","0","0"
"2025-06-03","대전서구","257","257","0","0","0"
"2025-06-03","대전중구","68","68","0","0","0"
"2025-06-03","덕양","187","187","0","0","0"
"2025-06-03","도봉","149","149","0","0","0"
"2025-06-03","동구","26","26","0","0","0"
"2025-06-03","동대문","300","300","0","0","0"
"2025-06-03","동안","199","199","0","0","0"
"2025-06-03","동작","289","289","0","0","0"
"2025-06-03","마포","284","284","0","0","0"
"2025-06-03","만안","85","85","0","0","0"
"2025-06-03","미추홀","201","201","0","0","0"
"2025-06-03","부천가","171","171","0","0","0"
"2025-06-03","부천나","91","91","0","0","0"
"2025-06-03","부천다","137","137","0","0","0"
"2025-06-03","부평","219","219","0","0","0"
"2025-06-03","분당","258","258","0","0","0"
"2025-06-03","상록","153","153","0","0","0"
"2025-06-03","서구","319","318","0","0","1"
"2025-06-03","서대문","238","238","0","0","0"
"2025-06-03","서초가","98","98","0","0","0"
"2025-06-03","서초나","124","124","0","0","0"
"2025-06-03","성동","174","174","0","0","0"
"2025-06-03","성북","283","283","0","0","0"
"2025-06-03","송파","419","419","0","0","0"
"2025-06-03","수정","99","99","0","0","0"
"2025-06-03","수정가","16","16","0","0","0"
"2025-06-03","수지","206","206","0","0","0"
"2025-06-03","시흥남","175","175","0","0","0"
"2025-06-03","시흥북","45","45","0","0","0"
"2025-06-03","아산가","43","43","0","0","0"
"2025-06-03","아산나","55","55","0","0","0"
"2025-06-03","양천","210","210","0","0","0"
"2025-06-03","연수","193","193","0","0","0"
"2025-06-03","영등포","296","296","0","0","0"
"2025-06-03","영통","224","224","0","0","0"
"2025-06-03","용산","159","159","0","0","0"
"2025-06-03","유성","215","215","0","0","0"
"2025-06-03","은평","316","316","0","0","0"
"2025-06-03","의정부","271","271","0","0","0"
"2025-06-03","인천중구","10","10","0","0","0"
"2025-06-03","일산동구","166","166","0","0","0"
"2025-06-03","일산서구","130","130","0","0","0"
"2025-06-03","장안","177","177","0","0","0"
"2025-06-03","종로","105","105","0","0","0"
"2025-06-03","중구","102","102","0","0","0"
"2025-06-03","중랑","258","258","0","0","0"
"2025-06-03","중원","99","99","0","0","0"
"2025-06-03","천안","329","329","0","0","0"
"2025-06-03","팔달","140","140","0","0","0"
"2025-06-03","하남","179","179","0","0","0"
"2025-06-03","화성가","75","75","0","0","0"
"2025-06-03","화성나","141","141","0","0","0"
"2025-06-03","화성다","100","100","0","0","0"
"2025-06-04","강남","86","2","84","0","0"
"2025-06-04","강남가","324","220","0","51","53"
"2025-06-04","강남나","150","114","0","19","17"
"2025-06-04","강동","505","372","53","50","30"
"2025-06-04","강북","210","171","16","17","6"
"2025-06-04","강서","658","510","56","58","34"
"2025-06-04","계양","228","189","14","18","7"
"2025-06-04","관악","38","0","38","0","0"
"2025-06-04","관악가","699","640","0","37","22"
"2025-06-04","광명","222","176","20","16","10"
"2025-06-04","광진","385","306","31","29","19"
"2025-06-04","구로","357","290","28","26","13"
"2025-06-04","구리","157","125","9","8","15"
"2025-06-04","군포","199","154","25","17","3"
"2025-06-04","권선","315","245","25","30","15"
"2025-06-04","금천","249","200","19","15","15"
"2025-06-04","기흥","371","266","45","35","25"
"2025-06-04","김포","298","225","30","19","24"
"2025-06-04","남동구","274","247","0","19","8"
"2025-06-04","남양주","258","192","22","26","18"
"2025-06-04","노원","415","323","31","34","27"
"2025-06-04","단원","193","178","0","11","4"
"2025-06-04","대덕","43","39","0","3","1"
"2025-06-04","대전동구","108","101","0","6","1"
"2025-06-04","대전서구","320","276","0","29","15"
"2025-06-04","대전중구","120","106","0","7","7"
"2025-06-04","덕양","245","180","27","23","15"
"2025-06-04","도봉","179","141","10","16","12"
"2025-06-04","동구","33","29","0","4","0"
"2025-06-04","동대문","422","344","32","23","23"
"2025-06-04","동안","360","270","26","41","23"
"2025-06-04","동작","485","387","39","38","21"
"2025-06-04","마포","428","303","38","50","37"
"2025-06-04","만안","192","155","10","19","8"
"2025-06-04","미추홀","233","206","1","19","7"
"2025-06-04","부천","35","0","35","0","0"
"2025-06-04","부천가","269","230","0","20","19"
"2025-06-04","부천나","91","80","0","5","6"
"2025-06-04","부천다","199","171","0","16","12"
"2025-06-04","부평","380","315","28","30","7"
"2025-06-04","분당","454","310","50","47","47"
"2025-06-04","상록","196","177","0","15","4"
"2025-06-04","서구","449","387","0","42","20"
"2025-06-04","서대문","335","262","28","27","18"
"2025-06-04","서초","64","0","64","0","0"
"2025-06-04","서초가","170","119","0","22","29"
"2025-06-04","서초나","184","130","0","32","22"
"2025-06-04","성남","13","0","13","0","0"
"2025-06-04","성동","316","218","31","38","29"
"2025-06-04","성북","458","360","39","31","28"
"2025-06-04","송파","707","505","75","79","48"
"2025-06-04","수정","157","132","12","8","5"
"2025-06-04","수정가","22","18","0","2","2"
"2025-06-04","수지","302","202","34","43","23"
"2025-06-04","시흥남","218","182","0","24","12"
"2025-06-04","시흥북","84","71","0","9","4"
"2025-06-04","아산가","67","60","0","4","3"
"2025-06-04","아산나","98","68","0","19","11"
"2025-06-04","양천","351","254","34","29","34"
"2025-06-04","연수","303","238","0","33","32"
"2025-06-04","영등포","519","417","38","44","20"
"2025-06-04","영통","385","298","27","38","22"
"2025-06-04","용산","243","163","34","26","20"
"2025-06-04","유성","280","234","0","31","15"
"2025-06-04","은평","413","323","37","30","23"
"2025-06-04","의정부","349","289","28","22","10"
"2025-06-04","인천중구","13","12","0","0","1"
"2025-06-04","일산동구","245","183","23","24","15"
"2025-06-04","일산서구","212","165","20","18","9"
"2025-06-04","장안","203","163","14","18","8"
"2025-06-04","종로","161","122","14","14","11"
"2025-06-04","중구","174","123","23","13","15"
"2025-06-04","중랑","343","286","21","23","13"
"2025-06-04","중원","169","141","13","10","5"
"2025-06-04","천안","429","362","0","39","28"
"2025-06-04","팔달","203","166","12","20","5"
"2025-06-04","하남","289","212","29","24","24"
"2025-06-04","화성","61","0","61","0","0"
"2025-06-04","화성가","110","98","0","7","5"
"2025-06-04","화성나","213","169","1","19","24"
"2025-06-04","화성다","183","142","0","22","19"
"2025-06-05","강남","38","0","38","0","0"
"2025-06-05","강남가","297","254","0","24","19"
"2025-06-05","강남나","136","118","0","10","8"
"2025-06-05","강동","465","421","13","23","8"
"2025-06-05","강북","191","175","8","3","5"
"2025-06-05","강서","645","596","16","23","10"
"2025-06-05","계양","202","186","10","4","2"
"2025-06-05","관악","15","0","15","0","0"
"2025-06-05","관악가","699","666","0","19","14"
"2025-06-05","광명","214","187","12","13","2"
"2025-06-05","광진","442","403","21","10","8"
"2025-06-05","구로","371","335","13","15","8"
"2025-06-05","구리","133","117","9","4","3"
"2025-06-05","군포","181","155","9","14","3"
"2025-06-05","권선","294","261","11","17","5"
"2025-06-05","금천","225","207","9","6","3"
"2025-06-05","기흥","306","269","17","14","6"
"2025-06-05","김포","239","207","7","17","8"
"2025-06-05","남동구","278","265","0","9","4"
"2025-06-05","남양주","209","180","10","15","4"
"2025-06-05","노원","372","336","13","12","11"
"2025-06-05","단원","235","221","0","7","7"
"2025-06-05","대덕","37","36","0","1","0"
"2025-06-05","대전동구","120","114","0","6","0"
"2025-06-05","대전서구","308","292","0","12","4"
"2025-06-05","대전중구","130","124","0","6","0"
"2025-06-05","덕양","280","243","18","11","8"
"2025-06-05","도봉","258","238","4","8","8"
"2025-06-05","동구","25","22","0","3","0"
"2025-06-05","동대문","398","358","18","16","6"
"2025-06-05","동안","269","231","13","17","8"
"2025-06-05","동작","426","381","18","15","12"
"2025-06-05","마포","429","371","25","17","16"
"2025-06-05","만안","179","157","9","10","3"
"2025-06-05","미추홀","268","260","0","5","3"
"2025-06-05","부천","30","0","30","0","0"
"2025-06-05","부천가","260","241","0","9","10"
"2025-06-05","부천나","102","95","0","5","2"
"2025-06-05","부천다","218","206","0","8","4"
"2025-06-05","부평","377","344","12","16","5"
"2025-06-05","분당","406","340","17","28","21"
"2025-06-05","상록","193","186","0","5","2"
"2025-06-05","서구","493","436","0","38","19"
"2025-06-05","서대문","301","266","12","15","8"
"2025-06-05","서초","31","0","31","0","0"
"2025-06-05","서초가","141","121","0","9","11"
"2025-06-05","서초나","199","177","0","9","13"
"2025-06-05","성남","7","0","7","0","0"
"2025-06-05","성동","272","221","15","23","13"
"2025-06-05","성북","359","316","18","14","11"
"2025-06-05","송파","600","514","31","33","22"
"2025-06-05","수정","160","139","8","6","7"
"2025-06-05","수정가","15","13","0","2","0"
"2025-06-05","수지","318","251","26","27","14"
"2025-06-05","시흥남","222","210","0","8","4"
"2025-06-05","시흥북","76","70","0","5","1"
"2025-06-05","아산가","69","64","0","4","1"
"2025-06-05","아산나","125","118","0","4","3"
"2025-06-05","양천","338","291","20","21","6"
"2025-06-05","연수","275","250","0","10","15"
"2025-06-05","영등포","464","400","22","34","8"
"2025-06-05","영통","380","321","20","26","13"
"2025-06-05","용산","221","186","17","13","5"
"2025-06-05","유성","283","260","0","15","8"
"2025-06-05","은평","408","363","20","18","7"
"2025-06-05","의정부","351","325","7","10","9"
"2025-06-05","인천중구","19","18","0","1","0"
"2025-06-05","일산동구","281","247","14","10","10"
"2025-06-05","일산서구","199","168","13","11","7"
"2025-06-05","장안","242","223","8","9","2"
"2025-06-05","종로","121","106","6","5","4"
"2025-06-05","중구","146","124","9","6","7"
"2025-06-05","중랑","323","296","8","11","8"
"2025-06-05","중원","199","179","7","8","5"
"2025-06-05","천안","404","381","0","11","12"
"2025-06-05","팔달","185","161","10","11","3"
"2025-06-05","하남","253","220","16","12","5"
"2025-06-05","화성","25","0","25","0","0"
"2025-06-05","화성가","104","98","0","3","3"
"2025-06-05","화성나","208","194","0","10","4"
"2025-06-05","화성다","171","156","0","8","7"
"2025-06-06","강남가","245","245","0","0","0"
"2025-06-06","강남나","93","93","0","0","0"
"2025-06-06","강동","259","259","0","0","0"
"2025-06-06","강북","163","163","0","0","0"
"2025-06-06","강서","385","385","0","0","0"
"2025-06-06","계양","133","133","0","0","0"
"2025-06-06","관악가","440","440","0","0","0"
"2025-06-06","광명","138","138","0","0","0"
"2025-06-06","광진","225","225","0","0","0"
"2025-06-06","구로","230","230","0","0","0"
"2025-06-06","구리","118","118","0","0","0"
"2025-06-06","군포","120","120","0","0","0"
"2025-06-06","권선","178","178","0","0","0"
"2025-06-06","금천","161","161","0","0","0"
"2025-06-06","기흥","187","187","0","0","0"
"2025-06-06","김포","164","164","0","0","0"
"2025-06-06","남동구","217","217","0","0","0"
"2025-06-06","남양주","143","143","0","0","0"
"2025-06-06","노원","243","243","0","0","0"
"2025-06-06","단원","115","115","0","0","0"
"2025-06-06","대덕","34","34","0","0","0"
"2025-06-06","대전동구","71","71","0","0","0"
"2025-06-06","대전서구","189","189","0","0","0"
"2025-06-06","대전중구","59","59","0","0","0"
"2025-06-06","덕양","188","188","0","0","0"
"2025-06-06","도봉","133","133","0","0","0"
"2025-06-06","동구","15","15","0","0","0"
"2025-06-06","동대문","264","264","0","0","0"
"2025-06-06","동안","163","163","0","0","0"
"2025-06-06","동작","251","251","0","0","0"
"2025-06-06","마포","247","247","0","0","0"
"2025-06-06","만안","109","109","0","0","0"
"2025-06-06","미추홀","192","192","0","0","0"
"2025-06-06","부천가","167","167","0","0","0"
"2025-06-06","부천나","54","54","0","0","0"
"2025-06-06","부천다","163","163","0","0","0"
"2025-06-06","부평","232","232","0","0","0"
"2025-06-06","분당","225","225","0","0","0"
"2025-06-06","상록","104","104","0","0","0"
"2025-06-06","서구","297","297","0","0","0"
"2025-06-06","서대문","221","221","0","0","0"
"2025-06-06","서초가","93","93","0","0","0"
"2025-06-06","서초나","104","104","0","0","0"
"2025-06-06","성동","188","188","0","0","0"
"2025-06-06","성북","232","232","0","0","0"
"2025-06-06","송파","428","428","0","0","0"
"2025-06-06","수정","108","108","0","0","0"
"2025-06-06","수정가","11","11","0","0","0"
"2025-06-06","수지","175","175","0","0","0"
"2025-06-06","시흥남","143","143","0","0","0"
"2025-06-06","시흥북","48","48","0","0","0"
"2025-06-06","아산가","38","38","0","0","0"
"2025-06-06","아산나","90","90","0","0","0"
"2025-06-06","양천","192","192","0","0","0"
"2025-06-06","연수","179","179","0","0","0"
"2025-06-06","영등포","283","283","0","0","0"
"2025-06-06","영통","238","238","0","0","0"
"2025-06-06","용산","134","134","0","0","0"
"2025-06-06","유성","178","178","0","0","0"
"2025-06-06","은평","243","243","0","0","0"
"2025-06-06","의정부","215","215","0","0","0"
"2025-06-06","인천중구","10","10","0","0","0"
"2025-06-06","일산동구","171","171","0","0","0"
"2025-06-06","일산서구","141","141","0","0","0"
"2025-06-06","장안","160","160","0","0","0"
"2025-06-06","종로","90","90","0","0","0"
"2025-06-06","중구","92","92","0","0","0"
"2025-06-06","중랑","205","205","0","0","0"
"2025-06-06","중원","89","89","0","0","0"
"2025-06-06","천안","236","236","0","0","0"
"2025-06-06","팔달","108","108","0","0","0"
"2025-06-06","하남","144","144","0","0","0"
"2025-06-06","화성가","79","79","0","0","0"
"2025-06-06","화성나","119","119","0","0","0"
"2025-06-06","화성다","87","87","0","0","0"
"2025-06-07","강남","3","0","3","0","0"
"2025-06-07","강남가","180","169","11","0","0"
"2025-06-07","강남나","97","92","5","0","0"
"2025-06-07","강동","252","247","5","0","0"
"2025-06-07","강북","123","120","3","0","0"
"2025-06-07","강서","369","355","14","0","0"
"2025-06-07","계양","107","104","3","0","0"
"2025-06-07","관악","8","0","8","0","0"
"2025-06-07","관악가","385","381","4","0","0"
"2025-06-07","광명","130","128","2","0","0"
"2025-06-07","광진","237","232","5","0","0"
"2025-06-07","구로","200","193","7","0","0"
"2025-06-07","구리","97","97","0","0","0"
"2025-06-07","군포","117","115","2","0","0"
"2025-06-07","권선","162","157","5","0","0"
"2025-06-07","금천","140","137","3","0","0"
"2025-06-07","기흥","184","173","11","0","0"
"2025-06-07","김포","161","158","3","0","0"
"2025-06-07","남동구","160","160","0","0","0"
"2025-06-07","남양주","119","116","3","0","0"
"2025-06-07","노원","232","220","12","0","0"
"2025-06-07","단원","110","110","0","0","0"
"2025-06-07","대덕","31","31","0","0","0"
"2025-06-07","대전동구","58","58","0","0","0"
"2025-06-07","대전서구","187","187","0","0","0"
"2025-06-07","대전중구","66","66","0","0","0"
"2025-06-07","덕양","169","166","3","0","0"
"2025-06-07","도봉","122","120","2","0","0"
"2025-06-07","동구","25","25","0","0","0"
"2025-06-07","동대문","261","253","8","0","0"
"2025-06-07","동안","182","178","4","0","0"
"2025-06-07","동작","261","245","16","0","0"
"2025-06-07","마포","244","230","14","0","0"
"2025-06-07","만안","108","102","6","0","0"
"2025-06-07","미추홀","165","165","0","0","0"
"2025-06-07","부천","9","0","9","0","0"
"2025-06-07","부천가","141","141","0","0","0"
"2025-06-07","부천나","62","62","0","0","0"
"2025-06-07","부천다","133","133","0","0","0"
"2025-06-07","부평","232","227","5","0","0"
"2025-06-07","분당","216","213","3","0","0"
"2025-06-07","상록","112","112","0","0","0"
"2025-06-07","서구","270","270","0","0","0"
"2025-06-07","서대문","210","207","3","0","0"
"2025-06-07","서초","2","0","2","0","0"
"2025-06-07","서초가","108","103","5","0","0"
"2025-06-07","서초나","85","78","7","0","0"
"2025-06-07","성동","186","175","11","0","0"
"2025-06-07","성북","231","216","15","0","0"
"2025-06-07","송파","358","342","16","0","0"
"2025-06-07","수정","88","87","1","0","0"
"2025-06-07","수정가","7","7","0","0","0"
"2025-06-07","수지","157","151","6","0","0"
"2025-06-07","시흥남","118","118","0","0","0"
"2025-06-07","시흥북","35","35","0","0","0"
"2025-06-07","아산가","40","40","0","0","0"
"2025-06-07","아산나","45","45","0","0","0"
"2025-06-07","양천","212","202","10","0","0"
"2025-06-07","연수","172","172","0","0","0"
"2025-06-07","영등포","272","266","6","0","0"
"2025-06-07","영통","222","217","5","0","0"
"2025-06-07","용산","119","104","15","0","0"
"2025-06-07","유성","158","158","0","0","0"
"2025-06-07","은평","221","216","5","0","0"
"2025-06-07","의정부","202","198","4","0","0"
"2025-06-07","인천중구","8","8","0","0","0"
"2025-06-07","일산동구","144","142","2","0","0"
"2025-06-07","일산서구","120","115","5","0","0"
"2025-06-07","장안","112","108","4","0","0"
"2025-06-07","종로","85","83","2","0","0"
"2025-06-07","중구","67","64","3","0","0"
"2025-06-07","중랑","225","218","7","0","0"
"2025-06-07","중원","114","110","4","0","0"
"2025-06-07","천안","242","242","0","0","0"
"2025-06-07","팔달","101","99","2","0","0"
"2025-06-07","하남","133","131","2","0","0"
"2025-06-07","화성","6","0","6","0","0"
"2025-06-07","화성가","69","69","0","0","0"
"2025-06-07","화성나","104","103","1","0","0"
"2025-06-07","화성다","91","91","0","0","0"
"2025-06-08","강남가","190","190","0","0","0"
"2025-06-08","강남나","97","97","0","0","0"
"2025-06-08","강동","245","245","0","0","0"
"2025-06-08","강북","120","120","0","0","0"
"2025-06-08","강서","367","367","0","0","0"
"2025-06-08","계양","116","116","0","0","0"
"2025-06-08","관악가","432","432","0","0","0"
"2025-06-08","광명","129","129","0","0","0"
"2025-06-08","광진","228","228","0","0","0"
"2025-06-08","구로","180","180","0","0","0"
"2025-06-08","구리","105","105","0","0","0"
"2025-06-08","군포","128","128","0","0","0"
"2025-06-08","권선","181","181","0","0","0"
"2025-06-08","금천","148","148","0","0","0"
"2025-06-08","기흥","188","188","0","0","0"
"2025-06-08","김포","168","168","0","0","0"
"2025-06-08","남동구","212","212","0","0","0"
"2025-06-08","남양주","152","152","0","0","0"
"2025-06-08","노원","216","216","0","0","0"
"2025-06-08","단원","127","127","0","0","0"
"2025-06-08","대덕","26","26","0","0","0"
"2025-06-08","대전동구","72","72","0","0","0"
"2025-06-08","대전서구","176","176","0","0","0"
"2025-06-08","대전중구","76","76","0","0","0"
"2025-06-08","덕양","191","191","0","0","0"
"2025-06-08","도봉","132","132","0","0","0"
"2025-06-08","동구","16","16","0","0","0"
"2025-06-08","동대문","239","239","0","0","0"
"2025-06-08","동안","172","172","0","0","0"
"2025-06-08","동작","273","273","0","0","0"
"2025-06-08","마포","249","249","0","0","0"
"2025-06-08","만안","126","126","0","0","0"
"2025-06-08","미추홀","182","182","0","0","0"
"2025-06-08","부천가","174","174","0","0","0"
"2025-06-08","부천나","66","66","0","0","0"
"2025-06-08","부천다","133","133","0","0","0"
"2025-06-08","부평","288","288","0","0","0"
"2025-06-08","분당","259","259","0","0","0"
"2025-06-08","상록","139","139","0","0","0"
"2025-06-08","서구","284","284","0","0","0"
"2025-06-08","서대문","191","191","0","0","0"
"2025-06-08","서초가","96","96","0","0","0"
"2025-06-08","서초나","89","89","0","0","0"
"2025-06-08","성동","170","170","0","0","0"
"2025-06-08","성북","235","235","0","0","0"
"2025-06-08","송파","357","357","0","0","0"
"2025-06-08","수정","117","117","0","0","0"
"2025-06-08","수정가","12","12","0","0","0"
"2025-06-08","수지","174","174","0","0","0"
"2025-06-08","시흥남","134","134","0","0","0"
"2025-06-08","시흥북","56","56","0","0","0"
"2025-06-08","아산가","50","50","0","0","0"
"2025-06-08","아산나","65","65","0","0","0"
"2025-06-08","양천","155","155","0","0","0"
"2025-06-08","연수","190","190","0","0","0"
"2025-06-08","영등포","219","219","0","0","0"
"2025-06-08","영통","267","267","0","0","0"
"2025-06-08","용산","85","85","0","0","0"
"2025-06-08","유성","170","170","0","0","0"
"2025-06-08","은평","214","214","0","0","0"
"2025-06-08","의정부","235","235","0","0","0"
"2025-06-08","인천중구","12","12","0","0","0"
"2025-06-08","일산동구","142","142","0","0","0"
"2025-06-08","일산서구","137","137","0","0","0"
"2025-06-08","장안","129","129","0","0","0"
"2025-06-08","종로","73","73","0","0","0"
"2025-06-08","중구","74","74","0","0","0"
"2025-06-08","중랑","174","174","0","0","0"
"2025-06-08","중원","93","91","0","0","2"
"2025-06-08","천안","277","277","0","0","0"
"2025-06-08","팔달","133","133","0","0","0"
"2025-06-08","하남","111","111","0","0","0"
"2025-06-08","화성가","85","85","0","0","0"
"2025-06-08","화성나","125","125","0","0","0"
"2025-06-08","화성다","107","107","0","0","0"
"2025-06-09","강남","123","0","123","0","0"
"2025-06-09","강남가","368","238","0","48","82"
"2025-06-09","강남나","164","114","0","22","28"
"2025-06-09","강동","484","317","65","47","55"
"2025-06-09","강북","214","176","16","14","8"
"2025-06-09","강서","622","476","63","40","43"
"2025-06-09","계양","185","154","16","10","5"
"2025-06-09","관악","56","0","56","0","0"
"2025-06-09","관악가","568","512","0","30","26"
"2025-06-09","광명","249","177","27","24","21"
"2025-06-09","광진","423","303","50","37","33"
"2025-06-09","구로","316","232","36","24","24"
"2025-06-09","구리","162","120","14","9","19"
"2025-06-09","군포","196","132","30","18","16"
"2025-06-09","권선","285","219","31","15","20"
"2025-06-09","금천","218","159","32","15","12"
"2025-06-09","기흥","310","192","55","18","45"
"2025-06-09","김포","276","183","46","18","29"
"2025-06-09","남동구","271","231","0","19","21"
"2025-06-09","남양주","231","151","38","23","19"
"2025-06-09","노원","394","288","53","32","21"
"2025-06-09","단원","182","160","0","14","8"
"2025-06-09","대덕","44","38","0","2","4"
"2025-06-09","대전동구","98","88","0","9","1"
"2025-06-09","대전서구","307","268","0","18","21"
"2025-06-09","대전중구","99","80","0","6","13"
"2025-06-09","덕양","272","196","27","25","24"
"2025-06-09","도봉","196","137","21","18","20"
"2025-06-09","동구","19","17","0","2","0"
"2025-06-09","동대문","361","277","34","20","30"
"2025-06-09","동안","306","199","41","30","36"
"2025-06-09","동작","449","315","59","47","28"
"2025-06-09","마포","436","295","56","39","46"
"2025-06-09","만안","176","134","17","13","12"
"2025-06-09","미추홀","243","216","0","18","9"
"2025-06-09","부천","75","0","75","0","0"
"2025-06-09","부천가","239","201","0","14","24"
"2025-06-09","부천나","95","85","0","7","3"
"2025-06-09","부천다","207","176","0","18","13"
"2025-06-09","부평","328","243","53","17","15"
"2025-06-09","분당","468","280","72","49","67"
"2025-06-09","상록","162","146","0","9","7"
"2025-06-09","서구","372","311","0","31","30"
"2025-06-09","서대문","342","237","34","36","35"
"2025-06-09","서초","73","0","73","0","0"
"2025-06-09","서초가","179","114","0","22","43"
"2025-06-09","서초나","176","125","0","19","32"
"2025-06-09","성남","18","0","18","0","0"
"2025-06-09","성동","295","193","45","33","24"
"2025-06-09","성북","412","303","46","35","28"
"2025-06-09","송파","780","501","138","70","71"
"2025-06-09","수정","180","134","22","11","13"
"2025-06-09","수정가","22","16","0","3","3"
"2025-06-09","수지","348","218","53","38","39"
"2025-06-09","시흥남","170","142","0","13","15"
"2025-06-09","시흥북","59","50","0","4","5"
"2025-06-09","아산가","70","62","0","4","4"
"2025-06-09","아산나","98","73","0","13","12"
"2025-06-09","양천","329","201","51","29","48"
"2025-06-09","연수","292","224","0","28","40"
"2025-06-09","영등포","503","366","51","46","40"
"2025-06-09","영통","424","296","54","36","38"
"2025-06-09","용산","235","132","52","21","30"
"2025-06-09","유성","272","212","0","29","31"
"2025-06-09","은평","420","301","47","31","41"
"2025-06-09","의정부","365","264","35","27","39"
"2025-06-09","인천중구","13","13","0","0","0"
"2025-06-09","일산동구","252","165","31","27","29"
"2025-06-09","일산서구","198","134","33","13","18"
"2025-06-09","장안","216","151","27","19","19"
"2025-06-09","종로","168","116","25","16","11"
"2025-06-09","중구","153","95","34","6","18"
"2025-06-09","중랑","320","241","32","18","29"
"2025-06-09","중원","182","151","19","10","2"
"2025-06-09","천안","376","316","0","16","44"
"2025-06-09","팔달","189","133","30","12","14"
"2025-06-09","하남","265","181","44","21","19"
"2025-06-09","화성","81","0","81","0","0"
"2025-06-09","화성가","94","73","0","9","12"
"2025-06-09","화성나","199","150","0","23","26"
"2025-06-09","화성다","154","122","0","8","24"
"2025-06-10","강남","44","0","44","0","0"
"2025-06-10","강남가","262","216","0","32","14"
"2025-06-10","강남나","115","97","0","16","2"
"2025-06-10","강동","403","343","27","26","7"
"2025-06-10","강북","174","154","10","6","4"
"2025-06-10","강서","523","467","19","27","10"
"2025-06-10","계양","172","151","10","11","0"
"2025-06-10","관악","19","0","19","0","0"
"2025-06-10","관악가","540","519","0","15","6"
"2025-06-10","광명","198","160","22","11","5"
"2025-06-10","광진","328","286","18","15","9"
"2025-06-10","구로","314","271","19","18","6"
"2025-06-10","구리","141","122","7","10","2"
"2025-06-10","군포","147","126","7","14","0"
"2025-06-10","권선","284","249","11","19","5"
"2025-06-10","금천","215","186","7","13","9"
"2025-06-10","기흥","250","199","30","17","4"
"2025-06-10","김포","234","194","18","19","3"
"2025-06-10","남동구","229","213","0","13","3"
"2025-06-10","남양주","179","157","13","5","4"
"2025-06-10","노원","330","287","24","12","7"
"2025-06-10","단원","173","165","0","7","1"
"2025-06-10","대덕","50","48","0","2","0"
"2025-06-10","대전동구","101","97","0","4","0"
"2025-06-10","대전서구","258","241","0","14","3"
"2025-06-10","대전중구","91","79","0","9","3"
"2025-06-10","덕양","252","222","17","10","3"
"2025-06-10","도봉","168","150","9","8","1"
"2025-06-10","동구","14","14","0","0","0"
"2025-06-10","동대문","365","336","12","14","3"
"2025-06-10","동안","240","197","14","20","9"
"2025-06-10","동작","357","315","15","21","6"
"2025-06-10","마포","350","299","17","26","8"
"2025-06-10","만안","167","146","10","10","1"
"2025-06-10","미추홀","228","215","1","11","1"
"2025-06-10","부천","25","0","25","0","0"
"2025-06-10","부천가","220","212","0","8","0"
"2025-06-10","부천나","82","78","0","4","0"
"2025-06-10","부천다","177","161","0","10","6"
"2025-06-10","부평","343","307","18","14","4"
"2025-06-10","분당","312","262","15","28","7"
"2025-06-10","상록","162","155","0","6","1"
"2025-06-10","서구","375","350","0","22","3"
"2025-06-10","서대문","254","220","8","21","5"
"2025-06-10","서초","36","0","36","0","0"
"2025-06-10","서초가","138","112","0","18","8"
"2025-06-10","서초나","143","127","0","15","1"
"2025-06-10","성남","4","0","4","0","0"
"2025-06-10","성동","231","204","16","11","0"
"2025-06-10","성북","372","333","19","17","3"
"2025-06-10","송파","611","498","46","53","14"
"2025-06-10","수정","132","120","6","5","1"
"2025-06-10","수정가","20","19","0","1","0"
"2025-06-10","수지","272","225","16","26","5"
"2025-06-10","시흥남","184","167","0","16","1"
"2025-06-10","시흥북","59","57","0","2","0"
"2025-06-10","아산가","48","47","0","1","0"
"2025-06-10","아산나","98","91","0","7","0"
"2025-06-10","양천","247","214","14","14","5"
"2025-06-10","연수","233","210","0","21","2"
"2025-06-10","영등포","425","379","22","13","11"
"2025-06-10","영통","289","240","18","27","4"
"2025-06-10","용산","178","136","19","18","5"
"2025-06-10","유성","219","207","0","10","2"
"2025-06-10","은평","336","292","12","19","13"
"2025-06-10","의정부","287","251","9","20","7"
"2025-06-10","인천중구","9","9","0","0","0"
"2025-06-10","일산동구","203","168","11","17","7"
"2025-06-10","일산서구","192","168","7","14","3"
"2025-06-10","장안","177","153","13","9","2"
"2025-06-10","종로","138","122","7","9","0"
"2025-06-10","중구","129","105","7","12","5"
"2025-06-10","중랑","291","261","15","10","5"
"2025-06-10","중원","137","124","4","5","4"
"2025-06-10","천안","383","361","0","19","3"
"2025-06-10","팔달","158","135","12","7","4"
"2025-06-10","하남","207","171","17","14","5"
"2025-06-10","화성","40","0","40","0","0"
"2025-06-10","화성가","75","71","0","4","0"
"2025-06-10","화성나","166","147","0","14","5"
"2025-06-10","화성다","144","131","0","9","4"
"2025-06-11","강남","33","0","33","0","0"
"2025-06-11","강남가","297","261","0","22","14"
"2025-06-11","강남나","129","119","0","8","2"
"2025-06-11","강동","402","354","21","22","5"
"2025-06-11","강북","217","193","12","9","3"
"2025-06-11","강서","606","546","31","23","6"
"2025-06-11","계양","202","174","15","11","2"
"2025-06-11","관악","26","0","26","0","0"
"2025-06-11","관악가","650","629","0","16","5"
"2025-06-11","광명","222","195","15","10","2"
"2025-06-11","광진","396","355","18","17","6"
"2025-06-11","구로","377","335","20","12","10"
"2025-06-11","구리","155","137","12","5","1"
"2025-06-11","군포","183","160","13","8","2"
"2025-06-11","권선","284","255","10","9","10"
"2025-06-11","금천","251","230","9","5","7"
"2025-06-11","기흥","316","285","19","9","3"
"2025-06-11","김포","307","245","29","26","7"
"2025-06-11","남동구","297","273","0","19","5"
"2025-06-11","남양주","244","217","13","10","4"
"2025-06-11","노원","339","297","16","18","8"
"2025-06-11","단원","198","185","0","10","3"
"2025-06-11","대덕","46","43","0","2","1"
"2025-06-11","대전동구","122","117","0","4","1"
"2025-06-11","대전서구","323","301","0","19","3"
"2025-06-11","대전중구","118","111","0","6","1"
"2025-06-11","덕양","263","228","20","10","5"
"2025-06-11","도봉","186","163","7","14","2"
"2025-06-11","동구","25","23","0","2","0"
"2025-06-11","동대문","392","348","18","19","7"
"2025-06-11","동안","275","241","14","15","5"
"2025-06-11","동작","412","377","16","14","5"
"2025-06-11","마포","408","352","24","26","6"
"2025-06-11","만안","160","145","8","4","3"
"2025-06-11","미추홀","249","230","0","17","2"
"2025-06-11","부천","33","0","33","0","0"
"2025-06-11","부천가","239","225","0","13","1"
"2025-06-11","부천나","107","103","0","2","2"
"2025-06-11","부천다","203","197","0","3","3"
"2025-06-11","부평","324","296","10","11","7"
"2025-06-11","분당","353","287","26","26","14"
"2025-06-11","상록","190","182","0","7","1"
"2025-06-11","서구","421","393","0","25","3"
"2025-06-11","서대문","321","283","19","15","4"
"2025-06-11","서초","27","0","27","0","0"
"2025-06-11","서초가","146","123","0","14","9"
"2025-06-11","서초나","168","159","0","8","1"
"2025-06-11","성남","4","0","4","0","0"
"2025-06-11","성동","249","203","19","18","9"
"2025-06-11","성북","411","360","18","27","6"
"2025-06-11","송파","612","539","28","29","16"
"2025-06-11","수정","185","160","4","14","7"
"2025-06-11","수정가","19","19","0","0","0"
"2025-06-11","수지","265","213","25","22","5"
"2025-06-11","시흥남","173","167","0","5","1"
"2025-06-11","시흥북","86","82","0","3","1"
"2025-06-11","아산가","64","61","0","3","0"
"2025-06-11","아산나","98","81","0","16","1"
"2025-06-11","양천","299","249","12","22","16"
"2025-06-11","연수","235","215","0","15","5"
"2025-06-11","영등포","452","409","22","15","6"
"2025-06-11","영통","416","369","22","17","8"
"2025-06-11","용산","194","162","13","14","5"
"2025-06-11","유성","284","273","0","10","1"
"2025-06-11","은평","411","352","17","30","12"
"2025-06-11","의정부","353","327","11","11","4"
"2025-06-11","인천중구","8","7","0","1","0"
"2025-06-11","일산동구","221","199","12","5","5"
"2025-06-11","일산서구","225","197","17","11","0"
"2025-06-11","장안","210","185","11","6","8"
"2025-06-11","종로","149","133","10","5","1"
"2025-06-11","중구","141","117","10","8","6"
"2025-06-11","중랑","293","271","11","9","2"
"2025-06-11","중원","167","146","10","9","2"
"2025-06-11","천안","392","366","0","17","9"
"2025-06-11","팔달","192","177","5","6","4"
"2025-06-11","하남","194","165","18","8","3"
"2025-06-11","화성","29","0","29","0","0"
"2025-06-11","화성가","88","80","0","4","4"
"2025-06-11","화성나","187","175","0","7","5"
"2025-06-11","화성다","171","158","0","8","5"
"2025-06-12","강남","42","0","42","0","0"
"2025-06-12","강남가","303","270","0","24","9"
"2025-06-12","강남나","125","112","0","11","2"
"2025-06-12","강동","430","374","24","27","5"
"2025-06-12","강북","215","198","7","8","2"
"2025-06-12","강서","651","585","31","18","17"
"2025-06-12","계양","213","199","6","4","4"
"2025-06-12","관악","17","0","17","0","0"
"2025-06-12","관악가","696","670","0","16","10"
"2025-06-12","광명","215","183","12","16","4"
"2025-06-12","광진","414","371","12","15","16"
"2025-06-12","구로","391","363","11","12","5"
"2025-06-12","구리","150","134","12","3","1"
"2025-06-12","군포","188","173","7","8","0"
"2025-06-12","권선","319","293","10","11","5"
"2025-06-12","금천","294","273","11","8","2"
"2025-06-12","기흥","276","243","14","17","2"
"2025-06-12","김포","300","262","13","18","7"
"2025-06-12","남동구","309","298","0","7","4"
"2025-06-12","남양주","228","198","16","9","5"
"2025-06-12","노원","386","340","22","17","7"
"2025-06-12","단원","208","202","0","5","1"
"2025-06-12","대덕","36","36","0","0","0"
"2025-06-12","대전동구","114","109","0","4","1"
"2025-06-12","대전서구","362","338","0","15","9"
"2025-06-12","대전중구","118","115","0","3","0"
"2025-06-12","덕양","270","236","16","11","7"
"2025-06-12","도봉","219","189","12","14","4"
"2025-06-12","동구","26","26","0","0","0"
"2025-06-12","동대문","392","369","11","10","2"
"2025-06-12","동안","303","257","17","19","10"
"2025-06-12","동작","433","398","20","10","5"
"2025-06-12","마포","405","356","25","19","5"
"2025-06-12","만안","164","140","9","8","7"
"2025-06-12","미추홀","287","275","0","10","2"
"2025-06-12","부천","26","0","26","0","0"
"2025-06-12","부천가","249","230","0","18","1"
"2025-06-12","부천나","87","84","0","3","0"
"2025-06-12","부천다","200","186","0","10","4"
"2025-06-12","부평","352","328","12","9","3"
"2025-06-12","분당","409","341","25","31","12"
"2025-06-12","상록","175","169","0","6","0"
"2025-06-12","서구","459","431","0","21","7"
"2025-06-12","서대문","288","256","10","13","9"
"2025-06-12","서초","18","0","18","0","0"
"2025-06-12","서초가","154","135","0","18","1"
"2025-06-12","서초나","173","154","0","12","7"
"2025-06-12","성남","4","0","4","0","0"
"2025-06-12","성동","273","226","22","17","8"
"2025-06-12","성북","403","351","25","20","7"
"2025-06-12","송파","581","509","24","30","18"
"2025-06-12","수정","182","169","3","8","2"
"2025-06-12","수정가","24","23","0","1","0"
"2025-06-12","수지","278","241","13","15","9"
"2025-06-12","시흥남","214","202","0","11","1"
"2025-06-12","시흥북","65","62","0","2","1"
"2025-06-12","아산가","60","58","0","2","0"
"2025-06-12","아산나","98","88","0","9","1"
"2025-06-12","양천","294","250","20","19","5"
"2025-06-12","연수","314","294","0","13","7"
"2025-06-12","영등포","418","385","12","12","9"
"2025-06-12","영통","385","339","18","24","4"
"2025-06-12","용산","184","168","9","5","2"
"2025-06-12","유성","293","280","0","9","4"
"2025-06-12","은평","413","381","11","14","7"
"2025-06-12","의정부","326","291","11","13","11"
"2025-06-12","인천중구","14","14","0","0","0"
"2025-06-12","일산동구","223","197","8","11","7"
"2025-06-12","일산서구","182","165","9","5","3"
"2025-06-12","장안","222","199","11","10","2"
"2025-06-12","종로","155","142","5","4","4"
"2025-06-12","중구","158","137","11","5","5"
"2025-06-12","중랑","348","310","17","10","11"
"2025-06-12","중원","183","171","8","3","1"
"2025-06-12","천안","404","389","0","8","7"
"2025-06-12","팔달","171","159","3","4","5"
"2025-06-12","하남","241","207","21","7","6"
"2025-06-12","화성","23","0","23","0","0"
"2025-06-12","화성가","106","98","0","5","3"
"2025-06-12","화성나","162","147","0","10","5"
"2025-06-12","화성다","161","141","0","15","5"
"2025-06-13","강남","73","0","73","0","0"
"2025-06-13","강남가","303","270","0","21","12"
"2025-06-13","강남나","121","108","0","12","1"
"2025-06-13","강동","497","428","28","28","13"
"2025-06-13","강북","255","242","6","7","0"
"2025-06-13","강서","655","585","31","25","14"
"2025-06-13","계양","178","152","16","8","2"
"2025-06-13","관악","26","0","26","0","0"
"2025-06-13","관악가","737","707","0","19","11"
"2025-06-13","광명","227","206","7","13","1"
"2025-06-13","광진","471","416","24","17","14"
"2025-06-13","구로","402","358","25","14","5"
"2025-06-13","구리","140","113","12","11","4"
"2025-06-13","군포","210","190","11","7","2"
"2025-06-13","권선","294","257","23","7","7"
"2025-06-13","금천","265","236","13","7","9"
"2025-06-13","기흥","339","287","28","15","9"
"2025-06-13","김포","339","300","22","11","6"
"2025-06-13","남동구","341","327","0","14","0"
"2025-06-13","남양주","239","209","17","12","1"
"2025-06-13","노원","383","327","29","22","5"
"2025-06-13","단원","198","185","0","11","2"
"2025-06-13","대덕","53","49","0","4","0"
"2025-06-13","대전동구","113","112","0","1","0"
"2025-06-13","대전서구","275","254","0","16","5"
"2025-06-13","대전중구","112","108","0","3","1"
"2025-06-13","덕양","267","238","11","14","4"
"2025-06-13","도봉","248","220","17","9","2"
"2025-06-13","동구","29","27","0","2","0"
"2025-06-13","동대문","409","364","25","12","8"
"2025-06-13","동안","290","243","24","16","7"
"2025-06-13","동작","478","426","21","20","11"
"2025-06-13","마포","432","371","30","21","10"
"2025-06-13","만안","181","162","10","7","2"
"2025-06-13","미추홀","280","271","0","7","2"
"2025-06-13","부천","41","0","41","0","0"
"2025-06-13","부천가","260","251","0","5","4"
"2025-06-13","부천나","127","119","0","5","3"
"2025-06-13","부천다","220","214","0","3","3"
"2025-06-13","부평","395","351","26","10","8"
"2025-06-13","분당","371","301","31","29","10"
"2025-06-13","상록","167","159","0","6","2"
"2025-06-13","서구","454","435","0","15","4"
"2025-06-13","서대문","337","296","20","17","4"
"2025-06-13","서초","47","0","47","0","0"
"2025-06-13","서초가","155","135","0","16","4"
"2025-06-13","서초나","164","154","0","8","2"
"2025-06-13","성남","9","0","9","0","0"
"2025-06-13","성동","280","234","21","16","9"
"2025-06-13","성북","381","323","36","13","9"
"2025-06-13","송파","665","562","52","32","19"
"2025-06-13","수정","182","168","10","3","1"
"2025-06-13","수정가","14","14","0","0","0"
"2025-06-13","수지","283","229","22","27","5"
"2025-06-13","시흥남","196","189","0","5","2"
"2025-06-13","시흥북","76","73","0","3","0"
"2025-06-13","아산가","49","45","0","2","2"
"2025-06-13","아산나","113","104","0","8","1"
"2025-06-13","양천","298","252","25","14","7"
"2025-06-13","연수","267","256","0","10","1"
"2025-06-13","영등포","474","418","34","15","7"
"2025-06-13","영통","394","342","26","21","5"
"2025-06-13","용산","189","155","12","20","2"
"2025-06-13","유성","238","224","0","9","5"
"2025-06-13","은평","450","392","26","16","16"
"2025-06-13","의정부","378","344","21","8","5"
"2025-06-13","인천중구","23","21","0","2","0"
"2025-06-13","일산동구","217","181","23","8","5"
"2025-06-13","일산서구","181","160","13","6","2"
"2025-06-13","장안","225","203","8","6","8"
"2025-06-13","종로","157","138","12","2","5"
"2025-06-13","중구","163","137","15","6","5"
"2025-06-13","중랑","347","307","24","10","6"
"2025-06-13","중원","192","173","8","9","2"
"2025-06-13","천안","403","376","0","26","1"
"2025-06-13","팔달","179","158","6","10","5"
"2025-06-13","하남","265","227","24","11","3"
"2025-06-13","화성","45","0","45","0","0"
"2025-06-13","화성가","106","101","0","5","0"
"2025-06-13","화성나","207","197","0","5","5"
"2025-06-13","화성다","182","166","0","10","6"
"2025-06-14","강남","3","0","3","0","0"
"2025-06-14","강남가","195","186","9","0","0"
"2025-06-14","강남나","79","77","2","0","0"
"2025-06-14","강동","270","268","2","0","0"
"2025-06-14","강북","152","146","6","0","0"
"2025-06-14","강서","373","360","13","0","0"
"2025-06-14","계양","130","128","2","0","0"
"2025-06-14","관악","1","0","1","0","0"
"2025-06-14","관악가","446","442","4","0","0"
"2025-06-14","광명","141","138","3","0","0"
"2025-06-14","광진","264","261","3","0","0"
"2025-06-14","구로","252","244","8","0","0"
"2025-06-14","구리","93","91","2","0","0"
"2025-06-14","군포","116","116","0","0","0"
"2025-06-14","권선","163","160","3","0","0"
"2025-06-14","금천","139","137","2","0","0"
"2025-06-14","기흥","217","211","6","0","0"
"2025-06-14","김포","165","162","3","0","0"
"2025-06-14","남동구","214","214","0","0","0"
"2025-06-14","남양주","141","141","0","0","0"
"2025-06-14","노원","244","239","5","0","0"
"2025-06-14","단원","130","130","0","0","0"
"2025-06-14","대덕","31","31","0","0","0"
"2025-06-14","대전동구","66","66","0","0","0"
"2025-06-14","대전서구","220","220","0","0","0"
"2025-06-14","대전중구","62","62","0","0","0"
"2025-06-14","덕양","167","165","2","0","0"
"2025-06-14","도봉","135","134","1","0","0"
"2025-06-14","동구","12","12","0","0","0"
"2025-06-14","동대문","237","227","10","0","0"
"2025-06-14","동안","160","159","1","0","0"
"2025-06-14","동작","276","267","8","1","0"
"2025-06-14","마포","239","231","8","0","0"
"2025-06-14","만안","128","127","1","0","0"
"2025-06-14","미추홀","202","202","0","0","0"
"2025-06-14","부천","6","0","6","0","0"
"2025-06-14","부천가","167","167","0","0","0"
"2025-06-14","부천나","66","66","0","0","0"
"2025-06-14","부천다","157","157","0","0","0"
"2025-06-14","부평","209","207","2","0","0"
"2025-06-14","분당","213","208","5","0","0"
"2025-06-14","상록","116","116","0","0","0"
"2025-06-14","서구","285","285","0","0","0"
"2025-06-14","서대문","203","194","9","0","0"
"2025-06-14","서초","1","0","1","0","0"
"2025-06-14","서초가","85","81","4","0","0"
"2025-06-14","서초나","79","76","3","0","0"
"2025-06-14","성동","162","159","3","0","0"
"2025-06-14","성북","262","252","10","0","0"
"2025-06-14","송파","377","364","13","0","0"
"2025-06-14","수정","121","121","0","0","0"
"2025-06-14","수정가","14","13","0","1","0"
"2025-06-14","수지","184","182","2","0","0"
"2025-06-14","시흥남","126","126","0","0","0"
"2025-06-14","시흥북","30","30","0","0","0"
"2025-06-14","아산가","40","40","0","0","0"
"2025-06-14","아산나","71","71","0","0","0"
"2025-06-14","양천","195","190","5","0","0"
"2025-06-14","연수","165","165","0","0","0"
"2025-06-14","영등포","299","292","7","0","0"
"2025-06-14","영통","265","260","5","0","0"
"2025-06-14","용산","124","114","10","0","0"
"2025-06-14","유성","158","158","0","0","0"
"2025-06-14","은평","278","275","3","0","0"
"2025-06-14","의정부","210","208","2","0","0"
"2025-06-14","인천중구","15","15","0","0","0"
"2025-06-14","일산동구","146","142","4","0","0"
"2025-06-14","일산서구","138","134","4","0","0"
"2025-06-14","장안","130","127","3","0","0"
"2025-06-14","종로","95","87","8","0","0"
"2025-06-14","중구","83","80","3","0","0"
"2025-06-14","중랑","201","195","6","0","0"
"2025-06-14","중원","126","125","1","0","0"
"2025-06-14","천안","263","263","0","0","0"
"2025-06-14","팔달","107","107","0","0","0"
"2025-06-14","하남","144","141","3","0","0"
"2025-06-14","화성","1","0","1","0","0"
"2025-06-14","화성가","73","73","0","0","0"
"2025-06-14","화성나","101","101","0","0","0"
"2025-06-14","화성다","112","111","0","1","0"
"2025-06-15","강남가","170","170","0","0","0"
"2025-06-15","강남나","72","72","0","0","0"
"2025-06-15","강동","230","230","0","0","0"
"2025-06-15","강북","144","144","0","0","0"
"2025-06-15","강서","394","394","0","0","0"
"2025-06-15","계양","139","139","0","0","0"
"2025-06-15","관악가","419","419","0","0","0"
"2025-06-15","광명","141","141","0","0","0"
"2025-06-15","광진","235","235","0","0","0"
"2025-06-15","구로","205","205","0","0","0"
"2025-06-15","구리","114","114","0","0","0"
"2025-06-15","군포","124","124","0","0","0"
"2025-06-15","권선","188","188","0","0","0"
"2025-06-15","금천","140","140","0","0","0"
"2025-06-15","기흥","218","218","0","0","0"
"2025-06-15","김포","208","208","0","0","0"
"2025-06-15","남동구","238","238","0","0","0"
"2025-06-15","남양주","149","149","0","0","0"
"2025-06-15","노원","235","235","0","0","0"
"2025-06-15","단원","150","150","0","0","0"
"2025-06-15","대덕","30","30","0","0","0"
"2025-06-15","대전동구","75","75","0","0","0"
"2025-06-15","대전서구","219","219","0","0","0"
"2025-06-15","대전중구","67","67","0","0","0"
"2025-06-15","덕양","201","201","0","0","0"
"2025-06-15","도봉","141","141","0","0","0"
"2025-06-15","동구","14","14","0","0","0"
"2025-06-15","동대문","219","219","0","0","0"
"2025-06-15","동안","158","158","0","0","0"
"2025-06-15","동작","232","232","0","0","0"
"2025-06-15","마포","248","248","0","0","0"
"2025-06-15","만안","122","122","0","0","0"
"2025-06-15","미추홀","181","181","0","0","0"
"2025-06-15","부천가","201","201","0","0","0"
"2025-06-15","부천나","72","72","0","0","0"
"2025-06-15","부천다","148","148","0","0","0"
"2025-06-15","부평","293","293","0","0","0"
"2025-06-15","분당","293","293","0","0","0"
"2025-06-15","상록","148","148","0","0","0"
"2025-06-15","서구","339","339","0","0","0"
"2025-06-15","서대문","222","222","0","0","0"
"2025-06-15","서초가","101","101","0","0","0"
"2025-06-15","서초나","96","96","0","0","0"
"2025-06-15","성동","144","144","0","0","0"
"2025-06-15","성북","258","258","0","0","0"
"2025-06-15","송파","382","382","0","0","0"
"2025-06-15","수정","94","94","0","0","0"
"2025-06-15","수정가","11","11","0","0","0"
"2025-06-15","수지","200","200","0","0","0"
"2025-06-15","시흥남","148","148","0","0","0"
"2025-06-15","시흥북","44","44","0","0","0"
"2025-06-15","아산가","53","53","0","0","0"
"2025-06-15","아산나","66","66","0","0","0"
"2025-06-15","양천","172","172","0","0","0"
"2025-06-15","연수","222","222","0","0","0"
"2025-06-15","영등포","281","281","0","0","0"
"2025-06-15","영통","264","264","0","0","0"
"2025-06-15","용산","105","105","0","0","0"
"2025-06-15","유성","163","163","0","0","0"
"2025-06-15","은평","239","239","0","0","0"
"2025-06-15","의정부","239","239","0","0","0"
"2025-06-15","인천중구","15","15","0","0","0"
"2025-06-15","일산동구","170","170","0","0","0"
"2025-06-15","일산서구","146","146","0","0","0"
"2025-06-15","장안","132","132","0","0","0"
"2025-06-15","종로","89","89","0","0","0"
"2025-06-15","중구","96","96","0","0","0"
"2025-06-15","중랑","194","194","0","0","0"
"2025-06-15","중원","134","134","0","0","0"
"2025-06-15","천안","322","322","0","0","0"
"2025-06-15","팔달","135","135","0","0","0"
"2025-06-15","하남","142","142","0","0","0"
"2025-06-15","화성가","70","70","0","0","0"
"2025-06-15","화성나","133","133","0","0","0"
"2025-06-15","화성다","100","100","0","0","0"
"2025-06-16","강남","141","0","141","0","0"
"2025-06-16","강남가","390","253","0","111","26"
"2025-06-16","강남나","174","125","0","41","8"
"2025-06-16","강동","587","408","58","98","23"
"2025-06-16","강북","200","150","20","26","4"
"2025-06-16","강서","721","518","71","107","25"
"2025-06-16","계양","223","168","23","30","2"
"2025-06-16","관악","58","0","58","0","0"
"2025-06-16","관악가","668","570","0","76","22"
"2025-06-16","광명","271","183","34","46","8"
"2025-06-16","광진","462","334","56","57","15"
"2025-06-16","구로","409","302","44","47","16"
"2025-06-16","구리","196","147","20","24","5"
"2025-06-16","군포","208","157","21","30","0"
"2025-06-16","권선","318","231","35","43","9"
"2025-06-16","금천","266","214","20","21","11"
"2025-06-16","기흥","373","246","62","54","11"
"2025-06-16","김포","314","228","39","38","9"
"2025-06-16","남동구","385","325","0","53","7"
"2025-06-16","남양주","296","216","31","35","14"
"2025-06-16","노원","448","332","56","50","10"
"2025-06-16","단원","198","168","0","29","1"
"2025-06-16","대덕","45","36","0","6","3"
"2025-06-16","대전동구","117","96","0","18","3"
"2025-06-16","대전서구","384","305","0","68","11"
"2025-06-16","대전중구","133","105","0","23","5"
"2025-06-16","덕양","340","245","42","42","11"
"2025-06-16","도봉","260","194","29","30","7"
"2025-06-16","동구","26","24","0","2","0"
"2025-06-16","동대문","460","358","43","51","8"
"2025-06-16","동안","367","231","52","72","12"
"2025-06-16","동작","499","373","39","69","18"
"2025-06-16","마포","524","351","71","79","23"
"2025-06-16","만안","210","146","25","29","10"
"2025-06-16","미추홀","289","243","2","36","8"
"2025-06-16","부천","66","0","66","0","0"
"2025-06-16","부천가","263","216","0","37","10"
"2025-06-16","부천나","106","87","0","16","3"
"2025-06-16","부천다","259","214","0","35","10"
"2025-06-16","부평","421","334","21","48","18"
"2025-06-16","분당","526","320","80","113","13"
"2025-06-16","상록","203","182","0","17","4"
"2025-06-16","서구","492","414","0","68","10"
"2025-06-16","서대문","379","272","39","58","10"
"2025-06-16","서초","86","0","86","0","0"
"2025-06-16","서초가","199","123","0","67","9"
"2025-06-16","서초나","225","159","0","52","14"
"2025-06-16","성남","20","0","20","0","0"
"2025-06-16","성동","342","225","45","68","4"
"2025-06-16","성북","507","383","48","62","14"
"2025-06-16","송파","838","521","107","170","40"
"2025-06-16","수정","205","159","19","23","4"
"2025-06-16","수정가","14","8","0","6","0"
"2025-06-16","수지","447","284","67","80","16"
"2025-06-16","시흥남","223","176","0","38","9"
"2025-06-16","시흥북","66","58","0","7","1"
"2025-06-16","아산가","77","69","0","8","0"
"2025-06-16","아산나","121","96","0","18","7"
"2025-06-16","양천","381","256","53","57","15"
"2025-06-16","연수","331","268","0","52","11"
"2025-06-16","영등포","542","403","47","79","13"
"2025-06-16","영통","474","327","46","85","16"
"2025-06-16","용산","250","143","43","54","10"
"2025-06-16","유성","349","276","0","66","7"
"2025-06-16","은평","476","347","44","67","18"
"2025-06-16","의정부","460","366","40","46","8"
"2025-06-16","인천중구","19","18","0","1","0"
"2025-06-16","일산동구","264","176","27","56","5"
"2025-06-16","일산서구","268","191","30","43","4"
"2025-06-16","장안","248","176","23","38","11"
"2025-06-16","종로","169","121","17","27","4"
"2025-06-16","중구","204","135","33","25","11"
"2025-06-16","중랑","380","287","36","48","9"
"2025-06-16","중원","198","154","20","20","4"
"2025-06-16","천안","461","366","0","81","14"
"2025-06-16","팔달","235","181","25","22","7"
"2025-06-16","하남","256","161","49","38","8"
"2025-06-16","화성","87","0","87","0","0"
"2025-06-16","화성가","109","87","0","21","1"
"2025-06-16","화성나","230","173","0","49","8"
"2025-06-16","화성다","218","159","0","51","8"
"2025-06-17","강남","50","0","50","0","0"
"2025-06-17","강남가","334","297","0","26","11"
"2025-06-17","강남나","142","124","0","14","4"
"2025-06-17","강동","440","367","22","43","8"
"2025-06-17","강북","232","204","11","11","6"
"2025-06-17","강서","590","526","26","26","12"
"2025-06-17","계양","223","193","12","15","3"
"2025-06-17","관악","30","0","30","0","0"
"2025-06-17","관악가","611","585","0","16","10"
"2025-06-17","광명","213","183","10","13","7"
"2025-06-17","광진","420","364","20","26","10"
"2025-06-17","구로","321","287","15","13","6"
"2025-06-17","구리","160","143","12","3","2"
"2025-06-17","군포","215","186","14","14","1"
"2025-06-17","권선","302","271","8","19","4"
"2025-06-17","금천","226","199","13","9","5"
"2025-06-17","기흥","289","233","21","26","9"
"2025-06-17","김포","290","238","28","19","5"
"2025-06-17","남동구","282","265","0","14","3"
"2025-06-17","남양주","218","185","15","13","5"
"2025-06-17","노원","400","355","18","22","5"
"2025-06-17","단원","192","177","0","10","5"
"2025-06-17","대덕","43","41","0","2","0"
"2025-06-17","대전동구","114","106","0","5","3"
"2025-06-17","대전서구","313","288","0","23","2"
"2025-06-17","대전중구","124","114","0","9","1"
"2025-06-17","덕양","262","217","15","17","13"
"2025-06-17","도봉","255","225","11","14","5"
"2025-06-17","동구","24","24","0","0","0"
"2025-06-17","동대문","386","347","15","22","2"
"2025-06-17","동안","287","226","20","29","12"
"2025-06-17","동작","419","367","22","23","7"
"2025-06-17","마포","439","364","33","32","10"
"2025-06-17","만안","177","155","9","13","0"
"2025-06-17","미추홀","254","240","0","12","2"
"2025-06-17","부천","21","0","21","0","0"
"2025-06-17","부천가","222","200","0","16","6"
"2025-06-17","부천나","100","95","0","2","3"
"2025-06-17","부천다","188","169","0","15","4"
"2025-06-17","부평","380","333","20","21","6"
"2025-06-17","분당","418","342","23","42","11"
"2025-06-17","상록","193","184","0","8","1"
"2025-06-17","서구","493","443","0","39","11"
"2025-06-17","서대문","340","309","15","12","4"
"2025-06-17","서초","49","0","49","0","0"
"2025-06-17","서초가","146","122","0","17","7"
"2025-06-17","서초나","157","133","0","17","7"
"2025-06-17","성남","10","0","10","0","0"
"2025-06-17","성동","279","234","14","25","6"
"2025-06-17","성북","437","389","18","24","6"
"2025-06-17","송파","648","550","41","46","11"
"2025-06-17","수정","170","152","7","9","2"
"2025-06-17","수정가","16","15","0","1","0"
"2025-06-17","수지","302","247","19","30","6"
"2025-06-17","시흥남","199","183","0","13","3"
"2025-06-17","시흥북","73","66","0","5","2"
"2025-06-17","아산가","68","61","0","7","0"
"2025-06-17","아산나","120","107","0","11","2"
"2025-06-17","양천","334","277","25","28","4"
"2025-06-17","연수","315","280","0","32","3"
"2025-06-17","영등포","479","419","27","20","13"
"2025-06-17","영통","374","308","21","39","6"
"2025-06-17","용산","217","169","14","24","10"
"2025-06-17","유성","269","247","0","19","3"
"2025-06-17","은평","449","402","25","18","4"
"2025-06-17","의정부","345","308","15","15","7"
"2025-06-17","인천중구","17","16","0","0","1"
"2025-06-17","일산동구","241","210","11","16","4"
"2025-06-17","일산서구","207","171","14","18","4"
"2025-06-17","장안","226","205","10","9","2"
"2025-06-17","종로","153","134","9","6","4"
"2025-06-17","중구","145","108","21","10","6"
"2025-06-17","중랑","317","279","14","20","4"
"2025-06-17","중원","197","183","6","7","1"
"2025-06-17","천안","423","394","0","22","7"
"2025-06-17","팔달","181","163","6","10","2"
"2025-06-17","하남","240","195","25","16","4"
"2025-06-17","화성","35","0","35","0","0"
"2025-06-17","화성가","105","97","0","6","2"
"2025-06-17","화성나","187","168","0","15","4"
"2025-06-17","화성다","168","148","0","18","2"
"2025-06-18","강남","37","0","37","0","0"
"2025-06-18","강남가","308","276","0","21","11"
"2025-06-18","강남나","136","119","0","12","5"
"2025-06-18","강동","481","416","27","21","17"
"2025-06-18","강북","247","238","3","1","5"
"2025-06-18","강서","630","577","29","13","11"
"2025-06-18","계양","188","168","8","6","6"
"2025-06-18","관악","25","0","25","0","0"
"2025-06-18","관악가","673","651","1","11","10"
"2025-06-18","광명","223","197","3","12","11"
"2025-06-18","광진","405","362","18","15","10"
"2025-06-18","구로","314","282","15","10","7"
"2025-06-18","구리","180","153","13","10","4"
"2025-06-18","군포","194","178","7","7","2"
"2025-06-18","권선","255","231","8","8","8"
"2025-06-18","금천","274","250","11","7","6"
"2025-06-18","기흥","320","278","24","11","7"
"2025-06-18","김포","291","252","18","12","9"
"2025-06-18","남동구","312","307","0","3","2"
"2025-06-18","남양주","219","187","18","10","4"
"2025-06-18","노원","413","367","24","10","12"
"2025-06-18","단원","226","219","0","6","1"
"2025-06-18","대덕","45","41","0","4","0"
"2025-06-18","대전동구","121","118","0","2","1"
"2025-06-18","대전서구","335","320","0","8","7"
"2025-06-18","대전중구","123","116","0","5","2"
"2025-06-18","덕양","264","233","12","12","7"
"2025-06-18","도봉","234","199","23","9","3"
"2025-06-18","동구","25","24","0","1","0"
"2025-06-18","동대문","393","355","16","16","6"
"2025-06-18","동안","311","273","19","13","6"
"2025-06-18","동작","410","380","15","7","8"
"2025-06-18","마포","416","371","20","17","8"
"2025-06-18","만안","179","161","9","7","2"
"2025-06-18","미추홀","274","257","0","15","2"
"2025-06-18","부천","35","0","35","0","0"
"2025-06-18","부천가","241","227","0","8","6"
"2025-06-18","부천나","115","111","0","1","3"
"2025-06-18","부천다","225","212","0","11","2"
"2025-06-18","부평","416","376","20","15","5"
"2025-06-18","분당","455","383","30","26","16"
"2025-06-18","상록","202","195","0","4","3"
"2025-06-18","서구","431","422","0","6","3"
"2025-06-18","서대문","354","312","25","11","6"
"2025-06-18","서초","31","0","31","0","0"
"2025-06-18","서초가","170","146","0","15","9"
"2025-06-18","서초나","190","172","0","6","12"
"2025-06-18","성남","9","0","9","0","0"
"2025-06-18","성동","255","222","15","14","4"
"2025-06-18","성북","399","356","22","10","11"
"2025-06-18","송파","633","554","38","30","11"
"2025-06-18","수정","166","147","9","7","3"
"2025-06-18","수정가","18","15","0","3","0"
"2025-06-18","수지","320","268","23","21","8"
"2025-06-18","시흥남","227","212","0","11","4"
"2025-06-18","시흥북","70","66","0","1","3"
"2025-06-18","아산가","65","62","0","3","0"
"2025-06-18","아산나","111","103","0","7","1"
"2025-06-18","양천","367","316","21","19","11"
"2025-06-18","연수","315","297","0","12","6"
"2025-06-18","영등포","523","485","14","12","12"
"2025-06-18","영통","415","369","20","20","6"
"2025-06-18","용산","239","201","18","12","8"
"2025-06-18","유성","286","274","0","12","0"
"2025-06-18","은평","392","356","15","12","9"
"2025-06-18","의정부","389","360","15","7","7"
"2025-06-18","인천중구","17","16","0","1","0"
"2025-06-18","일산동구","234","203","14","12","5"
"2025-06-18","일산서구","210","191","4","6","9"
"2025-06-18","장안","221","195","11","9","6"
"2025-06-18","종로","168","143","11","10","4"
"2025-06-18","중구","157","131","18","3","5"
"2025-06-18","중랑","352","317","24","7","4"
"2025-06-18","중원","182","167","7","3","5"
"2025-06-18","천안","432","412","0","13","7"
"2025-06-18","팔달","192","179","7","4","2"
"2025-06-18","하남","236","200","22","5","9"
"2025-06-18","화성","28","0","28","0","0"
"2025-06-18","화성가","98","92","0","6","0"
"2025-06-18","화성나","210","200","0","8","2"
"2025-06-18","화성다","153","140","0","5","8"
"2025-06-19","강남","74","0","74","0","0"
"2025-06-19","강남가","337","291","0","11","35"
"2025-06-19","강남나","151","130","0","8","13"
"2025-06-19","강동","557","491","33","15","18"
"2025-06-19","강북","221","203","6","5","7"
"2025-06-19","강서","666","594","33","22","17"
"2025-06-19","계양","210","191","10","8","1"
"2025-06-19","관악","30","0","30","0","0"
"2025-06-19","관악가","740","715","0","11","14"
"2025-06-19","광명","226","210","10","2","4"
"2025-06-19","광진","380","337","21","6","16"
"2025-06-19","구로","361","314","23","6","18"
"2025-06-19","구리","146","132","5","5","4"
"2025-06-19","군포","200","178","10","9","3"
"2025-06-19","권선","300","261","17","14","8"
"2025-06-19","금천","249","226","9","4","10"
"2025-06-19","기흥","344","288","27","12","17"
"2025-06-19","김포","325","273","23","14","15"
"2025-06-19","남동구","341","322","0","7","12"
"2025-06-19","남양주","245","199","22","10","14"
"2025-06-19","노원","394","351","23","10","10"
"2025-06-19","단원","229","222","0","4","3"
"2025-06-19","대덕","56","53","0","1","2"
"2025-06-19","대전동구","120","114","0","3","3"
"2025-06-19","대전서구","374","353","0","12","9"
"2025-06-19","대전중구","155","146","0","6","3"
"2025-06-19","덕양","301","264","12","17","8"
"2025-06-19","도봉","245","214","19","5","7"
"2025-06-19","동구","36","35","0","1","0"
"2025-06-19","동대문","434","370","23","25","16"
"2025-06-19","동안","296","257","18","8","13"
"2025-06-19","동작","432","387","25","12","8"
"2025-06-19","마포","456","382","33","20","21"
"2025-06-19","만안","180","165","5","5","5"
"2025-06-19","미추홀","267","252","0","9","6"
"2025-06-19","부천","35","0","35","0","0"
"2025-06-19","부천가","284","269","0","7","8"
"2025-06-19","부천나","110","104","0","1","5"
"2025-06-19","부천다","212","195","0","7","10"
"2025-06-19","부평","445","398","27","11","9"
"2025-06-19","분당","392","332","25","19","16"
"2025-06-19","상록","206","198","0","5","3"
"2025-06-19","서구","556","534","0","15","7"
"2025-06-19","서대문","374","340","13","15","6"
"2025-06-19","서초","41","0","41","0","0"
"2025-06-19","서초가","161","124","0","13","24"
"2025-06-19","서초나","186","162","0","9","15"
"2025-06-19","성남","12","0","12","0","0"
"2025-06-19","성동","296","251","20","8","17"
"2025-06-19","성북","420","359","28","16","17"
"2025-06-19","송파","684","572","45","30","37"
"2025-06-19","수정","188","170","8","6","4"
"2025-06-19","수정가","20","17","0","1","2"
"2025-06-19","수지","353","288","31","14","20"
"2025-06-19","시흥남","233","225","0","6","2"
"2025-06-19","시흥북","87","86","0","1","0"
"2025-06-19","아산가","53","50","0","2","1"
"2025-06-19","아산나","132","126","0","2","4"
"2025-06-19","양천","353","297","34","14","8"
"2025-06-19","연수","261","230","0","14","17"
"2025-06-19","영등포","513","459","27","15","12"
"2025-06-19","영통","364","312","20","12","20"
"2025-06-19","용산","243","204","16","12","11"
"2025-06-19","유성","274","261","0","4","9"
"2025-06-19","은평","475","427","21","14","13"
"2025-06-19","의정부","412","378","13","15","6"
"2025-06-19","인천중구","18","18","0","0","0"
"2025-06-19","일산동구","212","186","10","7","9"
"2025-06-19","일산서구","218","187","16","8","7"
"2025-06-19","장안","238","214","11","3","10"
"2025-06-19","종로","180","153","11","5","11"
"2025-06-19","중구","186","156","17","5","8"
"2025-06-19","중랑","339","303","17","10","9"
"2025-06-19","중원","213","201","5","2","5"
"2025-06-19","천안","417","399","0","12","6"
"2025-06-19","팔달","187","166","10","4","7"
"2025-06-19","하남","64","41","23","0","0"
"2025-06-19","하남가","41","38","0","2","1"
"2025-06-19","하남나","49","47","0","1","1"
"2025-06-19","하남다","45","41","0","2","2"
"2025-06-19","하남라","33","30","0","2","1"
"2025-06-19","화성","30","0","30","0","0"
"2025-06-19","화성가","116","109","0","6","1"
"2025-06-19","화성나","213","192","0","7","14"
"2025-06-19","화성다","177","159","0","9","9"
"2025-06-20","강남","33","0","33","0","0"
"2025-06-20","강남가","346","296","0","19","31"
"2025-06-20","강남나","157","139","0","10","8"
"2025-06-20","강동","485","439","15","17","14"
"2025-06-20","강북","250","223","10","9","8"
"2025-06-20","강서","638","573","23","23","19"
"2025-06-20","계양","215","203","7","3","2"
"2025-06-20","관악","20","0","20","0","0"
"2025-06-20","관악가","714","693","0","10","11"
"2025-06-20","광명","227","204","11","6","6"
"2025-06-20","광진","377","347","12","8","10"
"2025-06-20","구로","372","330","17","13","12"
"2025-06-20","구리","172","160","6","5","1"
"2025-06-20","군포","196","177","9","6","4"
"2025-06-20","권선","309","285","8","10","6"
"2025-06-20","금천","237","220","8","5","4"
"2025-06-20","기흥","334","299","13","9","13"
"2025-06-20","김포","299","254","19","11","15"
"2025-06-20","남동구","328","304","0","12","12"
"2025-06-20","남양주","236","203","12","10","11"
"2025-06-20","노원","384","345","10","12","17"
"2025-06-20","단원","189","184","0","2","3"
"2025-06-20","대덕","47","44","0","1","2"
"2025-06-20","대전동구","118","111","0","3","4"
"2025-06-20","대전서구","344","314","0","18","12"
"2025-06-20","대전중구","121","116","0","2","3"
"2025-06-20","덕양","309","272","10","17","10"
"2025-06-20","도봉","257","233","13","3","8"
"2025-06-20","동구","26","26","0","0","0"
"2025-06-20","동대문","392","341","23","11","17"
"2025-06-20","동안","303","265","11","11","16"
"2025-06-20","동작","443","403","12","14","14"
"2025-06-20","마포","407","369","12","6","20"
"2025-06-20","만안","172","145","9","10","8"
"2025-06-20","미추홀","245","234","0","5","6"
"2025-06-20","부천","28","0","28","0","0"
"2025-06-20","부천가","288","267","0","11","10"
"2025-06-20","부천나","108","104","0","1","3"
"2025-06-20","부천다","278","265","0","9","4"
"2025-06-20","부평","386","349","17","9","11"
"2025-06-20","분당","368","297","20","22","29"
"2025-06-20","상록","224","218","0","2","4"
"2025-06-20","서구","476","446","0","13","17"
"2025-06-20","서대문","363","319","11","13","20"
"2025-06-20","서초","23","0","23","0","0"
"2025-06-20","서초가","152","128","0","7","17"
"2025-06-20","서초나","181","161","0","12","8"
"2025-06-20","성남","2","0","2","0","0"
"2025-06-20","성동","291","256","12","6","17"
"2025-06-20","성북","436","393","19","12","12"
"2025-06-20","송파","646","573","21","17","35"
"2025-06-20","수정","162","143","5","8","6"
"2025-06-20","수정가","19","17","0","1","1"
"2025-06-20","수지","336","297","16","9","14"
"2025-06-20","시흥남","221","209","0","5","7"
"2025-06-20","시흥북","81","76","0","3","2"
"2025-06-20","아산가","59","57","0","1","1"
"2025-06-20","아산나","103","87","0","9","7"
"2025-06-20","양천","301","259","10","13","19"
"2025-06-20","연수","311","284","0","16","11"
"2025-06-20","영등포","472","423","16","14","19"
"2025-06-20","영통","405","359","18","15","13"
"2025-06-20","용산","227","191","16","6","14"
"2025-06-20","유성","296","269","0","14","13"
"2025-06-20","은평","398","358","13","9","18"
"2025-06-20","의정부","367","334","14","8","11"
"2025-06-20","인천중구","24","23","0","1","0"
"2025-06-20","일산동구","239","199","14","16","10"
"2025-06-20","일산서구","225","202","8","9","6"
"2025-06-20","장안","224","202","6","7","9"
"2025-06-20","종로","183","166","6","5","6"
"2025-06-20","중구","142","123","7","3","9"
"2025-06-20","중랑","358","331","12","4","11"
"2025-06-20","중원","184","173","4","4","3"
"2025-06-20","천안","466","440","0","11","15"
"2025-06-20","팔달","204","192","6","1","5"
"2025-06-20","하남","12","0","12","0","0"
"2025-06-20","하남가","40","37","0","0","3"
"2025-06-20","하남나","73","70","0","2","1"
"2025-06-20","하남다","55","52","0","0","3"
"2025-06-20","하남라","36","36","0","0","0"
"2025-06-20","화성","20","0","20","0","0"
"2025-06-20","화성가","79","73","0","2","4"
"2025-06-20","화성나","154","138","0","5","11"
"2025-06-20","화성다","160","144","0","9","7"
"2025-06-21","강남","4","0","4","0","0"
"2025-06-21","강남가","207","197","10","0","0"
"2025-06-21","강남나","105","103","2","0","0"
"2025-06-21","강동","271","265","6","0","0"
"2025-06-21","강북","163","159","4","0","0"
"2025-06-21","강서","378","372","6","0","0"
"2025-06-21","계양","118","117","1","0","0"
"2025-06-21","관악","1","0","1","0","0"
"2025-06-21","관악가","406","402","4","0","0"
"2025-06-21","광명","134","130","4","0","0"
"2025-06-21","광진","231","227","4","0","0"
"2025-06-21","구로","210","206","4","0","0"
"2025-06-21","구리","106","105","1","0","0"
"2025-06-21","군포","136","134","2","0","0"
"2025-06-21","권선","172","170","2","0","0"
"2025-06-21","금천","153","148","5","0","0"
"2025-06-21","기흥","228","224","4","0","0"
"2025-06-21","김포","200","198","2","0","0"
"2025-06-21","남동구","192","191","0","0","1"
"2025-06-21","남양주","147","146","1","0","0"
"2025-06-21","노원","258","256","2","0","0"
"2025-06-21","단원","158","158","0","0","0"
"2025-06-21","대덕","50","50","0","0","0"
"2025-06-21","대전동구","97","97","0","0","0"
"2025-06-21","대전서구","242","242","0","0","0"
"2025-06-21","대전중구","82","82","0","0","0"
"2025-06-21","덕양","167","163","4","0","0"
"2025-06-21","도봉","153","152","1","0","0"
"2025-06-21","동구","22","22","0","0","0"
"2025-06-21","동대문","274","271","3","0","0"
"2025-06-21","동안","198","196","2","0","0"
"2025-06-21","동작","298","296","2","0","0"
"2025-06-21","마포","297","291","6","0","0"
"2025-06-21","만안","104","103","1","0","0"
"2025-06-21","미추홀","179","179","0","0","0"
"2025-06-21","부천","1","0","1","0","0"
"2025-06-21","부천가","149","149","0","0","0"
"2025-06-21","부천나","66","66","0","0","0"
"2025-06-21","부천다","135","135","0","0","0"
"2025-06-21","부평","243","240","3","0","0"
"2025-06-21","분당","279","272","7","0","0"
"2025-06-21","상록","128","128","0","0","0"
"2025-06-21","서구","310","310","0","0","0"
"2025-06-21","서대문","226","218","8","0","0"
"2025-06-21","서초","2","0","2","0","0"
"2025-06-21","서초가","93","90","3","0","0"
"2025-06-21","서초나","118","116","2","0","0"
"2025-06-21","성동","213","207","6","0","0"
"2025-06-21","성북","297","290","7","0","0"
"2025-06-21","송파","445","434","11","0","0"
"2025-06-21","수정","109","107","2","0","0"
"2025-06-21","수정가","13","13","0","0","0"
"2025-06-21","수지","231","228","3","0","0"
"2025-06-21","시흥남","155","155","0","0","0"
"2025-06-21","시흥북","47","47","0","0","0"
"2025-06-21","아산가","55","55","0","0","0"
"2025-06-21","아산나","64","64","0","0","0"
"2025-06-21","양천","225","222","3","0","0"
"2025-06-21","연수","193","193","0","0","0"
"2025-06-21","영등포","294","291","3","0","0"
"2025-06-21","영통","241","240","1","0","0"
"2025-06-21","용산","131","129","2","0","0"
"2025-06-21","유성","183","183","0","0","0"
"2025-06-21","은평","238","233","5","0","0"
"2025-06-21","의정부","252","252","0","0","0"
"2025-06-21","인천중구","13","13","0","0","0"
"2025-06-21","일산동구","145","145","0","0","0"
"2025-06-21","일산서구","125","123","2","0","0"
"2025-06-21","장안","139","138","1","0","0"
"2025-06-21","종로","107","103","4","0","0"
"2025-06-21","중구","75","73","2","0","0"
"2025-06-21","중랑","210","207","3","0","0"
"2025-06-21","중원","100","99","1","0","0"
"2025-06-21","천안","285","285","0","0","0"
"2025-06-21","팔달","124","124","0","0","0"
"2025-06-21","하남","4","0","4","0","0"
"2025-06-21","하남가","29","29","0","0","0"
"2025-06-21","하남나","33","33","0","0","0"
"2025-06-21","하남다","50","50","0","0","0"
"2025-06-21","하남라","28","28","0","0","0"
"2025-06-21","화성","5","0","5","0","0"
"2025-06-21","화성가","79","79","0","0","0"
"2025-06-21","화성나","143","143","0","0","0"
"2025-06-21","화성다","103","103","0","0","0"
"2025-06-22","강남가","204","204","0","0","0"
"2025-06-22","강남나","76","76","0","0","0"
"2025-06-22","강동","256","256","0","0","0"
"2025-06-22","강북","106","106","0","0","0"
"2025-06-22","강서","359","359","0","0","0"
"2025-06-22","계양","129","129","0","0","0"
"2025-06-22","관악가","407","407","0","0","0"
"2025-06-22","광명","144","144","0","0","0"
"2025-06-22","광진","227","227","0","0","0"
"2025-06-22","구로","218","218","0","0","0"
"2025-06-22","구리","95","95","0","0","0"
"2025-06-22","군포","110","110","0","0","0"
"2025-06-22","권선","198","198","0","0","0"
"2025-06-22","금천","124","124","0","0","0"
"2025-06-22","기흥","212","212","0","0","0"
"2025-06-22","김포","196","196","0","0","0"
"2025-06-22","남동구","200","200","0","0","0"
"2025-06-22","남양주","157","157","0","0","0"
"2025-06-22","노원","267","267","0","0","0"
"2025-06-22","단원","143","143","0","0","0"
"2025-06-22","대덕","40","40","0","0","0"
"2025-06-22","대전동구","106","106","0","0","0"
"2025-06-22","대전서구","232","232","0","0","0"
"2025-06-22","대전중구","86","86","0","0","0"
"2025-06-22","덕양","202","202","0","0","0"
"2025-06-22","도봉","137","137","0","0","0"
"2025-06-22","동구","13","13","0","0","0"
"2025-06-22","동대문","256","256","0","0","0"
"2025-06-22","동안","199","199","0","0","0"
"2025-06-22","동작","294","294","0","0","0"
"2025-06-22","마포","272","272","0","0","0"
"2025-06-22","만안","86","86","0","0","0"
"2025-06-22","미추홀","210","210","0","0","0"
"2025-06-22","부천가","174","174","0","0","0"
"2025-06-22","부천나","67","67","0","0","0"
"2025-06-22","부천다","151","151","0","0","0"
"2025-06-22","부평","268","268","0","0","0"
"2025-06-22","분당","269","269","0","0","0"
"2025-06-22","상록","151","151","0","0","0"
"2025-06-22","서구","311","311","0","0","0"
"2025-06-22","서대문","221","221","0","0","0"
"2025-06-22","서초가","81","81","0","0","0"
"2025-06-22","서초나","92","92","0","0","0"
"2025-06-22","성동","177","177","0","0","0"
"2025-06-22","성북","258","258","0","0","0"
"2025-06-22","송파","371","371","0","0","0"
"2025-06-22","수정","135","135","0","0","0"
"2025-06-22","수정가","20","20","0","0","0"
"2025-06-22","수지","209","209","0","0","0"
"2025-06-22","시흥남","117","117","0","0","0"
"2025-06-22","시흥북","53","53","0","0","0"
"2025-06-22","아산가","60","60","0","0","0"
"2025-06-22","아산나","69","69","0","0","0"
"2025-06-22","양천","222","222","0","0","0"
"2025-06-22","연수","258","258","0","0","0"
"2025-06-22","영등포","283","283","0","0","0"
"2025-06-22","영통","290","290","0","0","0"
"2025-06-22","용산","115","115","0","0","0"
"2025-06-22","유성","229","229","0","0","0"
"2025-06-22","은평","224","224","0","0","0"
"2025-06-22","의정부","257","257","0","0","0"
"2025-06-22","인천중구","21","21","0","0","0"
"2025-06-22","일산동구","185","185","0","0","0"
"2025-06-22","일산서구","174","174","0","0","0"
"2025-06-22","장안","154","154","0","0","0"
"2025-06-22","종로","79","79","0","0","0"
"2025-06-22","중구","71","71","0","0","0"
"2025-06-22","중랑","180","180","0","0","0"
"2025-06-22","중원","119","119","0","0","0"
"2025-06-22","천안","332","332","0","0","0"
"2025-06-22","팔달","124","124","0","0","0"
"2025-06-22","하남가","41","41","0","0","0"
"2025-06-22","하남나","47","47","0","0","0"
"2025-06-22","하남다","51","51","0","0","0"
"2025-06-22","하남라","24","24","0","0","0"
"2025-06-22","화성가","75","75","0","0","0"
"2025-06-22","화성나","159","159","0","0","0"
"2025-06-22","화성다","94","94","0","0","0"
"2025-06-23","강남","84","0","84","0","0"
"2025-06-23","강남가","363","258","0","30","75"
"2025-06-23","강남나","164","116","0","17","31"
"2025-06-23","강동","500","384","46","27","43"
"2025-06-23","강북","219","181","18","6","14"
"2025-06-23","강서","632","506","51","37","38"
"2025-06-23","계양","200","171","14","8","7"
"2025-06-23","관악","42","0","42","0","0"
"2025-06-23","관악가","584","535","0","24","25"
"2025-06-23","광명","219","171","22","13","13"
"2025-06-23","광진","418","342","31","19","26"
"2025-06-23","구로","341","260","33","18","30"
"2025-06-23","구리","172","132","13","14","13"
"2025-06-23","군포","200","152","17","16","15"
"2025-06-23","권선","265","214","22","16","13"
"2025-06-23","금천","233","178","28","13","14"
"2025-06-23","기흥","380","264","59","31","26"
"2025-06-23","김포","320","236","35","24","25"
"2025-06-23","남동구","298","269","0","16","13"
"2025-06-23","남양주","237","186","18","9","24"
"2025-06-23","노원","431","341","30","27","33"
"2025-06-23","단원","211","189","0","11","11"
"2025-06-23","대덕","47","39","0","4","4"
"2025-06-23","대전동구","143","131","0","6","6"
"2025-06-23","대전서구","335","287","0","17","31"
"2025-06-23","대전중구","120","98","0","15","7"
"2025-06-23","덕양","292","226","31","17","18"
"2025-06-23","도봉","230","181","22","14","13"
"2025-06-23","동구","22","20","0","0","2"
"2025-06-23","동대문","463","366","33","25","39"
"2025-06-23","동안","355","264","38","17","36"
"2025-06-23","동작","447","364","41","20","22"
"2025-06-23","마포","462","355","40","32","35"
"2025-06-23","만안","163","130","16","6","11"
"2025-06-23","미추홀","279","250","0","12","17"
"2025-06-23","부천","49","0","49","0","0"
"2025-06-23","부천가","251","213","0","15","23"
"2025-06-23","부천나","79","71","0","2","6"
"2025-06-23","부천다","196","172","0","13","11"
"2025-06-23","부평","352","289","30","18","15"
"2025-06-23","분당","486","320","63","47","56"
"2025-06-23","상록","173","154","0","12","7"
"2025-06-23","서구","443","380","0","32","31"
"2025-06-23","서대문","368","292","30","22","24"
"2025-06-23","서초","49","0","49","0","0"
"2025-06-23","서초가","187","132","0","17","38"
"2025-06-23","서초나","178","130","0","16","32"
"2025-06-23","성남","9","0","9","0","0"
"2025-06-23","성동","331","235","38","22","36"
"2025-06-23","성북","440","349","37","28","26"
"2025-06-23","송파","743","532","82","46","83"
"2025-06-23","수정","165","126","18","14","7"
"2025-06-23","수정가","18","15","0","0","3"
"2025-06-23","수지","338","232","40","33","33"
"2025-06-23","시흥남","210","184","0","11","15"
"2025-06-23","시흥북","65","53","0","7","5"
"2025-06-23","아산가","40","35","0","1","4"
"2025-06-23","아산나","118","96","0","11","11"
"2025-06-23","양천","372","268","42","21","41"
"2025-06-23","연수","289","235","0","19","35"
"2025-06-23","영등포","473","358","52","27","36"
"2025-06-23","영통","418","314","35","29","40"
"2025-06-23","용산","246","173","25","23","25"
"2025-06-23","유성","323","277","0","24","22"
"2025-06-23","은평","414","308","45","26","35"
"2025-06-23","의정부","308","245","25","9","29"
"2025-06-23","인천중구","13","13","0","0","0"
"2025-06-23","일산동구","231","176","20","15","20"
"2025-06-23","일산서구","233","170","26","19","18"
"2025-06-23","장안","236","188","24","15","9"
"2025-06-23","종로","168","128","18","11","11"
"2025-06-23","중구","150","105","22","9","14"
"2025-06-23","중랑","309","247","23","19","20"
"2025-06-23","중원","189","153","20","7","9"
"2025-06-23","천안","434","372","0","29","33"
"2025-06-23","팔달","185","147","17","11","10"
"2025-06-23","하남","31","0","31","0","0"
"2025-06-23","하남가","45","32","0","6","7"
"2025-06-23","하남나","42","39","0","1","2"
"2025-06-23","하남다","56","48","0","4","4"
"2025-06-23","하남라","43","34","0","6","3"
"2025-06-23","화성","61","0","61","0","0"
"2025-06-23","화성가","133","115","0","4","14"
"2025-06-23","화성나","211","170","0","15","26"
"2025-06-23","화성다","189","139","0","25","25"
"2025-06-24","강남","48","0","48","0","0"
"2025-06-24","강남가","308","263","0","17","28"
"2025-06-24","강남나","123","111","0","6","6"
"2025-06-24","강동","391","320","38","19","14"
"2025-06-24","강북","186","162","15","5","4"
"2025-06-24","강서","576","497","43","14","22"
"2025-06-24","계양","181","165","5","5","6"
"2025-06-24","관악","26","0","26","0","0"
"2025-06-24","관악가","540","519","0","11","10"
"2025-06-24","광명","172","152","5","11","4"
"2025-06-24","광진","358","328","11","12","7"
"2025-06-24","구로","321","277","27","11","6"
"2025-06-24","구리","150","126","12","6","6"
"2025-06-24","군포","166","149","7","6","4"
"2025-06-24","권선","270","228","31","7","4"
"2025-06-24","금천","189","165","10","7","7"
"2025-06-24","기흥","312","260","26","13","13"
"2025-06-24","김포","260","227","15","6","12"
"2025-06-24","남동구","246","233","0","10","3"
"2025-06-24","남양주","198","164","16","6","12"
"2025-06-24","노원","352","302","22","13","15"
"2025-06-24","단원","190","175","0","10","5"
"2025-06-24","대덕","44","40","0","1","3"
"2025-06-24","대전동구","102","98","0","3","1"
"2025-06-24","대전서구","298","278","0","17","3"
"2025-06-24","대전중구","114","111","0","1","2"
"2025-06-24","덕양","262","231","19","6","6"
"2025-06-24","도봉","191","166","16","4","5"
"2025-06-24","동구","14","13","0","0","1"
"2025-06-24","동대문","409","365","25","9","10"
"2025-06-24","동안","272","242","19","3","8"
"2025-06-24","동작","380","335","20","14","11"
"2025-06-24","마포","420","352","38","19","11"
"2025-06-24","만안","147","129","9","3","6"
"2025-06-24","미추홀","259","241","0","10","8"
"2025-06-24","부천","43","0","43","0","0"
"2025-06-24","부천가","282","267","0","8","7"
"2025-06-24","부천나","110","103","0","4","3"
"2025-06-24","부천다","180","168","0","4","8"
"2025-06-24","부평","377","334","23","15","5"
"2025-06-24","분당","393","310","29","26","28"
"2025-06-24","상록","208","201","0","3","4"
"2025-06-24","서구","407","383","0","14","10"
"2025-06-24","서대문","327","283","22","9","13"
"2025-06-24","서초","32","0","32","0","0"
"2025-06-24","서초가","171","148","0","7","16"
"2025-06-24","서초나","176","154","0","12","10"
"2025-06-24","성남","11","0","11","0","0"
"2025-06-24","성동","241","197","25","9","10"
"2025-06-24","성북","382","344","17","15","6"
"2025-06-24","송파","631","521","35","52","23"
"2025-06-24","수정","155","134","14","6","1"
"2025-06-24","수정가","12","12","0","0","0"
"2025-06-24","수지","280","223","20","20","17"
"2025-06-24","시흥남","186","170","0","11","5"
"2025-06-24","시흥북","41","38","0","2","1"
"2025-06-24","아산가","51","50","0","1","0"
"2025-06-24","아산나","86","75","0","8","3"
"2025-06-24","양천","314","273","18","9","14"
"2025-06-24","연수","257","235","0","10","12"
"2025-06-24","영등포","446","364","46","26","10"
"2025-06-24","영통","367","318","17","21","11"
"2025-06-24","용산","208","160","26","13","9"
"2025-06-24","유성","236","226","0","4","6"
"2025-06-24","은평","387","344","17","13","13"
"2025-06-24","의정부","332","294","16","11","11"
"2025-06-24","인천중구","18","16","0","2","0"
"2025-06-24","일산동구","175","148","12","8","7"
"2025-06-24","일산서구","178","138","20","8","12"
"2025-06-24","장안","159","141","9","5","4"
"2025-06-24","종로","129","109","11","6","3"
"2025-06-24","중구","155","124","15","11","5"
"2025-06-24","중랑","291","263","9","12","7"
"2025-06-24","중원","164","150","8","2","4"
"2025-06-24","천안","399","378","0","12","9"
"2025-06-24","팔달","172","157","8","4","3"
"2025-06-24","하남","19","0","19","0","0"
"2025-06-24","하남가","39","33","0","3","3"
"2025-06-24","하남나","54","51","0","2","1"
"2025-06-24","하남다","56","52","0","4","0"
"2025-06-24","하남라","48","42","0","4","2"
"2025-06-24","화성","45","0","45","0","0"
"2025-06-24","화성가","101","97","0","3","1"
"2025-06-24","화성나","145","128","0","6","11"
"2025-06-24","화성다","153","135","0","10","8"
"2025-06-25","강남","45","0","45","0","0"
"2025-06-25","강남가","296","252","0","18","26"
"2025-06-25","강남나","126","105","0","8","13"
"2025-06-25","강동","365","312","20","16","17"
"2025-06-25","강북","193","174","9","7","3"
"2025-06-25","강서","527","475","21","19","12"
"2025-06-25","계양","182","173","8","0","1"
"2025-06-25","관악","19","0","19","0","0"
"2025-06-25","관악가","573","542","0","13","18"
"2025-06-25","광명","225","208","5","8","4"
"2025-06-25","광진","363","334","9","11","9"
"2025-06-25","구로","307","275","18","10","4"
"2025-06-25","구리","153","142","5","5","1"
"2025-06-25","군포","181","166","11","3","1"
"2025-06-25","권선","263","243","9","6","5"
"2025-06-25","금천","233","221","3","4","5"
"2025-06-25","기흥","272","222","25","10","15"
"2025-06-25","김포","288","250","18","12","8"
"2025-06-25","남동구","271","254","0","11","6"
"2025-06-25","남양주","214","180","14","7","13"
"2025-06-25","노원","368","322","21","14","11"
"2025-06-25","단원","206","200","0","4","2"
"2025-06-25","대덕","51","46","0","2","3"
"2025-06-25","대전동구","110","108","0","1","1"
"2025-06-25","대전서구","277","260","0","8","9"
"2025-06-25","대전중구","103","97","0","2","4"
"2025-06-25","덕양","278","235","21","17","5"
"2025-06-25","도봉","218","192","8","8","10"
"2025-06-25","동구","26","26","0","0","0"
"2025-06-25","동대문","391","363","8","15","5"
"2025-06-25","동안","294","254","11","16","13"
"2025-06-25","동작","409","369","25","7","8"
"2025-06-25","마포","364","321","13","19","11"
"2025-06-25","만안","173","145","16","8","4"
"2025-06-25","미추홀","271","257","0","7","7"
"2025-06-25","부천","25","0","25","0","0"
"2025-06-25","부천가","211","192","0","12","7"
"2025-06-25","부천나","89","85","0","3","1"
"2025-06-25","부천다","222","207","0","9","6"
"2025-06-25","부평","381","343","18","11","9"
"2025-06-25","분당","348","288","18","21","21"
"2025-06-25","상록","204","196","0","3","5"
"2025-06-25","서구","416","398","0","14","4"
"2025-06-25","서대문","345","309","17","12","7"
"2025-06-25","서초","21","0","21","0","0"
"2025-06-25","서초가","157","127","0","9","21"
"2025-06-25","서초나","191","174","0","7","10"
"2025-06-25","성남","2","0","2","0","0"
"2025-06-25","성동","233","195","14","12","12"
"2025-06-25","성북","387","348","16","17","6"
"2025-06-25","송파","651","564","27","31","29"
"2025-06-25","수정","155","139","8","4","4"
"2025-06-25","수정가","8","7","0","0","1"
"2025-06-25","수지","279","239","13","13","14"
"2025-06-25","시흥남","184","173","0","8","3"
"2025-06-25","시흥북","61","58","0","3","0"
"2025-06-25","아산가","59","56","0","2","1"
"2025-06-25","아산나","120","109","0","5","6"
"2025-06-25","양천","299","255","17","13","14"
"2025-06-25","연수","289","262","0","11","16"
"2025-06-25","영등포","385","339","17","15","14"
"2025-06-25","영통","367","309","18","21","19"
"2025-06-25","용산","171","143","14","5","9"
"2025-06-25","유성","256","247","0","4","5"
"2025-06-25","은평","396","355","15","13","13"
"2025-06-25","의정부","308","275","16","7","10"
"2025-06-25","인천중구","15","14","0","1","0"
"2025-06-25","일산동구","232","204","6","12","10"
"2025-06-25","일산서구","185","162","16","2","5"
"2025-06-25","장안","201","175","11","9","6"
"2025-06-25","종로","144","123","11","5","5"
"2025-06-25","중구","150","118","16","9","7"
"2025-06-25","중랑","319","287","12","9","11"
"2025-06-25","중원","119","108","4","3","4"
"2025-06-25","천안","373","342","0","17","14"
"2025-06-25","팔달","189","176","5","2","6"
"2025-06-25","하남","17","0","17","0","0"
"2025-06-25","하남가","39","34","0","3","2"
"2025-06-25","하남나","46","43","0","1","2"
"2025-06-25","하남다","58","51","0","5","2"
"2025-06-25","하남라","28","26","0","0","2"
"2025-06-25","화성","24","0","24","0","0"
"2025-06-25","화성가","94","84","0","3","7"
"2025-06-25","화성나","165","153","0","6","6"
"2025-06-25","화성다","153","137","0","11","5"
"2025-06-26","강남","42","0","42","0","0"
"2025-06-26","강남가","310","257","0","23","30"
"2025-06-26","강남나","162","147","0","8","7"
"2025-06-26","강동","446","396","23","23","4"
"2025-06-26","강북","208","201","4","0","3"
"2025-06-26","강서","686","605","31","22","28"
"2025-06-26","계양","222","206","8","5","3"
"2025-06-26","관악","22","0","22","0","0"
"2025-06-26","관악가","668","632","0","25","11"
"2025-06-26","광명","224","184","11","17","12"
"2025-06-26","광진","394","351","18","19","6"
"2025-06-26","구로","342","308","16","8","10"
"2025-06-26","구리","197","170","14","6","7"
"2025-06-26","군포","178","148","12","12","6"
"2025-06-26","권선","300","262","18","12","8"
"2025-06-26","금천","268","244","11","7","6"
"2025-06-26","기흥","312","263","20","17","12"
"2025-06-26","김포","323","274","19","19","11"
"2025-06-26","남동구","341","318","0","19","4"
"2025-06-26","남양주","232","206","7","8","11"
"2025-06-26","노원","393","356","14","19","4"
"2025-06-26","단원","202","190","0","7","5"
"2025-06-26","대덕","52","48","0","2","2"
"2025-06-26","대전동구","115","109","0","6","0"
"2025-06-26","대전서구","307","287","0","14","6"
"2025-06-26","대전중구","122","112","0","7","3"
"2025-06-26","덕양","271","239","17","13","2"
"2025-06-26","도봉","231","204","13","7","7"
"2025-06-26","동구","36","36","0","0","0"
"2025-06-26","동대문","403","370","16","8","9"
"2025-06-26","동안","294","253","14","19","8"
"2025-06-26","동작","446","402","21","17","6"
"2025-06-26","마포","474","416","18","26","14"
"2025-06-26","만안","209","187","8","7","7"
"2025-06-26","미추홀","268","254","0","10","4"
"2025-06-26","부천","32","0","32","0","0"
"2025-06-26","부천가","301","278","0","18","5"
"2025-06-26","부천나","107","101","0","4","2"
"2025-06-26","부천다","211","202","0","7","2"
"2025-06-26","부평","400","367","13","11","9"
"2025-06-26","분당","394","312","26","42","14"
"2025-06-26","상록","202","189","0","8","5"
"2025-06-26","서구","492","459","0","22","11"
"2025-06-26","서대문","306","278","15","5","8"
"2025-06-26","서초","20","0","20","0","0"
"2025-06-26","서초가","147","116","0","21","10"
"2025-06-26","서초나","207","181","0","14","12"
"2025-06-26","성남","5","0","5","0","0"
"2025-06-26","성동","287","238","18","27","4"
"2025-06-26","성북","400","349","21","20","10"
"2025-06-26","송파","589","498","35","35","21"
"2025-06-26","수정","173","154","9","7","3"
"2025-06-26","수정가","25","23","0","2","0"
"2025-06-26","수지","301","250","28","15","8"
"2025-06-26","시흥남","210","197","0","6","7"
"2025-06-26","시흥북","62","59","0","3","0"
"2025-06-26","아산가","71","66","0","3","2"
"2025-06-26","아산나","114","102","0","9","3"
"2025-06-26","양천","315","282","13","11","9"
"2025-06-26","연수","314","283","0","20","11"
"2025-06-26","영등포","520","448","35","27","10"
"2025-06-26","영통","412","365","19","18","10"
"2025-06-26","용산","220","188","14","12","6"
"2025-06-26","유성","307","281","0","17","9"
"2025-06-26","은평","443","397","14","18","14"
"2025-06-26","의정부","370","332","23","7","8"
"2025-06-26","인천중구","11","10","0","1","0"
"2025-06-26","일산동구","229","193","12","19","5"
"2025-06-26","일산서구","211","190","14","2","5"
"2025-06-26","장안","218","202","6","4","6"
"2025-06-26","종로","122","107","8","5","2"
"2025-06-26","중구","162","135","10","9","8"
"2025-06-26","중랑","347","320","13","8","6"
"2025-06-26","중원","203","179","12","9","3"
"2025-06-26","천안","460","430","0","21","9"
"2025-06-26","팔달","202","188","7","4","3"
"2025-06-26","하남","15","0","15","0","0"
"2025-06-26","하남가","31","28","0","1","2"
"2025-06-26","하남나","71","69","0","1","1"
"2025-06-26","하남다","74","68","0","3","3"
"2025-06-26","하남라","38","33","0","5","0"
"2025-06-26","화성","39","0","39","0","0"
"2025-06-26","화성가","102","98","0","2","2"
"2025-06-26","화성나","204","181","0","16","7"
"2025-06-26","화성다","163","144","0","12","7"
"2025-06-27","강남","37","0","37","0","0"
"2025-06-27","강남가","336","300","0","20","16"
"2025-06-27","강남나","136","125","0","8","3"
"2025-06-27","강동","452","398","20","20","14"
"2025-06-27","강북","232","220","6","3","3"
"2025-06-27","강서","574","528","18","16","12"
"2025-06-27","계양","194","182","7","4","1"
"2025-06-27","관악","18","0","18","0","0"
"2025-06-27","관악가","673","651","0","12","10"
"2025-06-27","광명","210","195","8","6","1"
"2025-06-27","광진","404","363","13","17","11"
"2025-06-27","구로","395","369","11","8","7"
"2025-06-27","구리","164","151","6","6","1"
"2025-06-27","군포","190","172","10","5","3"
"2025-06-27","권선","326","301","10","10","5"
"2025-06-27","금천","227","212","7","5","3"
"2025-06-27","기흥","322","285","15","15","7"
"2025-06-27","김포","260","224","15","14","7"
"2025-06-27","남동구","304","284","0","15","5"
"2025-06-27","남양주","213","184","17","5","7"
"2025-06-27","노원","373","325","23","11","14"
"2025-06-27","단원","192","185","0","7","0"
"2025-06-27","대덕","56","53","0","2","1"
"2025-06-27","대전동구","135","129","0","5","1"
"2025-06-27","대전서구","352","338","0","11","3"
"2025-06-27","대전중구","110","103","0","6","1"
"2025-06-27","덕양","270","244","12","9","5"
"2025-06-27","도봉","192","182","7","3","0"
"2025-06-27","동구","33","30","0","3","0"
"2025-06-27","동대문","413","374","15","17","7"
"2025-06-27","동안","233","201","10","15","7"
"2025-06-27","동작","458","423","15","13","7"
"2025-06-27","마포","409","359","21","18","11"
"2025-06-27","만안","154","140","6","6","2"
"2025-06-27","미추홀","316","308","0","3","5"
"2025-06-27","부천","26","0","26","0","0"
"2025-06-27","부천가","239","222","0","12","5"
"2025-06-27","부천나","118","115","0","2","1"
"2025-06-27","부천다","239","231","0","5","3"
"2025-06-27","부평","416","390","14","7","5"
"2025-06-27","분당","386","338","11","28","9"
"2025-06-27","상록","209","199","0","6","4"
"2025-06-27","서구","482","456","0","21","5"
"2025-06-27","서대문","341","311","12","11","7"
"2025-06-27","서초","8","0","8","0","0"
"2025-06-27","서초가","160","133","0","17","10"
"2025-06-27","서초나","173","152","0","12","9"
"2025-06-27","성남","5","0","5","0","0"
"2025-06-27","성동","240","216","7","9","8"
"2025-06-27","성북","403","357","13","19","14"
"2025-06-27","송파","621","541","19","37","24"
"2025-06-27","수정","175","163","5","3","4"
"2025-06-27","수정가","30","28","0","1","1"
"2025-06-27","수지","299","262","11","18","8"
"2025-06-27","시흥남","192","183","0","6","3"
"2025-06-27","시흥북","64","63","0","1","0"
"2025-06-27","아산가","63","61","0","0","2"
"2025-06-27","아산나","100","96","0","2","2"
"2025-06-27","양천","301","262","14","17","8"
"2025-06-27","연수","265","244","0","15","6"
"2025-06-27","영등포","457","419","16","16","6"
"2025-06-27","영통","371","326","15","21","9"
"2025-06-27","용산","174","153","8","8","5"
"2025-06-27","유성","260","239","0","16","5"
"2025-06-27","은평","372","336","15","14","7"
"2025-06-27","의정부","351","320","10","13","8"
"2025-06-27","인천중구","21","20","0","1","0"
"2025-06-27","일산동구","260","232","12","9","7"
"2025-06-27","일산서구","224","193","9","14","8"
"2025-06-27","장안","234","215","10","6","3"
"2025-06-27","종로","126","117","3","4","2"
"2025-06-27","중구","159","137","7","7","8"
"2025-06-27","중랑","376","338","15","14","9"
"2025-06-27","중원","179","165","6","5","3"
"2025-06-27","천안","381","358","0","13","10"
"2025-06-27","팔달","191","166","13","8","4"
"2025-06-27","하남","8","0","8","0","0"
"2025-06-27","하남가","35","30","0","4","1"
"2025-06-27","하남나","64","61","0","1","2"
"2025-06-27","하남다","59","57","0","2","0"
"2025-06-27","하남라","43","39","0","2","2"
"2025-06-27","화성","14","0","14","0","0"
"2025-06-27","화성가","104","97","0","5","2"
"2025-06-27","화성나","155","141","0","11","3"
"2025-06-27","화성다","162","154","0","8","0"
"2025-06-28","강남","7","0","7","0","0"
"2025-06-28","강남가","211","202","6","3","0"
"2025-06-28","강남나","92","89","1","2","0"
"2025-06-28","강동","330","326","4","0","0"
"2025-06-28","강북","153","151","2","0","0"
"2025-06-28","강서","432","420","10","2","0"
"2025-06-28","계양","151","151","0","0","0"
"2025-06-28","관악","2","0","2","0","0"
"2025-06-28","관악가","492","491","0","1","0"
"2025-06-28","광명","187","182","1","4","0"
"2025-06-28","광진","278","270","6","2","0"
"2025-06-28","구로","229","223","6","0","0"
"2025-06-28","구리","115","114","1","0","0"
"2025-06-28","군포","157","154","1","2","0"
"2025-06-28","권선","192","187","3","2","0"
"2025-06-28","금천","172","171","1","0","0"
"2025-06-28","기흥","226","221","2","3","0"
"2025-06-28","김포","194","191","1","2","0"
"2025-06-28","남동구","243","243","0","0","0"
"2025-06-28","남양주","160","158","2","0","0"
"2025-06-28","노원","290","288","2","0","0"
"2025-06-28","단원","153","153","0","0","0"
"2025-06-28","대덕","46","45","0","1","0"
"2025-06-28","대전동구","97","97","0","0","0"
"2025-06-28","대전서구","269","267","0","2","0"
"2025-06-28","대전중구","80","80","0","0","0"
"2025-06-28","덕양","200","197","1","2","0"
"2025-06-28","도봉","148","146","2","0","0"
"2025-06-28","동구","22","22","0","0","0"
"2025-06-28","동대문","278","275","2","1","0"
"2025-06-28","동안","210","207","2","1","0"
"2025-06-28","동작","320","314","6","0","0"
"2025-06-28","마포","309","297","11","1","0"
"2025-06-28","만안","160","152","6","2","0"
"2025-06-28","미추홀","225","225","0","0","0"
"2025-06-28","부천","4","0","4","0","0"
"2025-06-28","부천가","182","180","0","2","0"
"2025-06-28","부천나","71","71","0","0","0"
"2025-06-28","부천다","167","166","0","1","0"
"2025-06-28","부평","296","295","1","0","0"
"2025-06-28","분당","271","267","3","1","0"
"2025-06-28","상록","160","158","0","2","0"
"2025-06-28","서구","351","351","0","0","0"
"2025-06-28","서대문","244","240","4","0","0"
"2025-06-28","서초","3","0","3","0","0"
"2025-06-28","서초가","117","114","2","1","0"
"2025-06-28","서초나","122","118","3","1","0"
"2025-06-28","성동","149","148","1","0","0"
"2025-06-28","성북","312","310","2","0","0"
"2025-06-28","송파","430","418","10","2","0"
"2025-06-28","수정","129","127","1","1","0"
"2025-06-28","수정가","20","20","0","0","0"
"2025-06-28","수지","209","202","6","1","0"
"2025-06-28","시흥남","147","144","0","3","0"
"2025-06-28","시흥북","53","53","0","0","0"
"2025-06-28","아산가","50","50","0","0","0"
"2025-06-28","아산나","82","82","0","0","0"
"2025-06-28","양천","211","206","3","2","0"
"2025-06-28","연수","238","238","0","0","0"
"2025-06-28","영등포","309","303","5","1","0"
"2025-06-28","영통","229","222","4","3","0"
"2025-06-28","용산","135","127","5","3","0"
"2025-06-28","유성","206","206","0","0","0"
"2025-06-28","은평","259","254","5","0","0"
"2025-06-28","의정부","235","232","3","0","0"
"2025-06-28","인천중구","19","19","0","0","0"
"2025-06-28","일산동구","175","174","1","0","0"
"2025-06-28","일산서구","145","141","2","2","0"
"2025-06-28","장안","133","131","2","0","0"
"2025-06-28","종로","124","118","5","1","0"
"2025-06-28","중구","88","84","2","2","0"
"2025-06-28","중랑","265","261","3","1","0"
"2025-06-28","중원","125","122","3","0","0"
"2025-06-28","천안","332","330","0","2","0"
"2025-06-28","팔달","138","137","0","1","0"
"2025-06-28","하남","3","0","3","0","0"
"2025-06-28","하남가","28","27","0","1","0"
"2025-06-28","하남나","31","31","0","0","0"
"2025-06-28","하남다","56","56","0","0","0"
"2025-06-28","하남라","36","35","0","1","0"
"2025-06-28","화성","6","0","6","0","0"
"2025-06-28","화성가","62","62","0","0","0"
"2025-06-28","화성나","113","110","0","3","0"
"2025-06-28","화성다","103","103","0","0","0"
"2025-06-29","강남가","188","188","0","0","0"
"2025-06-29","강남나","97","97","0","0","0"
"2025-06-29","강동","265","265","0","0","0"
"2025-06-29","강북","125","125","0","0","0"
"2025-06-29","강서","322","322","0","0","0"
"2025-06-29","계양","124","124","0","0","0"
"2025-06-29","관악가","398","398","0","0","0"
"2025-06-29","광명","158","158","0","0","0"
"2025-06-29","광진","240","240","0","0","0"
"2025-06-29","구로","210","210","0","0","0"
"2025-06-29","구리","110","110","0","0","0"
"2025-06-29","군포","142","142","0","0","0"
"2025-06-29","권선","203","203","0","0","0"
"2025-06-29","금천","129","129","0","0","0"
"2025-06-29","기흥","251","251","0","0","0"
"2025-06-29","김포","198","198","0","0","0"
"2025-06-29","남동구","227","227","0","0","0"
"2025-06-29","남양주","165","165","0","0","0"
"2025-06-29","노원","226","226","0","0","0"
"2025-06-29","단원","130","130","0","0","0"
"2025-06-29","대덕","45","45","0","0","0"
"2025-06-29","대전동구","77","77","0","0","0"
"2025-06-29","대전서구","231","231","0","0","0"
"2025-06-29","대전중구","81","81","0","0","0"
"2025-06-29","덕양","205","205","0","0","0"
"2025-06-29","도봉","123","123","0","0","0"
"2025-06-29","동구","20","20","0","0","0"
"2025-06-29","동대문","266","266","0","0","0"
"2025-06-29","동안","201","201","0","0","0"
"2025-06-29","동작","311","311","0","0","0"
"2025-06-29","마포","247","247","0","0","0"
"2025-06-29","만안","112","112","0","0","0"
"2025-06-29","미추홀","201","201","0","0","0"
"2025-06-29","부천가","204","204","0","0","0"
"2025-06-29","부천나","86","86","0","0","0"
"2025-06-29","부천다","169","169","0","0","0"
"2025-06-29","부평","228","228","0","0","0"
"2025-06-29","분당","292","292","0","0","0"
"2025-06-29","상록","145","145","0","0","0"
"2025-06-29","서구","319","319","0","0","0"
"2025-06-29","서대문","236","236","0","0","0"
"2025-06-29","서초가","99","99","0","0","0"
"2025-06-29","서초나","101","101","0","0","0"
"2025-06-29","성동","154","154","0","0","0"
"2025-06-29","성북","258","258","0","0","0"
"2025-06-29","송파","403","403","0","0","0"
"2025-06-29","수정","112","112","0","0","0"
"2025-06-29","수정가","12","12","0","0","0"
"2025-06-29","수지","198","198","0","0","0"
"2025-06-29","시흥남","153","153","0","0","0"
"2025-06-29","시흥북","53","53","0","0","0"
"2025-06-29","아산가","62","62","0","0","0"
"2025-06-29","아산나","87","87","0","0","0"
"2025-06-29","양천","179","179","0","0","0"
"2025-06-29","연수","200","200","0","0","0"
"2025-06-29","영등포","310","310","0","0","0"
"2025-06-29","영통","246","246","0","0","0"
"2025-06-29","용산","121","121","0","0","0"
"2025-06-29","유성","214","214","0","0","0"
"2025-06-29","은평","235","235","0","0","0"
"2025-06-29","의정부","222","222","0","0","0"
"2025-06-29","인천중구","13","13","0","0","0"
"2025-06-29","일산동구","173","173","0","0","0"
"2025-06-29","일산서구","150","150","0","0","0"
"2025-06-29","장안","165","165","0","0","0"
"2025-06-29","종로","93","93","0","0","0"
"2025-06-29","중구","75","75","0","0","0"
"2025-06-29","중랑","205","205","0","0","0"
"2025-06-29","중원","112","112","0","0","0"
"2025-06-29","천안","349","349","0","0","0"
"2025-06-29","팔달","133","133","0","0","0"
"2025-06-29","하남가","28","28","0","0","0"
"2025-06-29","하남나","35","35","0","0","0"
"2025-06-29","하남다","49","49","0","0","0"
"2025-06-29","하남라","27","27","0","0","0"
"2025-06-29","화성가","86","86","0","0","0"
"2025-06-29","화성나","136","136","0","0","0"
"2025-06-29","화성다","109","109","0","0","0"
"2025-06-30","강남","87","0","87","0","0"
"2025-06-30","강남가","333","251","0","28","54"
"2025-06-30","강남나","120","79","0","19","22"
"2025-06-30","강동","427","343","38","25","21"
"2025-06-30","강북","186","147","18","5","16"
"2025-06-30","강서","565","436","70","29","30"
"2025-06-30","계양","203","168","23","6","6"
"2025-06-30","관악","45","0","45","0","0"
"2025-06-30","관악가","575","537","0","14","24"
"2025-06-30","광명","227","182","19","18","8"
"2025-06-30","광진","397","326","30","20","21"
"2025-06-30","구로","347","264","49","20","14"
"2025-06-30","구리","153","113","21","9","10"
"2025-06-30","군포","205","171","22","5","7"
"2025-06-30","권선","305","241","32","14","18"
"2025-06-30","금천","205","169","18","9","9"
"2025-06-30","기흥","374","263","61","21","29"
"2025-06-30","김포","274","197","41","16","20"
"2025-06-30","남동구","306","287","0","7","12"
"2025-06-30","남양주","231","169","34","13","15"
"2025-06-30","노원","382","301","39","18","24"
"2025-06-30","단원","199","188","0","2","9"
"2025-06-30","대덕","50","47","0","2","1"
"2025-06-30","대전동구","111","104","0","3","4"
"2025-06-30","대전서구","323","283","0","21","19"
"2025-06-30","대전중구","112","105","0","4","3"
"2025-06-30","덕양","302","245","28","21","8"
"2025-06-30","도봉","215","167","23","17","8"
"2025-06-30","동구","26","23","0","3","0"
"2025-06-30","동대문","419","336","42","19","22"
"2025-06-30","동안","288","223","30","19","16"
"2025-06-30","동작","455","368","48","17","22"
"2025-06-30","마포","432","323","47","30","32"
"2025-06-30","만안","190","153","20","6","11"
"2025-06-30","미추홀","280","261","1","8","10"
"2025-06-30","부천","68","0","68","0","0"
"2025-06-30","부천가","222","202","0","11","9"
"2025-06-30","부천나","81","78","0","1","2"
"2025-06-30","부천다","205","185","0","10","10"
"2025-06-30","부평","343","282","35","15","11"
"2025-06-30","분당","477","355","51","26","45"
"2025-06-30","상록","194","177","0","8","9"
"2025-06-30","서구","430","378","0","25","27"
"2025-06-30","서대문","356","275","42","17","22"
"2025-06-30","서초","60","0","60","0","0"
"2025-06-30","서초가","165","117","0","18","30"
"2025-06-30","서초나","217","170","0","19","28"
"2025-06-30","성남","15","0","15","0","0"
"2025-06-30","성동","306","213","44","19","30"
"2025-06-30","성북","411","333","42","19","17"
"2025-06-30","송파","711","536","79","51","45"
"2025-06-30","수정","206","170","13","15","8"
"2025-06-30","수정가","27","25","0","1","1"
"2025-06-30","수지","382","260","48","37","37"
"2025-06-30","시흥남","196","169","0","18","9"
"2025-06-30","시흥북","56","50","0","6","0"
"2025-06-30","아산가","68","60","0","5","3"
"2025-06-30","아산나","93","77","0","7","9"
"2025-06-30","양천","293","212","36","21","24"
"2025-06-30","연수","292","243","0","25","24"
"2025-06-30","영등포","480","391","44","25","20"
"2025-06-30","영통","466","349","49","33","35"
"2025-06-30","용산","254","183","40","15","16"
"2025-06-30","유성","314","284","0","10","20"
"2025-06-30","은평","437","357","31","24","25"
"2025-06-30","의정부","375","313","33","14","15"
"2025-06-30","인천중구","12","12","0","0","0"
"2025-06-30","일산동구","241","181","36","11","13"
"2025-06-30","일산서구","215","166","27","6","16"
"2025-06-30","장안","266","224","19","10","13"
"2025-06-30","종로","162","129","14","9","10"
"2025-06-30","중구","143","109","22","5","7"
"2025-06-30","중랑","289","244","23","11","11"
"2025-06-30","중원","163","131","23","2","7"
"2025-06-30","천안","384","345","0","19","20"
"2025-06-30","팔달","197","161","14","9","13"
"2025-06-30","하남","28","0","28","0","0"
"2025-06-30","하남가","46","39","0","3","4"
"2025-06-30","하남나","74","72","0","1","1"
"2025-06-30","하남다","50","45","0","3","2"
"2025-06-30","하남라","47","41","0","2","4"
"2025-06-30","화성","83","0","83","0","0"
"2025-06-30","화성가","103","92","0","5","6"
"2025-06-30","화성나","207","176","0","17","14"
"2025-06-30","화성다","182","140","0","19","23"
"2025-07-01","강남가","262","243","0","0","19"
"2025-07-01","강남나","137","132","0","0","5"
"2025-07-01","강동","404","396","0","0","8"
"2025-07-01","강북","188","188","0","0","0"
"2025-07-01","강서","511","504","0","0","7"
"2025-07-01","계양","168","167","0","0","1"
"2025-07-01","관악가","657","654","0","0","3"
"2025-07-01","광명","198","195","0","0","3"
"2025-07-01","광진","419","415","0","0","4"
"2025-07-01","구로","314","309","0","0","5"
"2025-07-01","구리","147","143","0","0","4"
"2025-07-01","군포","187","181","0","0","6"
"2025-07-01","권선","257","253","0","0","4"
"2025-07-01","금천","217","215","0","0","2"
"2025-07-01","기흥","286","280","0","0","6"
"2025-07-01","김포","228","221","0","0","7"
"2025-07-01","남동구","289","287","0","0","2"
"2025-07-01","남양주","195","186","0","0","9"
"2025-07-01","노원","398","390","0","0","8"
"2025-07-01","단원","196","193","0","0","3"
"2025-07-01","대덕","65","65","0","0","0"
"2025-07-01","대전동구","132","130","0","0","2"
"2025-07-01","대전서구","368","361","0","0","7"
"2025-07-01","대전중구","142","140","0","0","2"
"2025-07-01","덕양","251","247","0","0","4"
"2025-07-01","도봉","171","169","0","0","2"
"2025-07-01","동구","19","19","0","0","0"
"2025-07-01","동대문","405","400","0","0","5"
"2025-07-01","동안","270","258","0","0","12"
"2025-07-01","동작","382","379","0","0","3"
"2025-07-01","마포","402","388","0","0","14"
"2025-07-01","만안","161","159","0","0","2"
"2025-07-01","미추홀","300","297","0","0","3"
"2025-07-01","부천가","272","264","0","0","8"
"2025-07-01","부천나","90","88","0","0","2"
"2025-07-01","부천다","212","211","0","0","1"
"2025-07-01","부평","331","327","0","0","4"
"2025-07-01","분당","362","350","0","0","12"
"2025-07-01","상록","217","215","0","0","2"
"2025-07-01","서구","435","430","0","0","5"
"2025-07-01","서대문","316","313","0","0","3"
"2025-07-01","서초가","152","142","0","0","10"
"2025-07-01","서초나","153","149","0","0","4"
"2025-07-01","성동","267","264","0","0","3"
"2025-07-01","성북","457","451","0","0","6"
"2025-07-01","송파","594","576","0","0","18"
"2025-07-01","수정","180","175","1","0","4"
"2025-07-01","수정가","34","31","0","0","3"
"2025-07-01","수지","267","257","0","0","10"
"2025-07-01","시흥남","176","175","0","0","1"
"2025-07-01","시흥북","75","73","0","0","2"
"2025-07-01","아산가","72","71","0","0","1"
"2025-07-01","아산나","89","85","0","0","4"
"2025-07-01","양천","277","269","0","0","8"
"2025-07-01","연수","332","326","0","0","6"
"2025-07-01","영등포","395","386","0","0","9"
"2025-07-01","영통","347","339","0","0","8"
"2025-07-01","용산","179","176","0","0","3"
"2025-07-01","유성","348","341","0","0","7"
"2025-07-01","은평","386","383","0","0","3"
"2025-07-01","의정부","344","341","0","0","3"
"2025-07-01","인천중구","19","19","0","0","0"
"2025-07-01","일산동구","223","220","0","0","3"
"2025-07-01","일산서구","166","165","0","0","1"
"2025-07-01","장안","217","216","0","0","1"
"2025-07-01","종로","128","128","0","0","0"
"2025-07-01","중구","128","126","0","0","2"
"2025-07-01","중랑","283","282","0","0","1"
"2025-07-01","중원","146","146","0","0","0"
"2025-07-01","천안","409","399","0","0","10"
"2025-07-01","팔달","199","199","0","0","0"
"2025-07-01","하남가","31","29","0","0","2"
"2025-07-01","하남나","46","45","0","0","1"
"2025-07-01","하남다","48","47","0","0","1"
"2025-07-01","하남라","50","50","0","0","0"
"2025-07-01","화성가","105","104","0","0","1"
"2025-07-01","화성나","192","189","0","0","3"
"2025-07-01","화성다","163","157","0","0","6"
"2025-07-02","강남가","30","29","0","0","1"
"2025-07-02","강남나","10","10","0","0","0"
"2025-07-02","강동","32","32","0","0","0"
"2025-07-02","강북","16","16","0","0","0"
"2025-07-02","강서","49","49","0","0","0"
"2025-07-02","계양","17","16","0","0","1"
"2025-07-02","관악가","67","67","0","0","0"
"2025-07-02","광명","17","17","0","0","0"
"2025-07-02","광진","46","45","1","0","0"
"2025-07-02","구로","26","26","0","0","0"
"2025-07-02","구리","10","10","0","0","0"
"2025-07-02","군포","19","19","0","0","0"
"2025-07-02","권선","12","12","0","0","0"
"2025-07-02","금천","20","20","0","0","0"
"2025-07-02","기흥","25","25","0","0","0"
"2025-07-02","김포","21","21","0","0","0"
"2025-07-02","남동구","31","31","0","0","0"
"2025-07-02","남양주","19","19","0","0","0"
"2025-07-02","노원","39","39","0","0","0"
"2025-07-02","단원","23","23","0","0","0"
"2025-07-02","대덕","3","3","0","0","0"
"2025-07-02","대전동구","5","5","0","0","0"
"2025-07-02","대전서구","35","35","0","0","0"
"2025-07-02","대전중구","10","10","0","0","0"
"2025-07-02","덕양","18","18","0","0","0"
"2025-07-02","도봉","23","23","0","0","0"
"2025-07-02","동대문","31","31","0","0","0"
"2025-07-02","동안","28","28","0","0","0"
"2025-07-02","동작","49","49","0","0","0"
"2025-07-02","마포","40","40","0","0","0"
"2025-07-02","만안","17","17","0","0","0"
"2025-07-02","미추홀","23","23","0","0","0"
"2025-07-02","부천가","11","11","0","0","0"
"2025-07-02","부천나","7","7","0","0","0"
"2025-07-02","부천다","19","19","0","0","0"
"2025-07-02","부평","27","27","0","0","0"
"2025-07-02","분당","36","36","0","0","0"
"2025-07-02","상록","19","19","0","0","0"
"2025-07-02","서구","35","35","0","0","0"
"2025-07-02","서대문","28","28","0","0","0"
"2025-07-02","서초가","7","7","0","0","0"
"2025-07-02","서초나","15","15","0","0","0"
"2025-07-02","성동","20","20","0","0","0"
"2025-07-02","성북","40","40","0","0","0"
"2025-07-02","송파","55","55","0","0","0"
"2025-07-02","수정","12","12","0","0","0"
"2025-07-02","수정가","1","1","0","0","0"
"2025-07-02","수지","19","19","0","0","0"
"2025-07-02","시흥남","11","11","0","0","0"
"2025-07-02","시흥북","4","4","0","0","0"
"2025-07-02","아산가","5","5","0","0","0"
"2025-07-02","아산나","7","7","0","0","0"
"2025-07-02","양천","23","23","0","0","0"
"2025-07-02","연수","22","22","0","0","0"
"2025-07-02","영등포","48","48","0","0","0"
"2025-07-02","영통","27","27","0","0","0"
"2025-07-02","용산","23","23","0","0","0"
"2025-07-02","유성","20","20","0","0","0"
"2025-07-02","은평","29","29","0","0","0"
"2025-07-02","의정부","22","22","0","0","0"
"2025-07-02","인천중구","2","2","0","0","0"
"2025-07-02","일산동구","22","22","0","0","0"
"2025-07-02","일산서구","19","19","0","0","0"
"2025-07-02","장안","27","27","0","0","0"
"2025-07-02","종로","11","11","0","0","0"
"2025-07-02","중구","11","11","0","0","0"
"2025-07-02","중랑","29","29","0","0","0"
"2025-07-02","중원","15","14","0","0","1"
"2025-07-02","천안","38","38","0","0","0"
"2025-07-02","팔달","22","22","0","0","0"
"2025-07-02","하남가","3","3","0","0","0"
"2025-07-02","하남나","7","7","0","0","0"
"2025-07-02","하남다","8","8","0","0","0"
"2025-07-02","하남라","4","4","0","0","0"
"2025-07-02","화성가","5","5","0","0","0"
"2025-07-02","화성나","16","16","0","0","0"
"2025-07-02","화성다","11","11","0","0","0"
,"강남","7","1","6","0","0"
,"강남가","47","7","0","1","39"
,"강남나","11","0","0","0","11"
,"강동","28","6","0","2","20"
,"강북","7","3","0","0","4"
,"강서","23","4","0","2","17"
,"계양","7","2","0","0","5"
,"관악","2","0","2","0","0"
,"관악가","19","8","0","0","11"
,"광명","7","1","0","2","4"
,"광진","14","4","0","0","10"
,"구로","14","1","0","0","13"
,"구리","4","0","0","0","4"
,"군포","3","1","0","0","2"
,"권선","12","4","0","2","6"
,"금천","5","0","0","1","4"
,"기흥","22","5","0","3","14"
,"김포","17","3","0","1","13"
,"남동구","11","4","0","1","6"
,"남양주","20","4","0","1","15"
,"노원","18","1","1","0","16"
,"단원","8","4","0","1","3"
,"대덕","2","2","0","0","0"
,"대전동구","6","4","0","0","2"
,"대전서구","6","1","0","1","4"
,"대전중구","5","1","0","1","3"
,"덕양","19","0","1","1","17"
,"도봉","7","1","0","0","6"
,"동구","1","1","0","0","0"
,"동대문","11","1","0","0","10"
,"동안","18","3","1","1","13"
,"동작","14","1","0","3","10"
,"마포","30","1","0","1","28"
,"만안","7","3","1","0","3"
,"미추홀","8","6","0","0","2"
,"부천가","9","2","0","0","7"
,"부천나","3","1","0","0","2"
,"부천다","7","1","0","0","6"
,"부평","12","4","1","1","6"
,"분당","35","2","0","15","18"
,"상록","7","3","0","0","4"
,"서구","14","7","0","2","5"
,"서대문","14","1","0","1","12"
,"서초가","15","1","0","0","14"
,"서초나","13","1","0","2","10"
,"성동","7","2","0","0","5"
,"성북","20","4","0","2","14"
,"송파","43","7","1","6","29"
,"수정","6","1","2","0","3"
,"수정가","1","0","0","1","0"
,"수지","21","2","3","2","14"
,"시흥남","4","0","0","1","3"
,"아산가","2","0","0","0","2"
,"아산나","11","3","0","0","8"
,"양천","23","1","0","1","21"
,"연수","9","2","0","1","6"
,"영등포","24","2","0","1","21"
,"영통","24","4","1","1","18"
,"용산","19","3","2","1","13"
,"유성","12","7","0","1","4"
,"은평","19","3","1","2","13"
,"의정부","11","1","1","2","7"
,"인천중구","2","0","0","1","1"
,"일산동구","17","5","0","2","10"
,"일산서구","11","0","0","2","9"
,"장안","6","2","0","0","4"
,"종로","6","0","0","0","6"
,"중구","13","3","0","0","10"
,"중랑","13","5","0","1","7"
,"중원","4","2","0","0","2"
,"천안","15","7","0","2","6"
,"팔달","13","6","0","1","6"
,"하남","7","0","0","0","7"
,"하남가","1","0","0","0","1"
,"하남다","4","0","0","0","4"
,"화성","2","0","2","0","0"
,"화성가","9","2","0","0","7"
,"화성나","15","1","0","5","9"
,"화성다","14","3","0","6","5"
