"날짜","지역","총 물량","지그재그 당일배송","카카오모빌리티","부스터스","other_seller"
"2025-07-01","강남","48","0","48","0","0"
"2025-07-01","강남가","93","54","0","26","13"
"2025-07-01","강남나","34","24","0","6","4"
"2025-07-01","강동","144","65","31","31","17"
"2025-07-01","강북","58","38","13","5","2"
"2025-07-01","강서","183","102","47","23","11"
"2025-07-01","계양","47","26","9","9","3"
"2025-07-01","관악","25","0","25","0","0"
"2025-07-01","관악가","119","89","0","20","10"
"2025-07-01","광명","52","27","9","13","3"
"2025-07-01","광진","101","59","15","18","9"
"2025-07-01","구로","119","71","21","22","5"
"2025-07-01","구리","54","24","17","10","3"
"2025-07-01","군포","47","28","10","8","1"
"2025-07-01","권선","89","52","9","18","10"
"2025-07-01","금천","61","41","8","7","5"
"2025-07-01","기흥","100","46","30","19","5"
"2025-07-01","김포","83","39","29","12","3"
"2025-07-01","남동구","61","45","0","14","2"
"2025-07-01","남양주","67","38","10","11","8"
"2025-07-01","노원","113","51","28","24","10"
"2025-07-01","단원","42","30","0","9","3"
"2025-07-01","대덕","11","5","0","5","1"
"2025-07-01","대전동구","22","13","0","9","0"
"2025-07-01","대전서구","62","44","0","13","5"
"2025-07-01","대전중구","29","15","0","12","2"
"2025-07-01","덕양","93","44","15","26","8"
"2025-07-01","도봉","55","30","12","8","5"
"2025-07-01","동구","10","8","0","2","0"
"2025-07-01","동대문","128","74","25","20","9"
"2025-07-01","동안","80","27","22","23","8"
"2025-07-01","동작","133","65","29","29","10"
"2025-07-01","마포","143","66","33","29","15"
"2025-07-01","만안","52","28","12","9","3"
"2025-07-01","미추홀","59","44","0","12","3"
"2025-07-01","부천","38","0","38","0","0"
"2025-07-01","부천가","52","28","0","16","8"
"2025-07-01","부천나","15","13","0","1","1"
"2025-07-01","부천다","50","33","0","13","4"
"2025-07-01","부평","104","57","23","20","4"
"2025-07-01","분당","127","63","25","26","13"
"2025-07-01","상록","32","22","0","9","1"
"2025-07-01","서구","90","52","0","27","11"
"2025-07-01","서대문","80","46","14","15","5"
"2025-07-01","서초","40","0","40","0","0"
"2025-07-01","서초가","43","18","0","15","10"
"2025-07-01","서초나","50","24","0","14","12"
"2025-07-01","성남","16","0","16","0","0"
"2025-07-01","성동","104","39","26","31","8"
"2025-07-01","성북","110","64","16","22","8"
"2025-07-01","송파","217","100","54","35","28"
"2025-07-01","수정","33","13","8","11","1"
"2025-07-01","수정가","4","2","0","2","0"
"2025-07-01","수지","83","32","23","19","9"
"2025-07-01","시흥남","34","25","0","8","1"
"2025-07-01","시흥북","12","5","0","4","3"
"2025-07-01","아산가","13","9","0","3","1"
"2025-07-01","아산나","30","14","0","12","4"
"2025-07-01","양천","93","44","24","18","7"
"2025-07-01","연수","70","37","0","25","8"
"2025-07-01","영등포","116","59","32","20","5"
"2025-07-01","영통","120","54","33","21","12"
"2025-07-01","용산","53","23","20","6","4"
"2025-07-01","유성","64","44","0","14","6"
"2025-07-01","은평","115","64","24","20","7"
"2025-07-01","의정부","89","55","18","11","5"
"2025-07-01","인천중구","2","2","0","0","0"
"2025-07-01","일산동구","75","38","22","7","8"
"2025-07-01","일산서구","51","24","12","10","5"
"2025-07-01","장안","66","40","8","12","6"
"2025-07-01","종로","49","25","14","10","0"
"2025-07-01","중구","44","23","14","4","3"
"2025-07-01","중랑","107","63","22","10","12"
"2025-07-01","중원","37","21","9","6","1"
"2025-07-01","천안","92","54","0","30","8"
"2025-07-01","팔달","47","20","19","5","3"
"2025-07-01","하남","23","0","23","0","0"
"2025-07-01","하남가","5","2","0","2","1"
"2025-07-01","하남나","16","12","0","2","2"
"2025-07-01","하남다","20","11","0","4","5"
"2025-07-01","하남라","12","8","0","4","0"
"2025-07-01","화성","46","0","46","0","0"
"2025-07-01","화성가","15","13","0","1","1"
"2025-07-01","화성나","53","35","0","13","5"
"2025-07-01","화성다","48","20","1","17","10"
"2025-07-02","강남","65","0","65","0","0"
"2025-07-02","강남가","303","228","0","32","43"
"2025-07-02","강남나","139","109","0","15","15"
"2025-07-02","강동","447","363","28","33","23"
"2025-07-02","강북","216","191","8","10","7"
"2025-07-02","강서","559","479","33","18","29"
"2025-07-02","계양","177","162","11","1","3"
"2025-07-02","관악","33","0","33","0","0"
"2025-07-02","관악가","588","557","0","18","13"
"2025-07-02","광명","217","178","18","9","12"
"2025-07-02","광진","412","352","20","23","17"
"2025-07-02","구로","299","251","16","15","17"
"2025-07-02","구리","150","131","8","4","7"
"2025-07-02","군포","165","141","7","8","9"
"2025-07-02","권선","263","220","19","12","12"
"2025-07-02","금천","231","209","7","5","10"
"2025-07-02","기흥","313","252","34","5","22"
"2025-07-02","김포","274","215","18","12","29"
"2025-07-02","남동구","282","257","0","16","9"
"2025-07-02","남양주","207","165","16","12","14"
"2025-07-02","노원","391","331","25","21","14"
"2025-07-02","단원","168","154","0","9","5"
"2025-07-02","대덕","44","37","0","2","5"
"2025-07-02","대전동구","95","88","0","6","1"
"2025-07-02","대전서구","319","280","0","18","21"
"2025-07-02","대전중구","123","114","0","4","5"
"2025-07-02","덕양","260","227","15","11","7"
"2025-07-02","도봉","195","164","16","7","8"
"2025-07-02","동구","22","20","0","2","0"
"2025-07-02","동대문","377","327","27","11","12"
"2025-07-02","동안","285","222","27","12","24"
"2025-07-02","동작","404","341","29","15","19"
"2025-07-02","마포","409","311","34","35","29"
"2025-07-02","만안","138","109","13","5","11"
"2025-07-02","미추홀","258","239","1","12","6"
"2025-07-02","부천","44","0","44","0","0"
"2025-07-02","부천가","245","220","0","16","9"
"2025-07-02","부천나","90","84","0","3","3"
"2025-07-02","부천다","185","167","0","13","5"
"2025-07-02","부평","367","317","28","10","12"
"2025-07-02","분당","376","296","29","23","28"
"2025-07-02","상록","194","185","0","5","4"
"2025-07-02","서구","391","353","0","15","23"
"2025-07-02","서대문","257","220","21","6","10"
"2025-07-02","서초","50","0","50","0","0"
"2025-07-02","서초가","145","108","0","14","23"
"2025-07-02","서초나","177","154","0","10","13"
"2025-07-02","성남","8","0","8","0","0"
"2025-07-02","성동","307","243","27","23","14"
"2025-07-02","성북","335","282","24","18","11"
"2025-07-02","송파","588","458","46","44","40"
"2025-07-02","수정","150","129","9","6","6"
"2025-07-02","수정가","18","15","0","1","2"
"2025-07-02","수지","268","186","27","21","34"
"2025-07-02","시흥남","202","184","0","8","10"
"2025-07-02","시흥북","55","51","0","4","0"
"2025-07-02","아산가","48","44","0","2","2"
"2025-07-02","아산나","95","79","0","8","8"
"2025-07-02","양천","274","225","20","17","12"
"2025-07-02","연수","255","206","0","22","27"
"2025-07-02","영등포","454","405","17","20","12"
"2025-07-02","영통","372","291","31","25","25"
"2025-07-02","용산","180","128","24","12","16"
"2025-07-02","유성","266","235","0","16","15"
"2025-07-02","은평","353","297","21","18","17"
"2025-07-02","의정부","313","279","15","6","13"
"2025-07-02","인천중구","16","15","0","1","0"
"2025-07-02","일산동구","229","187","22","10","10"
"2025-07-02","일산서구","195","151","26","8","10"
"2025-07-02","장안","186","156","13","6","11"
"2025-07-02","종로","136","118","5","5","8"
"2025-07-02","중구","144","119","11","9","5"
"2025-07-02","중랑","329","285","11","17","16"
"2025-07-02","중원","150","125","12","4","9"
"2025-07-02","천안","402","366","0","17","19"
"2025-07-02","팔달","195","166","17","2","10"
"2025-07-02","하남","32","0","32","0","0"
"2025-07-02","하남가","33","28","0","1","4"
"2025-07-02","하남나","65","63","0","1","1"
"2025-07-02","하남다","76","62","0","5","9"
"2025-07-02","하남라","46","41","0","4","1"
"2025-07-02","화성","45","0","45","0","0"
"2025-07-02","화성가","98","92","0","3","3"
"2025-07-02","화성나","171","150","0","12","9"
"2025-07-02","화성다","152","117","0","22","13"
"2025-07-03","강남","61","0","61","0","0"
"2025-07-03","강남가","383","335","0","27","21"
"2025-07-03","강남나","176","161","0","10","5"
"2025-07-03","강동","463","403","27","21","12"
"2025-07-03","강북","225","201","8","10","6"
"2025-07-03","강서","725","645","38","25","17"
"2025-07-03","계양","44","33","11","0","0"
"2025-07-03","계양가","27","26","0","0","1"
"2025-07-03","계양나","35","34","0","1","0"
"2025-07-03","계양다","40","34","0","3","3"
"2025-07-03","계양라","30","29","0","1","0"
"2025-07-03","계양마","22","22","0","0","0"
"2025-07-03","관악","36","0","36","0","0"
"2025-07-03","관악가","743","718","0","11","14"
"2025-07-03","광명","232","194","18","6","14"
"2025-07-03","광진","459","415","20","17","7"
"2025-07-03","구로","380","336","25","10","9"
"2025-07-03","구리","190","168","8","8","6"
"2025-07-03","군포","220","199","7","9","5"
"2025-07-03","권선","287","256","22","5","4"
"2025-07-03","금천","273","248","18","4","3"
"2025-07-03","기흥","288","247","19","13","9"
"2025-07-03","김포","290","254","18","10","8"
"2025-07-03","남동구","312","299","0","10","3"
"2025-07-03","남양주","256","220","18","7","11"
"2025-07-03","노원","404","350","23","19","12"
"2025-07-03","단원","181","165","0","9","7"
"2025-07-03","대덕","44","42","0","1","1"
"2025-07-03","대전동구","122","111","0","6","5"
"2025-07-03","대전서구","353","331","0","11","11"
"2025-07-03","대전중구","123","114","0","7","2"
"2025-07-03","덕양","268","240","19","3","6"
"2025-07-03","도봉","246","217","14","8","7"
"2025-07-03","동구","21","19","0","0","2"
"2025-07-03","동대문","427","386","15","16","10"
"2025-07-03","동안","315","268","14","19","14"
"2025-07-03","동작","481","425","24","17","15"
"2025-07-03","마포","465","392","34","24","15"
"2025-07-03","만안","151","135","7","3","6"
"2025-07-03","미추홀","245","236","0","4","5"
"2025-07-03","부천","33","0","33","0","0"
"2025-07-03","부천가","285","256","0","17","12"
"2025-07-03","부천나","88","84","0","4","0"
"2025-07-03","부천다","253","234","0","9","10"
"2025-07-03","부평","416","375","22","12","7"
"2025-07-03","분당","429","360","29","17","23"
"2025-07-03","상록","193","185","0","4","4"
"2025-07-03","서구","488","437","0","31","20"
"2025-07-03","서대문","373","331","13","17","12"
"2025-07-03","서초","44","0","44","0","0"
"2025-07-03","서초가","163","135","0","17","11"
"2025-07-03","서초나","175","160","0","8","7"
"2025-07-03","성남","11","0","11","0","0"
"2025-07-03","성동","322","286","17","11","8"
"2025-07-03","성북","442","386","25","8","23"
"2025-07-03","송파","731","631","47","26","27"
"2025-07-03","수정","186","166","9","5","6"
"2025-07-03","수정가","19","16","0","0","3"
"2025-07-03","수지","291","240","28","8","15"
"2025-07-03","시흥남","245","234","0","8","3"
"2025-07-03","시흥북","57","54","0","3","0"
"2025-07-03","아산가","68","62","0","4","2"
"2025-07-03","아산나","105","94","0","4","7"
"2025-07-03","양천","350","298","21","13","18"
"2025-07-03","연수","309","272","0","17","20"
"2025-07-03","영등포","500","425","33","25","17"
"2025-07-03","영통","408","342","30","14","22"
"2025-07-03","용산","219","198","11","5","5"
"2025-07-03","유성","297","272","0","15","10"
"2025-07-03","은평","414","370","21","12","11"
"2025-07-03","의정부","399","366","10","12","11"
"2025-07-03","인천중구","13","12","0","0","1"
"2025-07-03","일산동구","265","225","20","15","5"
"2025-07-03","일산서구","183","151","16","8","8"
"2025-07-03","장안","235","200","20","7","8"
"2025-07-03","종로","162","141","6","8","7"
"2025-07-03","중구","169","133","11","8","17"
"2025-07-03","중랑","396","355","18","9","14"
"2025-07-03","중원","164","145","9","8","2"
"2025-07-03","천안","455","409","0","24","22"
"2025-07-03","팔달","191","175","5","7","4"
"2025-07-03","하남","19","0","19","0","0"
"2025-07-03","하남가","38","33","0","1","4"
"2025-07-03","하남나","69","66","0","1","2"
"2025-07-03","하남다","82","74","0","4","4"
"2025-07-03","하남라","47","42","0","2","3"
"2025-07-03","화성","46","0","46","0","0"
"2025-07-03","화성가","113","107","0","4","2"
"2025-07-03","화성나","209","192","0","8","9"
"2025-07-03","화성다","185","162","0","11","12"
"2025-07-04","강남","47","0","47","0","0"
"2025-07-04","강남가","319","284","0","15","20"
"2025-07-04","강남나","142","122","0","9","11"
"2025-07-04","강동","444","408","15","10","11"
"2025-07-04","강북","229","210","10","5","4"
"2025-07-04","강서","664","592","39","18","15"
"2025-07-04","계양","14","1","13","0","0"
"2025-07-04","계양가","30","29","0","1","0"
"2025-07-04","계양나","38","37","0","1","0"
"2025-07-04","계양다","55","53","0","1","1"
"2025-07-04","계양라","39","39","0","0","0"
"2025-07-04","계양마","24","24","0","0","0"
"2025-07-04","관악","21","0","21","0","0"
"2025-07-04","관악가","588","567","0","11","10"
"2025-07-04","광명","218","194","12","7","5"
"2025-07-04","광진","436","392","20","16","8"
"2025-07-04","구로","382","345","20","12","5"
"2025-07-04","구리","166","152","7","2","5"
"2025-07-04","군포","172","157","7","6","2"
"2025-07-04","권선","332","293","20","12","7"
"2025-07-04","금천","253","234","12","4","3"
"2025-07-04","기흥","311","260","20","18","13"
"2025-07-04","김포","261","230","15","7","9"
"2025-07-04","남동구","296","283","0","12","1"
"2025-07-04","남양주","239","204","17","8","10"
"2025-07-04","노원","391","349","15","17","10"
"2025-07-04","단원","156","144","0","7","5"
"2025-07-04","대덕","44","39","0","4","1"
"2025-07-04","대전동구","110","104","0","5","1"
"2025-07-04","대전서구","290","264","0","21","5"
"2025-07-04","대전중구","132","122","0","7","3"
"2025-07-04","덕양","270","235","17","11","7"
"2025-07-04","도봉","196","172","11","7","6"
"2025-07-04","동구","28","26","0","1","1"
"2025-07-04","동대문","390","357","16","8","9"
"2025-07-04","동안","282","238","23","10","11"
"2025-07-04","동작","449","407","13","10","19"
"2025-07-04","마포","442","393","20","10","19"
"2025-07-04","만안","133","115","9","4","5"
"2025-07-04","미추홀","264","252","0","7","5"
"2025-07-04","부천","33","0","33","0","0"
"2025-07-04","부천가","282","269","0","7","6"
"2025-07-04","부천나","90","86","0","2","2"
"2025-07-04","부천다","203","192","0","5","6"
"2025-07-04","부평","403","367","16","14","6"
"2025-07-04","분당","384","321","29","20","14"
"2025-07-04","상록","182","173","0","7","2"
"2025-07-04","서구","449","430","0","13","6"
"2025-07-04","서대문","313","282","17","8","6"
"2025-07-04","서초","29","0","29","0","0"
"2025-07-04","서초가","180","151","0","13","16"
"2025-07-04","서초나","177","157","0","9","11"
"2025-07-04","성남","12","0","12","0","0"
"2025-07-04","성동","300","254","18","14","14"
"2025-07-04","성북","416","368","18","18","12"
"2025-07-04","송파","662","559","42","31","30"
"2025-07-04","수정","166","144","11","7","4"
"2025-07-04","수정가","20","18","0","1","1"
"2025-07-04","수지","297","257","12","13","15"
"2025-07-04","시흥남","191","175","0","12","4"
"2025-07-04","시흥북","90","83","0","3","4"
"2025-07-04","아산가","61","58","0","3","0"
"2025-07-04","아산나","101","94","0","2","5"
"2025-07-04","양천","343","299","19","14","11"
"2025-07-04","연수","272","253","0","9","10"
"2025-07-04","영등포","438","389","22","12","15"
"2025-07-04","영통","374","326","21","15","12"
"2025-07-04","용산","191","165","10","9","7"
"2025-07-04","유성","295","271","0","11","13"
"2025-07-04","은평","414","388","14","4","8"
"2025-07-04","의정부","365","341","11","6","7"
"2025-07-04","인천중구","12","12","0","0","0"
"2025-07-04","일산동구","259","218","21","8","12"
"2025-07-04","일산서구","188","168","6","6","8"
"2025-07-04","장안","201","176","12","11","2"
"2025-07-04","종로","148","133","8","5","2"
"2025-07-04","중구","152","123","9","5","15"
"2025-07-04","중랑","361","337","10","9","5"
"2025-07-04","중원","171","155","9","4","3"
"2025-07-04","천안","393","370","0","15","8"
"2025-07-04","팔달","196","176","10","6","4"
"2025-07-04","하남","20","0","20","0","0"
"2025-07-04","하남가","65","61","0","2","2"
"2025-07-04","하남나","53","51","0","1","1"
"2025-07-04","하남다","50","45","0","4","1"
"2025-07-04","하남라","40","38","0","2","0"
"2025-07-04","화성","35","0","35","0","0"
"2025-07-04","화성가","108","102","0","1","5"
"2025-07-04","화성나","163","147","0","4","12"
"2025-07-04","화성다","143","127","0","5","11"
"2025-07-05","강남","22","0","22","0","0"
"2025-07-05","강남가","207","205","2","0","0"
"2025-07-05","강남나","67","67","0","0","0"
"2025-07-05","강동","247","239","8","0","0"
"2025-07-05","강북","134","132","2","0","0"
"2025-07-05","강서","396","388","8","0","0"
"2025-07-05","계양","2","0","2","0","0"
"2025-07-05","계양가","11","11","0","0","0"
"2025-07-05","계양나","24","24","0","0","0"
"2025-07-05","계양다","48","48","0","0","0"
"2025-07-05","계양라","19","19","0","0","0"
"2025-07-05","계양마","14","14","0","0","0"
"2025-07-05","관악","4","0","4","0","0"
"2025-07-05","관악가","395","394","1","0","0"
"2025-07-05","광명","132","128","4","0","0"
"2025-07-05","광진","256","251","5","0","0"
"2025-07-05","구로","240","227","13","0","0"
"2025-07-05","구리","86","86","0","0","0"
"2025-07-05","군포","137","136","1","0","0"
"2025-07-05","권선","149","145","4","0","0"
"2025-07-05","금천","140","133","7","0","0"
"2025-07-05","기흥","212","207","5","0","0"
"2025-07-05","김포","142","139","3","0","0"
"2025-07-05","남동구","215","215","0","0","0"
"2025-07-05","남양주","154","153","1","0","0"
"2025-07-05","노원","240","228","12","0","0"
"2025-07-05","단원","120","120","0","0","0"
"2025-07-05","대덕","13","13","0","0","0"
"2025-07-05","대전동구","77","77","0","0","0"
"2025-07-05","대전서구","215","215","0","0","0"
"2025-07-05","대전중구","80","80","0","0","0"
"2025-07-05","덕양","174","170","4","0","0"
"2025-07-05","도봉","128","123","5","0","0"
"2025-07-05","동구","15","15","0","0","0"
"2025-07-05","동대문","254","249","5","0","0"
"2025-07-05","동안","144","140","4","0","0"
"2025-07-05","동작","281","268","13","0","0"
"2025-07-05","마포","244","238","6","0","0"
"2025-07-05","만안","97","95","2","0","0"
"2025-07-05","미추홀","149","149","0","0","0"
"2025-07-05","부천","3","0","3","0","0"
"2025-07-05","부천가","180","180","0","0","0"
"2025-07-05","부천나","67","67","0","0","0"
"2025-07-05","부천다","122","122","0","0","0"
"2025-07-05","부평","254","247","7","0","0"
"2025-07-05","분당","245","241","4","0","0"
"2025-07-05","상록","102","102","0","0","0"
"2025-07-05","서구","299","299","0","0","0"
"2025-07-05","서대문","207","201","6","0","0"
"2025-07-05","서초","8","0","8","0","0"
"2025-07-05","서초가","95","95","0","0","0"
"2025-07-05","서초나","96","96","0","0","0"
"2025-07-05","성남","2","0","2","0","0"
"2025-07-05","성동","158","150","8","0","0"
"2025-07-05","성북","244","232","12","0","0"
"2025-07-05","송파","363","347","16","0","0"
"2025-07-05","수정","101","100","1","0","0"
"2025-07-05","수정가","6","6","0","0","0"
"2025-07-05","수지","164","160","4","0","0"
"2025-07-05","시흥남","145","145","0","0","0"
"2025-07-05","시흥북","43","43","0","0","0"
"2025-07-05","아산가","46","46","0","0","0"
"2025-07-05","아산나","61","61","0","0","0"
"2025-07-05","양천","184","178","6","0","0"
"2025-07-05","연수","171","171","0","0","0"
"2025-07-05","영등포","273","259","14","0","0"
"2025-07-05","영통","205","200","5","0","0"
"2025-07-05","용산","116","110","6","0","0"
"2025-07-05","유성","172","172","0","0","0"
"2025-07-05","은평","237","233","4","0","0"
"2025-07-05","의정부","210","206","4","0","0"
"2025-07-05","인천중구","10","10","0","0","0"
"2025-07-05","일산동구","161","155","6","0","0"
"2025-07-05","일산서구","134","132","2","0","0"
"2025-07-05","장안","118","117","1","0","0"
"2025-07-05","종로","89","84","5","0","0"
"2025-07-05","중구","81","80","1","0","0"
"2025-07-05","중랑","191","181","10","0","0"
"2025-07-05","중원","102","100","2","0","0"
"2025-07-05","천안","238","238","0","0","0"
"2025-07-05","팔달","122","120","2","0","0"
"2025-07-05","하남","3","0","3","0","0"
"2025-07-05","하남가","19","19","0","0","0"
"2025-07-05","하남나","23","23","0","0","0"
"2025-07-05","하남다","42","42","0","0","0"
"2025-07-05","하남라","29","29","0","0","0"
"2025-07-05","화성","8","0","8","0","0"
"2025-07-05","화성가","66","66","0","0","0"
"2025-07-05","화성나","96","96","0","0","0"
"2025-07-05","화성다","86","86","0","0","0"
"2025-07-06","강남가","190","190","0","0","0"
"2025-07-06","강남나","80","80","0","0","0"
"2025-07-06","강동","278","278","0","0","0"
"2025-07-06","강북","129","129","0","0","0"
"2025-07-06","강서","355","355","0","0","0"
"2025-07-06","계양가","15","15","0","0","0"
"2025-07-06","계양나","21","21","0","0","0"
"2025-07-06","계양다","29","29","0","0","0"
"2025-07-06","계양라","28","28","0","0","0"
"2025-07-06","계양마","13","13","0","0","0"
"2025-07-06","관악가","389","389","0","0","0"
"2025-07-06","광명","162","160","0","2","0"
"2025-07-06","광진","246","246","0","0","0"
"2025-07-06","구로","223","223","0","0","0"
"2025-07-06","구리","105","105","0","0","0"
"2025-07-06","군포","113","113","0","0","0"
"2025-07-06","권선","181","181","0","0","0"
"2025-07-06","금천","161","161","0","0","0"
"2025-07-06","기흥","171","171","0","0","0"
"2025-07-06","김포","195","195","0","0","0"
"2025-07-06","남동구","191","191","0","0","0"
"2025-07-06","남양주","136","136","0","0","0"
"2025-07-06","노원","236","236","0","0","0"
"2025-07-06","단원","122","122","0","0","0"
"2025-07-06","대덕","35","35","0","0","0"
"2025-07-06","대전동구","74","74","0","0","0"
"2025-07-06","대전서구","234","234","0","0","0"
"2025-07-06","대전중구","62","62","0","0","0"
"2025-07-06","덕양","167","167","0","0","0"
"2025-07-06","도봉","147","147","0","0","0"
"2025-07-06","동구","15","15","0","0","0"
"2025-07-06","동대문","248","248","0","0","0"
"2025-07-06","동안","179","179","0","0","0"
"2025-07-06","동작","271","271","0","0","0"
"2025-07-06","마포","264","264","0","0","0"
"2025-07-06","만안","101","101","0","0","0"
"2025-07-06","미추홀","175","175","0","0","0"
"2025-07-06","부천가","158","158","0","0","0"
"2025-07-06","부천나","52","52","0","0","0"
"2025-07-06","부천다","175","175","0","0","0"
"2025-07-06","부평","224","224","0","0","0"
"2025-07-06","분당","259","259","0","0","0"
"2025-07-06","상록","130","130","0","0","0"
"2025-07-06","서구","289","289","0","0","0"
"2025-07-06","서대문","178","178","0","0","0"
"2025-07-06","서초가","87","87","0","0","0"
"2025-07-06","서초나","104","104","0","0","0"
"2025-07-06","성동","191","191","0","0","0"
"2025-07-06","성북","253","253","0","0","0"
"2025-07-06","송파","403","403","0","0","0"
"2025-07-06","수정","94","94","0","0","0"
"2025-07-06","수정가","15","15","0","0","0"
"2025-07-06","수지","200","200","0","0","0"
"2025-07-06","시흥남","102","102","0","0","0"
"2025-07-06","시흥북","38","38","0","0","0"
"2025-07-06","아산가","48","48","0","0","0"
"2025-07-06","아산나","68","68","0","0","0"
"2025-07-06","양천","203","203","0","0","0"
"2025-07-06","연수","162","162","0","0","0"
"2025-07-06","영등포","270","270","0","0","0"
"2025-07-06","영통","249","249","0","0","0"
"2025-07-06","용산","106","106","0","0","0"
"2025-07-06","유성","178","178","0","0","0"
"2025-07-06","은평","240","240","0","0","0"
"2025-07-06","의정부","188","188","0","0","0"
"2025-07-06","인천중구","12","12","0","0","0"
"2025-07-06","일산동구","132","132","0","0","0"
"2025-07-06","일산서구","115","115","0","0","0"
"2025-07-06","장안","127","127","0","0","0"
"2025-07-06","종로","80","80","0","0","0"
"2025-07-06","중구","66","66","0","0","0"
"2025-07-06","중랑","182","182","0","0","0"
"2025-07-06","중원","113","113","0","0","0"
"2025-07-06","천안","283","283","0","0","0"
"2025-07-06","팔달","111","111","0","0","0"
"2025-07-06","하남가","24","24","0","0","0"
"2025-07-06","하남나","32","32","0","0","0"
"2025-07-06","하남다","33","33","0","0","0"
"2025-07-06","하남라","28","28","0","0","0"
"2025-07-06","화성가","57","57","0","0","0"
"2025-07-06","화성나","120","120","0","0","0"
"2025-07-06","화성다","112","112","0","0","0"
"2025-07-07","강남","104","0","104","0","0"
"2025-07-07","강남가","312","238","0","28","46"
"2025-07-07","강남나","136","101","0","15","20"
"2025-07-07","강동","437","300","66","39","32"
"2025-07-07","강북","180","136","24","7","13"
"2025-07-07","강서","546","384","89","32","41"
"2025-07-07","계양","20","0","20","0","0"
"2025-07-07","계양가","21","18","0","1","2"
"2025-07-07","계양나","32","29","0","2","1"
"2025-07-07","계양다","34","29","0","3","2"
"2025-07-07","계양라","33","32","0","1","0"
"2025-07-07","계양마","23","20","0","2","1"
"2025-07-07","관악","49","0","49","0","0"
"2025-07-07","관악가","592","545","0","25","22"
"2025-07-07","광명","218","171","20","11","16"
"2025-07-07","광진","366","281","49","19","17"
"2025-07-07","구로","326","253","39","14","20"
"2025-07-07","구리","126","95","19","4","8"
"2025-07-07","군포","172","133","23","9","7"
"2025-07-07","권선","272","223","16","13","20"
"2025-07-07","금천","196","168","16","6","6"
"2025-07-07","기흥","313","222","43","24","24"
"2025-07-07","김포","264","187","39","9","29"
"2025-07-07","남동구","254","226","0","15","13"
"2025-07-07","남양주","208","135","31","18","24"
"2025-07-07","노원","339","244","42","27","26"
"2025-07-07","단원","158","143","0","10","5"
"2025-07-07","대덕","44","40","0","1","3"
"2025-07-07","대전동구","110","103","0","3","4"
"2025-07-07","대전서구","292","253","0","13","26"
"2025-07-07","대전중구","98","77","0","13","8"
"2025-07-07","덕양","240","193","29","9","9"
"2025-07-07","도봉","192","159","19","4","10"
"2025-07-07","동구","19","19","0","0","0"
"2025-07-07","동대문","366","286","36","18","26"
"2025-07-07","동안","293","200","37","24","32"
"2025-07-07","동작","390","295","53","19","23"
"2025-07-07","마포","388","265","58","30","35"
"2025-07-07","만안","171","126","22","11","12"
"2025-07-07","미추홀","219","192","0","18","9"
"2025-07-07","부천","65","0","65","0","0"
"2025-07-07","부천가","161","134","0","9","18"
"2025-07-07","부천나","62","54","0","3","5"
"2025-07-07","부천다","171","152","0","5","14"
"2025-07-07","부평","337","272","27","22","16"
"2025-07-07","분당","458","304","70","28","56"
"2025-07-07","상록","176","156","0","13","7"
"2025-07-07","서구","376","329","0","20","27"
"2025-07-07","서대문","296","231","28","17","20"
"2025-07-07","서초","59","0","59","0","0"
"2025-07-07","서초가","147","92","0","23","32"
"2025-07-07","서초나","149","114","0","16","19"
"2025-07-07","성남","20","0","20","0","0"
"2025-07-07","성동","250","188","32","12","18"
"2025-07-07","성북","400","284","48","35","33"
"2025-07-07","송파","638","451","77","45","65"
"2025-07-07","수정","125","87","18","13","7"
"2025-07-07","수정가","22","21","0","0","1"
"2025-07-07","수지","317","194","56","28","39"
"2025-07-07","시흥남","173","152","0","9","12"
"2025-07-07","시흥북","47","41","0","1","5"
"2025-07-07","아산가","46","43","0","3","0"
"2025-07-07","아산나","76","61","0","5","10"
"2025-07-07","양천","298","193","56","14","35"
"2025-07-07","연수","259","207","0","20","32"
"2025-07-07","영등포","461","343","56","33","29"
"2025-07-07","영통","393","280","54","38","21"
"2025-07-07","용산","214","151","28","13","22"
"2025-07-07","유성","240","205","0","17","18"
"2025-07-07","은평","346","268","29","29","20"
"2025-07-07","의정부","317","255","26","16","20"
"2025-07-07","인천중구","22","22","0","0","0"
"2025-07-07","일산동구","224","163","30","12","19"
"2025-07-07","일산서구","170","128","18","9","15"
"2025-07-07","장안","221","165","17","20","19"
"2025-07-07","종로","123","97","13","4","9"
"2025-07-07","중구","149","98","20","12","19"
"2025-07-07","중랑","267","199","31","20","17"
"2025-07-07","중원","161","132","14","6","9"
"2025-07-07","천안","379","320","0","32","27"
"2025-07-07","팔달","171","139","17","7","8"
"2025-07-07","하남","30","0","30","0","0"
"2025-07-07","하남가","17","11","0","2","4"
"2025-07-07","하남나","52","46","0","2","4"
"2025-07-07","하남다","54","42","0","5","7"
"2025-07-07","하남라","34","29","0","1","4"
"2025-07-07","화성","71","0","71","0","0"
"2025-07-07","화성가","119","107","0","7","5"
"2025-07-07","화성나","197","163","1","14","19"
"2025-07-07","화성다","149","110","1","14","24"
"2025-07-08","강남","77","0","77","0","0"
"2025-07-08","강남가","289","238","0","23","28"
"2025-07-08","강남나","129","106","0","10","13"
"2025-07-08","강동","442","382","30","13","17"
"2025-07-08","강북","189","168","11","8","2"
"2025-07-08","강서","586","506","38","23","19"
"2025-07-08","계양","9","0","9","0","0"
"2025-07-08","계양가","32","26","0","3","3"
"2025-07-08","계양나","27","26","0","1","0"
"2025-07-08","계양다","58","55","0","2","1"
"2025-07-08","계양라","24","23","0","1","0"
"2025-07-08","계양마","20","17","0","0","3"
"2025-07-08","관악","32","0","32","0","0"
"2025-07-08","관악가","635","598","0","22","15"
"2025-07-08","광명","235","201","14","13","7"
"2025-07-08","광진","352","308","17","9","18"
"2025-07-08","구로","393","346","17","15","15"
"2025-07-08","구리","177","150","10","10","7"
"2025-07-08","군포","191","160","17","10","4"
"2025-07-08","권선","297","251","18","18","10"
"2025-07-08","금천","219","199","11","6","3"
"2025-07-08","기흥","267","205","30","14","18"
"2025-07-08","김포","241","190","28","13","10"
"2025-07-08","남동구","264","247","0","11","6"
"2025-07-08","남양주","201","172","15","8","6"
"2025-07-08","노원","370","317","23","11","19"
"2025-07-08","단원","189","179","0","6","4"
"2025-07-08","대덕","41","39","0","1","1"
"2025-07-08","대전동구","107","101","0","4","2"
"2025-07-08","대전서구","318","295","0","11","12"
"2025-07-08","대전중구","102","96","0","3","3"
"2025-07-08","덕양","275","226","26","11","12"
"2025-07-08","도봉","201","175","15","7","4"
"2025-07-08","동구","20","20","0","0","0"
"2025-07-08","동대문","357","306","28","9","14"
"2025-07-08","동안","281","233","27","9","12"
"2025-07-08","동작","435","388","24","12","11"
"2025-07-08","마포","431","358","37","19","17"
"2025-07-08","만안","154","120","14","12","8"
"2025-07-08","미추홀","251","235","1","12","3"
"2025-07-08","부천","35","0","35","0","0"
"2025-07-08","부천가","213","195","0","10","8"
"2025-07-08","부천나","70","66","0","2","2"
"2025-07-08","부천다","187","177","0","6","4"
"2025-07-08","부평","340","300","22","13","5"
"2025-07-08","분당","393","300","41","28","24"
"2025-07-08","상록","153","146","0","4","3"
"2025-07-08","서구","460","426","0","18","16"
"2025-07-08","서대문","280","251","11","7","11"
"2025-07-08","서초","50","0","50","0","0"
"2025-07-08","서초가","142","110","0","13","19"
"2025-07-08","서초나","174","140","0","14","20"
"2025-07-08","성남","5","0","5","0","0"
"2025-07-08","성동","293","231","30","14","18"
"2025-07-08","성북","360","317","22","7","14"
"2025-07-08","송파","630","514","41","36","39"
"2025-07-08","수정","162","135","13","11","3"
"2025-07-08","수정가","13","13","0","0","0"
"2025-07-08","수지","303","229","31","17","26"
"2025-07-08","시흥남","175","167","0","5","3"
"2025-07-08","시흥북","52","48","0","1","3"
"2025-07-08","아산가","56","55","0","1","0"
"2025-07-08","아산나","86","76","0","9","1"
"2025-07-08","양천","331","282","21","12","16"
"2025-07-08","연수","264","235","0","14","15"
"2025-07-08","영등포","468","397","25","26","20"
"2025-07-08","영통","365","302","28","16","19"
"2025-07-08","용산","196","160","26","4","6"
"2025-07-08","유성","254","223","0","15","16"
"2025-07-08","은평","402","350","24","17","11"
"2025-07-08","의정부","320","293","12","7","8"
"2025-07-08","인천중구","15","15","0","0","0"
"2025-07-08","일산동구","219","185","21","6","7"
"2025-07-08","일산서구","194","163","23","5","3"
"2025-07-08","장안","224","192","15","7","10"
"2025-07-08","종로","125","99","8","11","7"
"2025-07-08","중구","151","123","14","5","9"
"2025-07-08","중랑","331","290","19","16","6"
"2025-07-08","중원","149","126","13","6","4"
"2025-07-08","천안","378","343","0","21","14"
"2025-07-08","팔달","178","153","11","9","5"
"2025-07-08","하남","28","0","28","0","0"
"2025-07-08","하남가","33","29","0","3","1"
"2025-07-08","하남나","58","56","0","1","1"
"2025-07-08","하남다","54","49","0","2","3"
"2025-07-08","하남라","53","50","0","1","2"
"2025-07-08","화성","54","0","54","0","0"
"2025-07-08","화성가","111","107","0","4","0"
"2025-07-08","화성나","183","159","0","11","13"
"2025-07-08","화성다","157","137","0","13","7"
"2025-07-09","강남","58","0","58","0","0"
"2025-07-09","강남가","303","261","0","13","29"
"2025-07-09","강남나","138","117","0","8","13"
"2025-07-09","강동","451","385","26","13","27"
"2025-07-09","강북","197","174","10","4","9"
"2025-07-09","강서","603","537","42","12","12"
"2025-07-09","계양","13","0","13","0","0"
"2025-07-09","계양가","31","29","0","1","1"
"2025-07-09","계양나","50","49","0","1","0"
"2025-07-09","계양다","44","43","0","1","0"
"2025-07-09","계양라","33","33","0","0","0"
"2025-07-09","계양마","34","34","0","0","0"
"2025-07-09","관악","32","0","32","0","0"
"2025-07-09","관악가","641","620","0","10","11"
"2025-07-09","광명","208","185","10","6","7"
"2025-07-09","광진","385","331","29","4","21"
"2025-07-09","구로","335","284","26","11","14"
"2025-07-09","구리","151","131","8","3","9"
"2025-07-09","군포","181","160","11","8","2"
"2025-07-09","권선","300","258","27","6","9"
"2025-07-09","금천","245","220","13","6","6"
"2025-07-09","기흥","324","254","27","13","30"
"2025-07-09","김포","254","212","26","7","9"
"2025-07-09","남동구","284","270","0","7","7"
"2025-07-09","남양주","198","171","15","2","10"
"2025-07-09","노원","388","336","23","10","19"
"2025-07-09","단원","183","175","0","2","6"
"2025-07-09","대덕","58","56","0","1","1"
"2025-07-09","대전동구","110","103","0","1","6"
"2025-07-09","대전서구","333","313","0","8","12"
"2025-07-09","대전중구","109","100","0","4","5"
"2025-07-09","덕양","285","254","15","4","12"
"2025-07-09","도봉","209","182","15","4","8"
"2025-07-09","동구","21","19","0","2","0"
"2025-07-09","동대문","395","364","16","5","10"
"2025-07-09","동안","303","253","25","4","21"
"2025-07-09","동작","384","337","24","12","11"
"2025-07-09","마포","441","372","39","15","15"
"2025-07-09","만안","190","162","16","8","4"
"2025-07-09","미추홀","248","235","0","5","8"
"2025-07-09","부천","43","0","43","0","0"
"2025-07-09","부천가","236","209","0","6","21"
"2025-07-09","부천나","82","77","0","2","3"
"2025-07-09","부천다","205","197","0","3","5"
"2025-07-09","부평","428","374","30","12","12"
"2025-07-09","분당","439","341","53","10","35"
"2025-07-09","상록","176","169","0","6","1"
"2025-07-09","서구","448","420","0","8","20"
"2025-07-09","서대문","340","287","27","10","16"
"2025-07-09","서초","42","0","42","0","0"
"2025-07-09","서초가","168","134","0","16","18"
"2025-07-09","서초나","186","157","0","13","16"
"2025-07-09","성남","9","0","9","0","0"
"2025-07-09","성동","270","222","21","9","18"
"2025-07-09","성북","394","331","32","12","19"
"2025-07-09","송파","708","596","53","17","42"
"2025-07-09","수정","151","130","11","5","5"
"2025-07-09","수정가","18","15","0","0","3"
"2025-07-09","수지","330","259","34","18","19"
"2025-07-09","시흥남","180","174","0","4","2"
"2025-07-09","시흥북","61","55","0","4","2"
"2025-07-09","아산가","37","29","0","4","4"
"2025-07-09","아산나","104","94","0","4","6"
"2025-07-09","양천","279","224","28","10","17"
"2025-07-09","연수","256","234","0","4","18"
"2025-07-09","영등포","479","426","27","6","20"
"2025-07-09","영통","362","311","14","13","24"
"2025-07-09","용산","218","175","26","4","13"
"2025-07-09","유성","246","219","0","11","16"
"2025-07-09","은평","464","414","25","14","11"
"2025-07-09","의정부","349","317","20","5","7"
"2025-07-09","인천중구","24","24","0","0","0"
"2025-07-09","일산동구","238","203","17","6","12"
"2025-07-09","일산서구","205","179","17","4","5"
"2025-07-09","장안","167","138","15","7","7"
"2025-07-09","종로","126","103","10","4","9"
"2025-07-09","중구","151","121","17","4","9"
"2025-07-09","중랑","336","296","28","5","7"
"2025-07-09","중원","181","162","7","1","11"
"2025-07-09","천안","383","346","0","21","16"
"2025-07-09","팔달","191","174","8","4","5"
"2025-07-09","하남","27","0","27","0","0"
"2025-07-09","하남가","31","24","0","1","6"
"2025-07-09","하남나","66","64","0","1","1"
"2025-07-09","하남다","58","53","0","0","5"
"2025-07-09","하남라","47","41","0","2","4"
"2025-07-09","화성","45","0","45","0","0"
"2025-07-09","화성가","108","97","0","6","5"
"2025-07-09","화성나","183","166","0","6","11"
"2025-07-09","화성다","156","145","0","4","7"
"2025-07-10","강남","59","0","59","0","0"
"2025-07-10","강남가","329","291","0","18","20"
"2025-07-10","강남나","145","126","0","8","11"
"2025-07-10","강동","555","491","40","15","9"
"2025-07-10","강북","211","199","5","5","2"
"2025-07-10","강서","664","600","33","9","22"
"2025-07-10","계양","16","0","16","0","0"
"2025-07-10","계양가","31","30","0","1","0"
"2025-07-10","계양나","40","40","0","0","0"
"2025-07-10","계양다","54","50","0","4","0"
"2025-07-10","계양라","39","39","0","0","0"
"2025-07-10","계양마","43","43","0","0","0"
"2025-07-10","관악","25","0","25","0","0"
"2025-07-10","관악가","738","712","0","15","11"
"2025-07-10","광명","253","225","8","10","10"
"2025-07-10","광진","406","364","22","10","10"
"2025-07-10","구로","352","311","20","15","6"
"2025-07-10","구리","142","125","10","3","4"
"2025-07-10","군포","198","178","5","8","7"
"2025-07-10","권선","282","255","12","7","8"
"2025-07-10","금천","278","257","13","2","6"
"2025-07-10","기흥","351","299","29","9","14"
"2025-07-10","김포","311","274","12","6","19"
"2025-07-10","남동구","342","330","0","4","8"
"2025-07-10","남양주","267","226","22","8","11"
"2025-07-10","노원","422","376","27","4","15"
"2025-07-10","단원","214","212","0","1","1"
"2025-07-10","대덕","44","41","0","2","1"
"2025-07-10","대전동구","123","119","0","4","0"
"2025-07-10","대전서구","350","320","0","12","18"
"2025-07-10","대전중구","144","139","0","5","0"
"2025-07-10","덕양","317","285","17","7","8"
"2025-07-10","도봉","235","216","9","6","4"
"2025-07-10","동구","27","27","0","0","0"
"2025-07-10","동대문","379","340","20","9","10"
"2025-07-10","동안","339","290","23","13","13"
"2025-07-10","동작","475","425","23","16","11"
"2025-07-10","마포","457","393","38","8","18"
"2025-07-10","만안","170","150","12","4","4"
"2025-07-10","미추홀","250","244","0","5","1"
"2025-07-10","부천","24","0","24","0","0"
"2025-07-10","부천가","267","248","0","9","10"
"2025-07-10","부천나","108","106","0","1","1"
"2025-07-10","부천다","213","204","1","6","2"
"2025-07-10","부평","397","357","22","4","14"
"2025-07-10","분당","426","342","27","23","34"
"2025-07-10","상록","199","187","0","9","3"
"2025-07-10","서구","436","411","0","13","12"
"2025-07-10","서대문","324","279","21","13","11"
"2025-07-10","서초","39","0","39","0","0"
"2025-07-10","서초가","156","142","0","1","13"
"2025-07-10","서초나","189","176","0","8","5"
"2025-07-10","성남","7","0","7","0","0"
"2025-07-10","성동","282","245","18","4","15"
"2025-07-10","성북","430","377","26","10","17"
"2025-07-10","송파","728","629","45","20","34"
"2025-07-10","수정","167","152","6","7","2"
"2025-07-10","수정가","22","18","0","1","3"
"2025-07-10","수지","298","251","25","11","11"
"2025-07-10","시흥남","206","197","0","2","7"
"2025-07-10","시흥북","72","67","0","2","3"
"2025-07-10","아산가","77","77","0","0","0"
"2025-07-10","아산나","101","93","0","4","4"
"2025-07-10","양천","280","239","28","6","7"
"2025-07-10","연수","304","277","0","8","19"
"2025-07-10","영등포","488","438","26","11","13"
"2025-07-10","영통","440","378","29","11","22"
"2025-07-10","용산","218","182","21","7","8"
"2025-07-10","유성","326","306","0","9","11"
"2025-07-10","은평","435","390","22","12","11"
"2025-07-10","의정부","361","330","14","5","12"
"2025-07-10","인천중구","21","20","0","1","0"
"2025-07-10","일산동구","251","225","12","10","4"
"2025-07-10","일산서구","185","156","15","9","5"
"2025-07-10","장안","215","187","11","8","9"
"2025-07-10","종로","151","125","13","9","4"
"2025-07-10","중구","156","125","17","8","6"
"2025-07-10","중랑","410","376","18","9","7"
"2025-07-10","중원","193","182","6","3","2"
"2025-07-10","천안","429","386","0","20","23"
"2025-07-10","팔달","180","160","12","5","3"
"2025-07-10","하남","22","0","22","0","0"
"2025-07-10","하남가","48","42","0","2","4"
"2025-07-10","하남나","75","74","0","0","1"
"2025-07-10","하남다","63","56","0","3","4"
"2025-07-10","하남라","53","49","0","3","1"
"2025-07-10","화성","30","0","30","0","0"
"2025-07-10","화성가","111","105","0","4","2"
"2025-07-10","화성나","196","179","0","9","8"
"2025-07-10","화성다","177","159","0","6","12"
"2025-07-11","강남","35","1","34","0","0"
"2025-07-11","강남가","359","319","0","14","26"
"2025-07-11","강남나","141","125","0","3","13"
"2025-07-11","강동","467","421","22","14","10"
"2025-07-11","강북","227","205","16","3","3"
"2025-07-11","강서","647","587","33","16","11"
"2025-07-11","계양","8","0","8","0","0"
"2025-07-11","계양가","35","33","0","1","1"
"2025-07-11","계양나","35","35","0","0","0"
"2025-07-11","계양다","49","47","0","2","0"
"2025-07-11","계양라","36","35","0","0","1"
"2025-07-11","계양마","36","34","0","1","1"
"2025-07-11","관악","28","0","28","0","0"
"2025-07-11","관악가","665","642","0","10","13"
"2025-07-11","광명","236","208","17","4","7"
"2025-07-11","광진","451","401","26","12","12"
"2025-07-11","구로","380","327","29","12","12"
"2025-07-11","구리","183","164","10","5","4"
"2025-07-11","군포","212","186","15","8","3"
"2025-07-11","권선","332","300","18","4","10"
"2025-07-11","금천","273","257","7","6","3"
"2025-07-11","기흥","291","256","21","9","5"
"2025-07-11","김포","304","264","21","11","8"
"2025-07-11","남동구","332","317","0","9","6"
"2025-07-11","남양주","271","230","20","13","8"
"2025-07-11","노원","404","372","15","14","3"
"2025-07-11","단원","230","223","0","3","4"
"2025-07-11","대덕","47","44","0","3","0"
"2025-07-11","대전동구","127","122","0","4","1"
"2025-07-11","대전서구","340","328","0","7","5"
"2025-07-11","대전중구","138","134","0","2","2"
"2025-07-11","덕양","283","254","17","10","2"
"2025-07-11","도봉","232","214","9","8","1"
"2025-07-11","동구","45","45","0","0","0"
"2025-07-11","동대문","424","390","21","7","6"
"2025-07-11","동안","333","291","16","14","12"
"2025-07-11","동작","472","432","22","10","8"
"2025-07-11","마포","396","345","17","17","17"
"2025-07-11","만안","201","170","16","6","9"
"2025-07-11","미추홀","292","285","0","4","3"
"2025-07-11","부천","25","0","25","0","0"
"2025-07-11","부천가","238","224","0","8","6"
"2025-07-11","부천나","104","100","0","2","2"
"2025-07-11","부천다","204","193","0","6","5"
"2025-07-11","부평","448","404","25","14","5"
"2025-07-11","분당","367","304","25","18","20"
"2025-07-11","상록","215","208","0","2","5"
"2025-07-11","서구","489","464","0","15","10"
"2025-07-11","서대문","323","294","13","6","10"
"2025-07-11","서초","40","0","40","0","0"
"2025-07-11","서초가","162","143","0","9","10"
"2025-07-11","서초나","171","158","0","4","9"
"2025-07-11","성남","11","0","11","0","0"
"2025-07-11","성동","282","238","23","14","7"
"2025-07-11","성북","405","361","28","8","8"
"2025-07-11","송파","705","603","51","22","29"
"2025-07-11","수정","187","164","17","2","4"
"2025-07-11","수정가","13","13","0","0","0"
"2025-07-11","수지","290","240","22","13","15"
"2025-07-11","시흥남","215","204","0","7","4"
"2025-07-11","시흥북","78","75","0","3","0"
"2025-07-11","아산가","65","64","0","1","0"
"2025-07-11","아산나","117","108","0","5","4"
"2025-07-11","양천","289","261","13","10","5"
"2025-07-11","연수","310","290","0","14","6"
"2025-07-11","영등포","485","439","19","16","11"
"2025-07-11","영통","418","364","33","12","9"
"2025-07-11","용산","208","175","17","10","6"
"2025-07-11","유성","257","237","0","15","5"
"2025-07-11","은평","477","434","26","11","6"
"2025-07-11","의정부","380","336","23","10","11"
"2025-07-11","인천중구","14","14","0","0","0"
"2025-07-11","일산동구","274","238","19","11","6"
"2025-07-11","일산서구","243","215","21","3","4"
"2025-07-11","장안","241","219","12","9","1"
"2025-07-11","종로","128","111","14","3","0"
"2025-07-11","중구","145","123","10","7","5"
"2025-07-11","중랑","360","332","13","11","4"
"2025-07-11","중원","184","167","10","5","2"
"2025-07-11","천안","466","444","0","10","12"
"2025-07-11","팔달","212","190","15","5","2"
"2025-07-11","하남","18","0","18","0","0"
"2025-07-11","하남가","37","35","0","1","1"
"2025-07-11","하남나","75","71","0","2","2"
"2025-07-11","하남다","49","48","0","0","1"
"2025-07-11","하남라","63","60","0","3","0"
"2025-07-11","화성","38","0","38","0","0"
"2025-07-11","화성가","114","109","0","4","1"
"2025-07-11","화성나","177","164","0","7","6"
"2025-07-11","화성다","168","156","0","6","6"
"2025-07-12","강남","8","0","8","0","0"
"2025-07-12","강남가","213","207","6","0","0"
"2025-07-12","강남나","103","102","1","0","0"
"2025-07-12","강동","276","271","5","0","0"
"2025-07-12","강북","132","128","4","0","0"
"2025-07-12","강서","386","373","13","0","0"
"2025-07-12","계양가","21","21","0","0","0"
"2025-07-12","계양나","17","17","0","0","0"
"2025-07-12","계양다","39","39","0","0","0"
"2025-07-12","계양라","17","17","0","0","0"
"2025-07-12","계양마","22","22","0","0","0"
"2025-07-12","관악","4","0","4","0","0"
"2025-07-12","관악가","469","469","0","0","0"
"2025-07-12","광명","136","134","2","0","0"
"2025-07-12","광진","273","268","5","0","0"
"2025-07-12","구로","221","212","9","0","0"
"2025-07-12","구리","97","94","3","0","0"
"2025-07-12","군포","94","90","4","0","0"
"2025-07-12","권선","171","168","3","0","0"
"2025-07-12","금천","134","131","3","0","0"
"2025-07-12","기흥","221","213","8","0","0"
"2025-07-12","김포","205","203","2","0","0"
"2025-07-12","남동구","223","223","0","0","0"
"2025-07-12","남양주","133","131","2","0","0"
"2025-07-12","노원","266","254","12","0","0"
"2025-07-12","단원","119","119","0","0","0"
"2025-07-12","대덕","41","41","0","0","0"
"2025-07-12","대전동구","77","77","0","0","0"
"2025-07-12","대전서구","254","254","0","0","0"
"2025-07-12","대전중구","89","89","0","0","0"
"2025-07-12","덕양","189","188","1","0","0"
"2025-07-12","도봉","161","157","4","0","0"
"2025-07-12","동구","17","17","0","0","0"
"2025-07-12","동대문","256","243","13","0","0"
"2025-07-12","동안","184","179","5","0","0"
"2025-07-12","동작","282","277","5","0","0"
"2025-07-12","마포","260","251","9","0","0"
"2025-07-12","만안","99","96","3","0","0"
"2025-07-12","미추홀","181","181","0","0","0"
"2025-07-12","부천","7","0","7","0","0"
"2025-07-12","부천가","161","161","0","0","0"
"2025-07-12","부천나","88","88","0","0","0"
"2025-07-12","부천다","137","137","0","0","0"
"2025-07-12","부평","248","241","7","0","0"
"2025-07-12","분당","256","249","7","0","0"
"2025-07-12","상록","129","129","0","0","0"
"2025-07-12","서구","293","293","0","0","0"
"2025-07-12","서대문","197","193","4","0","0"
"2025-07-12","서초","2","0","2","0","0"
"2025-07-12","서초가","118","108","10","0","0"
"2025-07-12","서초나","97","94","3","0","0"
"2025-07-12","성남","1","0","1","0","0"
"2025-07-12","성동","184","179","5","0","0"
"2025-07-12","성북","256","250","6","0","0"
"2025-07-12","송파","387","370","17","0","0"
"2025-07-12","수정","115","114","1","0","0"
"2025-07-12","수정가","14","14","0","0","0"
"2025-07-12","수지","190","187","3","0","0"
"2025-07-12","시흥남","136","136","0","0","0"
"2025-07-12","시흥북","38","38","0","0","0"
"2025-07-12","아산가","52","52","0","0","0"
"2025-07-12","아산나","65","65","0","0","0"
"2025-07-12","양천","206","196","10","0","0"
"2025-07-12","연수","178","178","0","0","0"
"2025-07-12","영등포","285","270","15","0","0"
"2025-07-12","영통","221","218","3","0","0"
"2025-07-12","용산","123","117","6","0","0"
"2025-07-12","유성","162","162","0","0","0"
"2025-07-12","은평","256","249","7","0","0"
"2025-07-12","의정부","205","201","4","0","0"
"2025-07-12","인천중구","8","8","0","0","0"
"2025-07-12","일산동구","149","146","3","0","0"
"2025-07-12","일산서구","139","138","1","0","0"
"2025-07-12","장안","145","142","3","0","0"
"2025-07-12","종로","74","69","5","0","0"
"2025-07-12","중구","87","85","2","0","0"
"2025-07-12","중랑","195","192","3","0","0"
"2025-07-12","중원","100","96","4","0","0"
"2025-07-12","천안","267","267","0","0","0"
"2025-07-12","팔달","130","130","0","0","0"
"2025-07-12","하남","3","0","3","0","0"
"2025-07-12","하남가","27","27","0","0","0"
"2025-07-12","하남나","43","43","0","0","0"
"2025-07-12","하남다","43","43","0","0","0"
"2025-07-12","하남라","21","21","0","0","0"
"2025-07-12","화성","11","0","11","0","0"
"2025-07-12","화성가","68","68","0","0","0"
"2025-07-12","화성나","123","123","0","0","0"
"2025-07-12","화성다","82","82","0","0","0"
"2025-07-13","강남가","194","194","0","0","0"
"2025-07-13","강남나","101","101","0","0","0"
"2025-07-13","강동","270","270","0","0","0"
"2025-07-13","강북","133","133","0","0","0"
"2025-07-13","강서","425","425","0","0","0"
"2025-07-13","계양가","22","22","0","0","0"
"2025-07-13","계양나","19","19","0","0","0"
"2025-07-13","계양다","36","36","0","0","0"
"2025-07-13","계양라","24","24","0","0","0"
"2025-07-13","계양마","18","18","0","0","0"
"2025-07-13","관악가","421","421","0","0","0"
"2025-07-13","광명","144","144","0","0","0"
"2025-07-13","광진","240","240","0","0","0"
"2025-07-13","구로","203","203","0","0","0"
"2025-07-13","구리","112","112","0","0","0"
"2025-07-13","군포","127","127","0","0","0"
"2025-07-13","권선","193","193","0","0","0"
"2025-07-13","금천","155","155","0","0","0"
"2025-07-13","기흥","216","216","0","0","0"
"2025-07-13","김포","159","159","0","0","0"
"2025-07-13","남동구","205","205","0","0","0"
"2025-07-13","남양주","138","138","0","0","0"
"2025-07-13","노원","215","215","0","0","0"
"2025-07-13","단원","101","101","0","0","0"
"2025-07-13","대덕","27","27","0","0","0"
"2025-07-13","대전동구","96","96","0","0","0"
"2025-07-13","대전서구","208","208","0","0","0"
"2025-07-13","대전중구","81","81","0","0","0"
"2025-07-13","덕양","188","188","0","0","0"
"2025-07-13","도봉","140","140","0","0","0"
"2025-07-13","동구","13","13","0","0","0"
"2025-07-13","동대문","243","243","0","0","0"
"2025-07-13","동안","182","182","0","0","0"
"2025-07-13","동작","275","275","0","0","0"
"2025-07-13","마포","277","277","0","0","0"
"2025-07-13","만안","118","118","0","0","0"
"2025-07-13","미추홀","181","181","0","0","0"
"2025-07-13","부천가","180","180","0","0","0"
"2025-07-13","부천나","71","71","0","0","0"
"2025-07-13","부천다","130","130","0","0","0"
"2025-07-13","부평","235","235","0","0","0"
"2025-07-13","분당","265","265","0","0","0"
"2025-07-13","상록","103","103","0","0","0"
"2025-07-13","서구","279","279","0","0","0"
"2025-07-13","서대문","203","203","0","0","0"
"2025-07-13","서초가","99","99","0","0","0"
"2025-07-13","서초나","113","113","0","0","0"
"2025-07-13","성동","171","171","0","0","0"
"2025-07-13","성북","276","276","0","0","0"
"2025-07-13","송파","387","387","0","0","0"
"2025-07-13","수정","117","117","0","0","0"
"2025-07-13","수정가","13","13","0","0","0"
"2025-07-13","수지","198","198","0","0","0"
"2025-07-13","시흥남","122","122","0","0","0"
"2025-07-13","시흥북","33","33","0","0","0"
"2025-07-13","아산가","55","55","0","0","0"
"2025-07-13","아산나","76","76","0","0","0"
"2025-07-13","양천","196","196","0","0","0"
"2025-07-13","연수","198","198","0","0","0"
"2025-07-13","영등포","257","257","0","0","0"
"2025-07-13","영통","248","248","0","0","0"
"2025-07-13","용산","110","110","0","0","0"
"2025-07-13","유성","189","189","0","0","0"
"2025-07-13","은평","232","232","0","0","0"
"2025-07-13","의정부","230","230","0","0","0"
"2025-07-13","인천중구","11","11","0","0","0"
"2025-07-13","일산동구","139","139","0","0","0"
"2025-07-13","일산서구","150","150","0","0","0"
"2025-07-13","장안","126","126","0","0","0"
"2025-07-13","종로","81","81","0","0","0"
"2025-07-13","중구","82","82","0","0","0"
"2025-07-13","중랑","209","209","0","0","0"
"2025-07-13","중원","112","112","0","0","0"
"2025-07-13","천안","269","269","0","0","0"
"2025-07-13","팔달","119","119","0","0","0"
"2025-07-13","하남가","15","15","0","0","0"
"2025-07-13","하남나","36","36","0","0","0"
"2025-07-13","하남다","34","34","0","0","0"
"2025-07-13","하남라","33","33","0","0","0"
"2025-07-13","화성가","63","63","0","0","0"
"2025-07-13","화성나","140","140","0","0","0"
"2025-07-13","화성다","103","103","0","0","0"
"2025-07-14","강남","111","0","111","0","0"
"2025-07-14","강남가","242","179","0","13","50"
"2025-07-14","강남나","128","94","0","8","26"
"2025-07-14","강동","417","306","60","18","33"
"2025-07-14","강북","185","153","21","4","7"
"2025-07-14","강서","534","426","78","7","23"
"2025-07-14","계양","16","0","16","0","0"
"2025-07-14","계양가","27","24","0","0","3"
"2025-07-14","계양나","28","25","0","1","2"
"2025-07-14","계양다","37","34","0","1","2"
"2025-07-14","계양라","39","38","0","0","1"
"2025-07-14","계양마","29","28","0","1","0"
"2025-07-14","관악","49","0","49","0","0"
"2025-07-14","관악가","507","476","0","13","18"
"2025-07-14","광명","193","161","21","5","6"
"2025-07-14","광진","329","254","48","11","16"
"2025-07-14","구로","282","216","39","6","21"
"2025-07-14","구리","138","104","16","5","13"
"2025-07-14","군포","168","135","23","6","4"
"2025-07-14","권선","258","203","36","5","14"
"2025-07-14","금천","233","194","28","4","7"
"2025-07-14","기흥","291","226","41","10","14"
"2025-07-14","김포","253","190","34","9","20"
"2025-07-14","남동구","251","227","0","7","17"
"2025-07-14","남양주","224","167","30","5","22"
"2025-07-14","노원","335","269","40","10","16"
"2025-07-14","단원","168","159","0","3","6"
"2025-07-14","대덕","36","34","0","1","1"
"2025-07-14","대전동구","65","62","0","1","2"
"2025-07-14","대전서구","276","255","0","5","16"
"2025-07-14","대전중구","106","95","0","5","6"
"2025-07-14","덕양","224","181","29","4","10"
"2025-07-14","도봉","200","159","22","6","13"
"2025-07-14","동구","19","18","0","1","0"
"2025-07-14","동대문","346","286","34","11","15"
"2025-07-14","동안","297","230","31","13","23"
"2025-07-14","동작","322","258","37","7","20"
"2025-07-14","마포","352","270","50","15","17"
"2025-07-14","만안","135","106","20","2","7"
"2025-07-14","미추홀","214","201","0","7","6"
"2025-07-14","부천","65","0","65","0","0"
"2025-07-14","부천가","205","187","0","2","16"
"2025-07-14","부천나","70","63","0","3","4"
"2025-07-14","부천다","157","145","0","4","8"
"2025-07-14","부평","345","271","48","10","16"
"2025-07-14","분당","435","327","56","18","34"
"2025-07-14","상록","150","140","0","5","5"
"2025-07-14","서구","354","333","0","11","10"
"2025-07-14","서대문","264","206","33","7","18"
"2025-07-14","서초","84","0","84","0","0"
"2025-07-14","서초가","149","108","1","11","29"
"2025-07-14","서초나","151","128","0","4","19"
"2025-07-14","성남","23","0","23","0","0"
"2025-07-14","성동","250","180","42","11","17"
"2025-07-14","성북","364","300","37","11","16"
"2025-07-14","송파","569","417","87","21","44"
"2025-07-14","수정","151","123","22","3","3"
"2025-07-14","수정가","16","15","0","0","1"
"2025-07-14","수지","285","199","47","8","31"
"2025-07-14","시흥남","173","155","0","6","12"
"2025-07-14","시흥북","52","50","0","0","2"
"2025-07-14","아산가","51","45","0","2","4"
"2025-07-14","아산나","77","69","0","3","5"
"2025-07-14","양천","298","212","53","7","26"
"2025-07-14","연수","241","210","0","7","24"
"2025-07-14","영등포","451","367","49","10","25"
"2025-07-14","영통","368","273","49","11","35"
"2025-07-14","용산","200","137","35","7","21"
"2025-07-14","유성","245","223","0","6","16"
"2025-07-14","은평","319","261","31","12","15"
"2025-07-14","의정부","299","252","27","3","17"
"2025-07-14","인천중구","14","14","0","0","0"
"2025-07-14","일산동구","230","179","26","5","20"
"2025-07-14","일산서구","191","147","26","9","9"
"2025-07-14","장안","194","155","20","5","14"
"2025-07-14","종로","142","107","22","4","9"
"2025-07-14","중구","126","89","17","5","15"
"2025-07-14","중랑","300","237","38","10","15"
"2025-07-14","중원","159","134","20","1","4"
"2025-07-14","천안","345","318","0","11","16"
"2025-07-14","팔달","153","126","18","3","6"
"2025-07-14","하남","38","0","38","0","0"
"2025-07-14","하남가","37","30","0","1","6"
"2025-07-14","하남나","53","50","0","0","3"
"2025-07-14","하남다","58","51","0","0","7"
"2025-07-14","하남라","46","38","0","3","5"
"2025-07-14","화성","66","0","66","0","0"
"2025-07-14","화성가","86","75","0","3","8"
"2025-07-14","화성나","178","157","0","6","15"
"2025-07-14","화성다","153","132","0","4","17"
"2025-07-15","강남","34","0","34","0","0"
"2025-07-15","강남가","281","252","0","11","18"
"2025-07-15","강남나","112","100","0","6","6"
"2025-07-15","강동","334","282","26","10","16"
"2025-07-15","강북","158","134","10","3","11"
"2025-07-15","강서","455","421","17","6","11"
"2025-07-15","계양","5","0","5","0","0"
"2025-07-15","계양가","10","9","0","0","1"
"2025-07-15","계양나","34","33","0","1","0"
"2025-07-15","계양다","51","45","0","1","5"
"2025-07-15","계양라","19","19","0","0","0"
"2025-07-15","계양마","14","14","0","0","0"
"2025-07-15","관악","14","0","14","0","0"
"2025-07-15","관악가","437","425","0","5","7"
"2025-07-15","광명","158","139","12","4","3"
"2025-07-15","광진","323","287","18","7","11"
"2025-07-15","구로","267","232","22","3","10"
"2025-07-15","구리","117","102","11","2","2"
"2025-07-15","군포","165","147","11","3","4"
"2025-07-15","권선","208","181","19","2","6"
"2025-07-15","금천","204","186","8","3","7"
"2025-07-15","기흥","242","199","22","4","17"
"2025-07-15","김포","178","148","18","4","8"
"2025-07-15","남동구","238","223","0","7","8"
"2025-07-15","남양주","179","156","12","4","7"
"2025-07-15","노원","293","261","21","6","5"
"2025-07-15","단원","142","135","0","4","3"
"2025-07-15","대덕","36","34","0","1","1"
"2025-07-15","대전동구","76","74","0","1","1"
"2025-07-15","대전서구","250","237","0","7","6"
"2025-07-15","대전중구","89","83","0","3","3"
"2025-07-15","덕양","213","184","16","8","5"
"2025-07-15","도봉","157","144","9","2","2"
"2025-07-15","동구","20","19","0","1","0"
"2025-07-15","동대문","282","249","14","8","11"
"2025-07-15","동안","214","190","8","1","15"
"2025-07-15","동작","339","308","21","3","7"
"2025-07-15","마포","342","294","20","8","20"
"2025-07-15","만안","145","129","9","2","5"
"2025-07-15","미추홀","189","183","0","3","3"
"2025-07-15","부천","26","0","26","0","0"
"2025-07-15","부천가","173","163","0","6","4"
"2025-07-15","부천나","62","59","0","1","2"
"2025-07-15","부천다","161","154","2","1","4"
"2025-07-15","부평","304","274","17","5","8"
"2025-07-15","분당","326","270","22","9","25"
"2025-07-15","상록","129","125","0","2","2"
"2025-07-15","서구","346","329","0","5","12"
"2025-07-15","서대문","248","213","21","8","6"
"2025-07-15","서초","209","159","26","10","14"
"2025-07-15","서초가","27","26","0","0","1"
"2025-07-15","서초나","33","29","0","0","4"
"2025-07-15","성남","3","0","3","0","0"
"2025-07-15","성동","227","188","22","4","13"
"2025-07-15","성북","297","267","15","6","9"
"2025-07-15","송파","520","427","43","18","32"
"2025-07-15","수정","126","106","14","2","4"
"2025-07-15","수정가","20","19","0","0","1"
"2025-07-15","수지","266","206","33","8","19"
"2025-07-15","시흥남","144","137","0","5","2"
"2025-07-15","시흥북","43","40","0","2","1"
"2025-07-15","아산가","53","50","0","2","1"
"2025-07-15","아산나","71","69","0","0","2"
"2025-07-15","양천","216","179","14","7","16"
"2025-07-15","연수","189","179","0","4","6"
"2025-07-15","영등포","388","347","18","4","19"
"2025-07-15","영통","295","258","17","6","14"
"2025-07-15","용산","172","147","12","4","9"
"2025-07-15","유성","233","221","0","4","8"
"2025-07-15","은평","297","253","29","2","13"
"2025-07-15","의정부","251","223","21","4","3"
"2025-07-15","인천중구","12","12","0","0","0"
"2025-07-15","일산동구","195","167","17","5","6"
"2025-07-15","일산서구","148","126","10","1","11"
"2025-07-15","장안","150","126","15","1","8"
"2025-07-15","종로","104","92","7","4","1"
"2025-07-15","중구","104","77","14","3","10"
"2025-07-15","중랑","267","239","15","4","9"
"2025-07-15","중원","143","130","9","1","3"
"2025-07-15","천안","320","306","0","8","6"
"2025-07-15","팔달","140","129","8","2","1"
"2025-07-15","하남","16","0","16","0","0"
"2025-07-15","하남가","22","22","0","0","0"
"2025-07-15","하남나","49","44","0","3","2"
"2025-07-15","하남다","48","44","0","1","3"
"2025-07-15","하남라","32","31","0","0","1"
"2025-07-15","화성","39","0","39","0","0"
"2025-07-15","화성가","86","83","0","2","1"
"2025-07-15","화성나","147","133","0","5","9"
"2025-07-15","화성다","111","101","0","1","9"
"2025-07-16","강남","46","0","46","0","0"
"2025-07-16","강남가","254","218","0","14","22"
"2025-07-16","강남나","103","95","0","2","6"
"2025-07-16","강동","385","329","26","12","18"
"2025-07-16","강북","157","139","9","5","4"
"2025-07-16","강서","518","465","32","10","11"
"2025-07-16","계양","7","0","7","0","0"
"2025-07-16","계양가","12","12","0","0","0"
"2025-07-16","계양나","35","35","0","0","0"
"2025-07-16","계양다","40","40","0","0","0"
"2025-07-16","계양라","24","24","0","0","0"
"2025-07-16","계양마","22","21","0","0","1"
"2025-07-16","관악","24","0","24","0","0"
"2025-07-16","관악가","525","513","0","5","7"
"2025-07-16","광명","193","172","12","5","4"
"2025-07-16","광진","331","292","20","8","11"
"2025-07-16","구로","283","253","16","7","7"
"2025-07-16","구리","112","95","11","0","6"
"2025-07-16","군포","170","151","14","0","5"
"2025-07-16","권선","224","199","20","1","4"
"2025-07-16","금천","185","175","7","2","1"
"2025-07-16","기흥","255","210","26","5","14"
"2025-07-16","김포","245","204","24","7","10"
"2025-07-16","남동구","257","244","0","4","9"
"2025-07-16","남양주","197","173","18","2","4"
"2025-07-16","노원","294","271","13","7","3"
"2025-07-16","단원","137","131","0","5","1"
"2025-07-16","대덕","47","45","0","1","1"
"2025-07-16","대전동구","80","77","0","2","1"
"2025-07-16","대전서구","275","256","0","9","10"
"2025-07-16","대전중구","90","86","0","2","2"
"2025-07-16","덕양","226","195","18","4","9"
"2025-07-16","도봉","203","181","13","4","5"
"2025-07-16","동구","19","19","0","0","0"
"2025-07-16","동대문","356","315","23","5","13"
"2025-07-16","동안","216","189","15","2","10"
"2025-07-16","동작","319","287","21","3","8"
"2025-07-16","마포","377","318","28","17","14"
"2025-07-16","만안","124","106","12","2","4"
"2025-07-16","미추홀","236","223","0","6","7"
"2025-07-16","부천","27","0","27","0","0"
"2025-07-16","부천가","191","182","0","2","7"
"2025-07-16","부천나","64","62","0","1","1"
"2025-07-16","부천다","183","178","0","4","1"
"2025-07-16","부평","313","277","20","7","9"
"2025-07-16","분당","332","285","24","13","10"
"2025-07-16","상록","143","138","0","2","3"
"2025-07-16","서구","336","321","0","4","11"
"2025-07-16","서대문","267","239","18","4","6"
"2025-07-16","서초","303","238","31","12","22"
"2025-07-16","성남","4","0","4","0","0"
"2025-07-16","성동","250","213","18","7","12"
"2025-07-16","성북","343","300","23","8","12"
"2025-07-16","송파","484","397","46","18","23"
"2025-07-16","수정","128","109","11","1","7"
"2025-07-16","수정가","19","19","0","0","0"
"2025-07-16","수지","236","197","22","8","9"
"2025-07-16","시흥남","177","168","0","4","5"
"2025-07-16","시흥북","57","54","0","1","2"
"2025-07-16","아산가","62","60","0","1","1"
"2025-07-16","아산나","83","76","0","3","4"
"2025-07-16","양천","250","217","20","7","6"
"2025-07-16","연수","260","233","0","13","14"
"2025-07-16","영등포","379","327","26","11","15"
"2025-07-16","영통","313","278","23","4","8"
"2025-07-16","용산","178","143","19","9","7"
"2025-07-16","유성","215","203","0","4","8"
"2025-07-16","은평","354","314","24","7","9"
"2025-07-16","의정부","252","221","19","3","9"
"2025-07-16","인천중구","6","5","0","0","1"
"2025-07-16","일산동구","197","164","20","4","9"
"2025-07-16","일산서구","189","163","16","5","5"
"2025-07-16","장안","167","144","12","3","8"
"2025-07-16","종로","121","103","8","4","6"
"2025-07-16","중구","128","93","23","4","8"
"2025-07-16","중랑","257","227","14","6","10"
"2025-07-16","중원","148","134","12","2","0"
"2025-07-16","천안","337","312","0","10","15"
"2025-07-16","팔달","159","142","12","1","4"
"2025-07-16","하남","12","0","12","0","0"
"2025-07-16","하남가","21","19","0","1","1"
"2025-07-16","하남나","47","43","0","1","3"
"2025-07-16","하남다","51","48","0","1","2"
"2025-07-16","하남라","28","27","0","0","1"
"2025-07-16","화성","33","0","33","0","0"
"2025-07-16","화성가","75","69","0","0","6"
"2025-07-16","화성나","150","131","0","5","14"
"2025-07-16","화성다","117","105","0","5","7"
"2025-07-17","강남","51","0","51","0","0"
"2025-07-17","강남가","329","295","0","11","23"
"2025-07-17","강남나","122","107","0","5","10"
"2025-07-17","강동","401","361","24","3","13"
"2025-07-17","강북","178","160","15","2","1"
"2025-07-17","강서","522","479","24","7","12"
"2025-07-17","계양","14","0","14","0","0"
"2025-07-17","계양가","27","26","0","1","0"
"2025-07-17","계양나","23","22","0","1","0"
"2025-07-17","계양다","51","49","0","1","1"
"2025-07-17","계양라","28","26","0","2","0"
"2025-07-17","계양마","25","23","0","1","1"
"2025-07-17","관악","25","0","25","0","0"
"2025-07-17","관악가","665","649","0","10","6"
"2025-07-17","광명","184","160","12","6","6"
"2025-07-17","광진","369","327","23","13","6"
"2025-07-17","구로","344","310","17","7","10"
"2025-07-17","구리","116","98","10","6","2"
"2025-07-17","군포","167","156","8","3","0"
"2025-07-17","권선","300","272","17","6","5"
"2025-07-17","금천","223","205","11","1","6"
"2025-07-17","기흥","285","246","32","2","5"
"2025-07-17","김포","229","190","23","7","9"
"2025-07-17","남동구","239","232","0","3","4"
"2025-07-17","남양주","191","173","8","4","6"
"2025-07-17","노원","313","287","17","2","7"
"2025-07-17","단원","209","202","0","2","5"
"2025-07-17","대덕","37","35","0","1","1"
"2025-07-17","대전동구","93","90","0","2","1"
"2025-07-17","대전서구","343","326","0","9","8"
"2025-07-17","대전중구","128","120","0","6","2"
"2025-07-17","덕양","240","217","15","2","6"
"2025-07-17","도봉","200","187","5","4","4"
"2025-07-17","동구","23","23","0","0","0"
"2025-07-17","동대문","399","372","16","7","4"
"2025-07-17","동안","259","227","23","4","5"
"2025-07-17","동작","353","334","7","4","8"
"2025-07-17","마포","395","365","17","6","7"
"2025-07-17","만안","175","157","11","2","5"
"2025-07-17","미추홀","282","276","0","2","4"
"2025-07-17","부천","32","0","32","0","0"
"2025-07-17","부천가","214","201","0","6","7"
"2025-07-17","부천나","80","78","0","1","1"
"2025-07-17","부천다","207","201","0","2","4"
"2025-07-17","부평","322","287","22","3","10"
"2025-07-17","분당","383","322","30","14","17"
"2025-07-17","상록","152","148","0","0","4"
"2025-07-17","서구","414","382","0","9","23"
"2025-07-17","서대문","280","254","14","6","6"
"2025-07-17","서초","357","287","29","19","22"
"2025-07-17","성남","6","0","6","0","0"
"2025-07-17","성동","264","229","20","6","9"
"2025-07-17","성북","362","330","23","6","3"
"2025-07-17","송파","592","516","35","15","26"
"2025-07-17","수정","166","152","8","1","5"
"2025-07-17","수정가","17","14","0","2","1"
"2025-07-17","수지","250","216","17","6","11"
"2025-07-17","시흥남","189","181","0","4","4"
"2025-07-17","시흥북","54","52","0","1","1"
"2025-07-17","아산가","71","65","0","3","3"
"2025-07-17","아산나","95","90","0","2","3"
"2025-07-17","양천","298","267","18","3","10"
"2025-07-17","연수","256","241","0","8","7"
"2025-07-17","영등포","441","396","30","8","7"
"2025-07-17","영통","343","288","38","5","12"
"2025-07-17","용산","195","165","19","7","4"
"2025-07-17","유성","237","226","0","5","6"
"2025-07-17","은평","333","315","8","4","6"
"2025-07-17","의정부","292","260","22","2","8"
"2025-07-17","인천중구","13","13","0","0","0"
"2025-07-17","일산동구","192","173","12","4","3"
"2025-07-17","일산서구","179","158","10","4","7"
"2025-07-17","장안","212","196","8","2","6"
"2025-07-17","종로","128","114","11","0","3"
"2025-07-17","중구","150","136","5","4","5"
"2025-07-17","중랑","314","286","22","0","6"
"2025-07-17","중원","158","142","6","6","4"
"2025-07-17","천안","376","355","0","12","9"
"2025-07-17","팔달","200","185","11","2","2"
"2025-07-17","하남","19","0","19","0","0"
"2025-07-17","하남가","28","26","0","2","0"
"2025-07-17","하남나","64","62","1","1","0"
"2025-07-17","하남다","48","44","0","2","2"
"2025-07-17","하남라","38","35","0","2","1"
"2025-07-17","화성","33","0","33","0","0"
"2025-07-17","화성가","123","117","0","2","4"
"2025-07-17","화성나","149","139","0","3","7"
"2025-07-17","화성다","144","127","0","2","15"
"2025-07-18","강남","37","0","37","0","0"
"2025-07-18","강남가","307","273","0","7","27"
"2025-07-18","강남나","133","120","0","4","9"
"2025-07-18","강동","370","332","19","10","9"
"2025-07-18","강북","194","181","9","2","2"
"2025-07-18","강서","583","527","33","11","12"
"2025-07-18","계양","9","0","9","0","0"
"2025-07-18","계양가","18","18","0","0","0"
"2025-07-18","계양나","27","27","0","0","0"
"2025-07-18","계양다","49","47","0","0","2"
"2025-07-18","계양라","33","33","0","0","0"
"2025-07-18","계양마","25","24","0","1","0"
"2025-07-18","관악","23","0","23","0","0"
"2025-07-18","관악가","576","565","0","4","7"
"2025-07-18","광명","177","164","7","3","3"
"2025-07-18","광진","334","293","20","9","12"
"2025-07-18","구로","357","319","20","10","8"
"2025-07-18","구리","151","138","8","4","1"
"2025-07-18","군포","157","147","6","1","3"
"2025-07-18","권선","257","242","7","3","5"
"2025-07-18","금천","212","193","12","3","4"
"2025-07-18","기흥","275","247","12","7","9"
"2025-07-18","김포","231","197","24","5","5"
"2025-07-18","남동구","272","263","0","2","7"
"2025-07-18","남양주","196","173","14","2","7"
"2025-07-18","노원","335","301","23","4","7"
"2025-07-18","단원","153","146","0","4","3"
"2025-07-18","대덕","38","37","0","1","0"
"2025-07-18","대전동구","105","100","0","3","2"
"2025-07-18","대전서구","319","304","0","9","6"
"2025-07-18","대전중구","106","103","0","2","1"
"2025-07-18","덕양","228","208","11","5","4"
"2025-07-18","도봉","148","134","6","4","4"
"2025-07-18","동구","28","28","0","0","0"
"2025-07-18","동대문","364","334","14","7","9"
"2025-07-18","동안","233","215","9","5","4"
"2025-07-18","동작","377","338","19","8","12"
"2025-07-18","마포","400","360","17","4","19"
"2025-07-18","만안","152","135","13","1","3"
"2025-07-18","미추홀","246","237","0","4","5"
"2025-07-18","부천","41","0","41","0","0"
"2025-07-18","부천가","219","208","1","3","7"
"2025-07-18","부천나","104","100","0","1","3"
"2025-07-18","부천다","178","170","0","3","5"
"2025-07-18","부평","319","300","14","3","2"
"2025-07-18","분당","317","272","23","9","13"
"2025-07-18","상록","167","163","0","1","3"
"2025-07-18","서구","408","386","0","10","12"
"2025-07-18","서대문","275","248","23","1","3"
"2025-07-18","서초","292","244","16","11","21"
"2025-07-18","성남","6","0","6","0","0"
"2025-07-18","성동","223","196","11","8","8"
"2025-07-18","성북","359","331","13","5","10"
"2025-07-18","송파","575","511","27","19","18"
"2025-07-18","수정","131","120","6","4","1"
"2025-07-18","수정가","13","12","0","0","1"
"2025-07-18","수지","215","190","12","7","6"
"2025-07-18","시흥남","172","168","0","2","2"
"2025-07-18","시흥북","54","53","0","0","1"
"2025-07-18","아산가","64","61","0","2","1"
"2025-07-18","아산나","93","90","0","0","3"
"2025-07-18","양천","304","275","8","8","13"
"2025-07-18","연수","266","243","0","12","11"
"2025-07-18","영등포","453","416","22","7","8"
"2025-07-18","영통","318","276","25","8","9"
"2025-07-18","용산","177","154","14","6","3"
"2025-07-18","유성","211","206","0","2","3"
"2025-07-18","은평","349","318","17","8","6"
"2025-07-18","의정부","320","287","17","6","10"
"2025-07-18","인천중구","17","16","0","0","1"
"2025-07-18","일산동구","192","165","10","6","11"
"2025-07-18","일산서구","185","161","14","3","7"
"2025-07-18","장안","187","166","10","5","6"
"2025-07-18","종로","111","101","7","3","0"
"2025-07-18","중구","125","106","11","4","4"
"2025-07-18","중랑","329","308","10","3","8"
"2025-07-18","중원","148","140","8","0","0"
"2025-07-18","천안","380","360","0","11","9"
"2025-07-18","팔달","172","158","4","3","7"
"2025-07-18","하남","18","0","18","0","0"
"2025-07-18","하남가","33","32","0","1","0"
"2025-07-18","하남나","50","48","0","1","1"
"2025-07-18","하남다","64","58","0","1","5"
"2025-07-18","하남라","32","30","1","0","1"
"2025-07-18","화성","26","0","26","0","0"
"2025-07-18","화성가","105","104","0","1","0"
"2025-07-18","화성나","165","153","0","3","9"
"2025-07-18","화성다","147","134","0","5","8"
"2025-07-19","강남","8","0","8","0","0"
"2025-07-19","강남가","164","159","5","0","0"
"2025-07-19","강남나","85","84","1","0","0"
"2025-07-19","강동","255","248","7","0","0"
"2025-07-19","강북","110","106","4","0","0"
"2025-07-19","강서","296","289","7","0","0"
"2025-07-19","계양","3","0","3","0","0"
"2025-07-19","계양가","16","16","0","0","0"
"2025-07-19","계양나","16","16","0","0","0"
"2025-07-19","계양다","21","21","0","0","0"
"2025-07-19","계양라","18","18","0","0","0"
"2025-07-19","계양마","20","20","0","0","0"
"2025-07-19","관악","9","0","9","0","0"
"2025-07-19","관악가","361","360","1","0","0"
"2025-07-19","광명","118","117","1","0","0"
"2025-07-19","광진","193","189","4","0","0"
"2025-07-19","구로","213","211","2","0","0"
"2025-07-19","구리","82","78","4","0","0"
"2025-07-19","군포","114","114","0","0","0"
"2025-07-19","권선","162","156","6","0","0"
"2025-07-19","금천","115","113","2","0","0"
"2025-07-19","기흥","176","169","7","0","0"
"2025-07-19","김포","160","155","5","0","0"
"2025-07-19","남동구","204","204","0","0","0"
"2025-07-19","남양주","119","117","2","0","0"
"2025-07-19","노원","226","213","13","0","0"
"2025-07-19","단원","134","134","0","0","0"
"2025-07-19","대덕","22","22","0","0","0"
"2025-07-19","대전동구","59","59","0","0","0"
"2025-07-19","대전서구","190","190","0","0","0"
"2025-07-19","대전중구","60","60","0","0","0"
"2025-07-19","덕양","155","148","7","0","0"
"2025-07-19","도봉","124","120","4","0","0"
"2025-07-19","동구","17","17","0","0","0"
"2025-07-19","동대문","230","222","8","0","0"
"2025-07-19","동안","173","169","4","0","0"
"2025-07-19","동작","234","227","7","0","0"
"2025-07-19","마포","219","205","14","0","0"
"2025-07-19","만안","75","71","4","0","0"
"2025-07-19","미추홀","145","145","0","0","0"
"2025-07-19","부천","4","0","4","0","0"
"2025-07-19","부천가","136","136","0","0","0"
"2025-07-19","부천나","56","56","0","0","0"
"2025-07-19","부천다","116","116","0","0","0"
"2025-07-19","부평","230","226","4","0","0"
"2025-07-19","분당","207","204","3","0","0"
"2025-07-19","상록","123","123","0","0","0"
"2025-07-19","서구","248","248","0","0","0"
"2025-07-19","서대문","157","154","3","0","0"
"2025-07-19","서초","193","183","10","0","0"
"2025-07-19","성남","1","0","1","0","0"
"2025-07-19","성동","133","129","4","0","0"
"2025-07-19","성북","228","221","7","0","0"
"2025-07-19","송파","380","367","13","0","0"
"2025-07-19","수정","100","99","1","0","0"
"2025-07-19","수정가","5","5","0","0","0"
"2025-07-19","수지","137","133","4","0","0"
"2025-07-19","시흥남","129","129","0","0","0"
"2025-07-19","시흥북","26","26","0","0","0"
"2025-07-19","아산가","38","38","0","0","0"
"2025-07-19","아산나","73","73","0","0","0"
"2025-07-19","양천","179","172","7","0","0"
"2025-07-19","연수","176","176","0","0","0"
"2025-07-19","영등포","256","245","11","0","0"
"2025-07-19","영통","202","196","6","0","0"
"2025-07-19","용산","117","111","6","0","0"
"2025-07-19","유성","181","181","0","0","0"
"2025-07-19","은평","232","227","5","0","0"
"2025-07-19","의정부","217","212","5","0","0"
"2025-07-19","인천중구","10","10","0","0","0"
"2025-07-19","일산동구","127","127","0","0","0"
"2025-07-19","일산서구","110","109","1","0","0"
"2025-07-19","장안","116","115","1","0","0"
"2025-07-19","종로","87","85","2","0","0"
"2025-07-19","중구","80","72","8","0","0"
"2025-07-19","중랑","170","165","5","0","0"
"2025-07-19","중원","85","85","0","0","0"
"2025-07-19","천안","261","261","0","0","0"
"2025-07-19","팔달","97","95","2","0","0"
"2025-07-19","하남","1","0","1","0","0"
"2025-07-19","하남가","20","20","0","0","0"
"2025-07-19","하남나","28","28","0","0","0"
"2025-07-19","하남다","43","43","0","0","0"
"2025-07-19","하남라","20","20","0","0","0"
"2025-07-19","화성","11","0","11","0","0"
"2025-07-19","화성가","55","55","0","0","0"
"2025-07-19","화성나","95","95","0","0","0"
"2025-07-19","화성다","91","91","0","0","0"
"2025-07-20","강남가","185","185","0","0","0"
"2025-07-20","강남나","88","88","0","0","0"
"2025-07-20","강동","234","234","0","0","0"
"2025-07-20","강북","104","104","0","0","0"
"2025-07-20","강서","311","311","0","0","0"
"2025-07-20","계양가","23","23","0","0","0"
"2025-07-20","계양나","17","17","0","0","0"
"2025-07-20","계양다","32","32","0","0","0"
"2025-07-20","계양라","16","16","0","0","0"
"2025-07-20","계양마","20","20","0","0","0"
"2025-07-20","관악가","374","374","0","0","0"
"2025-07-20","광명","123","123","0","0","0"
"2025-07-20","광진","244","244","0","0","0"
"2025-07-20","구로","203","203","0","0","0"
"2025-07-20","구리","101","101","0","0","0"
"2025-07-20","군포","106","106","0","0","0"
"2025-07-20","권선","154","154","0","0","0"
"2025-07-20","금천","117","117","0","0","0"
"2025-07-20","기흥","162","162","0","0","0"
"2025-07-20","김포","156","156","0","0","0"
"2025-07-20","남동구","176","176","0","0","0"
"2025-07-20","남양주","132","132","0","0","0"
"2025-07-20","노원","209","209","0","0","0"
"2025-07-20","단원","111","111","0","0","0"
"2025-07-20","대덕","31","31","0","0","0"
"2025-07-20","대전동구","65","65","0","0","0"
"2025-07-20","대전서구","162","162","0","0","0"
"2025-07-20","대전중구","80","80","0","0","0"
"2025-07-20","덕양","155","155","0","0","0"
"2025-07-20","도봉","107","107","0","0","0"
"2025-07-20","동구","10","10","0","0","0"
"2025-07-20","동대문","229","229","0","0","0"
"2025-07-20","동안","187","187","0","0","0"
"2025-07-20","동작","263","263","0","0","0"
"2025-07-20","마포","249","249","0","0","0"
"2025-07-20","만안","81","81","0","0","0"
"2025-07-20","미추홀","156","156","0","0","0"
"2025-07-20","부천가","119","119","0","0","0"
"2025-07-20","부천나","65","65","0","0","0"
"2025-07-20","부천다","113","113","0","0","0"
"2025-07-20","부평","210","210","0","0","0"
"2025-07-20","분당","278","278","0","0","0"
"2025-07-20","상록","113","113","0","0","0"
"2025-07-20","서구","247","247","0","0","0"
"2025-07-20","서대문","204","204","0","0","0"
"2025-07-20","서초","188","188","0","0","0"
"2025-07-20","성동","138","138","0","0","0"
"2025-07-20","성북","219","219","0","0","0"
"2025-07-20","송파","368","368","0","0","0"
"2025-07-20","수정","102","102","0","0","0"
"2025-07-20","수정가","9","9","0","0","0"
"2025-07-20","수지","145","145","0","0","0"
"2025-07-20","시흥남","129","129","0","0","0"
"2025-07-20","시흥북","30","30","0","0","0"
"2025-07-20","아산가","31","31","0","0","0"
"2025-07-20","아산나","75","75","0","0","0"
"2025-07-20","양천","169","169","0","0","0"
"2025-07-20","연수","186","186","0","0","0"
"2025-07-20","영등포","243","243","0","0","0"
"2025-07-20","영통","222","222","0","0","0"
"2025-07-20","용산","96","96","0","0","0"
"2025-07-20","유성","167","167","0","0","0"
"2025-07-20","은평","236","236","0","0","0"
"2025-07-20","의정부","196","196","0","0","0"
"2025-07-20","인천중구","6","6","0","0","0"
"2025-07-20","일산동구","149","149","0","0","0"
"2025-07-20","일산서구","99","99","0","0","0"
"2025-07-20","장안","124","124","0","0","0"
"2025-07-20","종로","87","87","0","0","0"
"2025-07-20","중구","79","79","0","0","0"
"2025-07-20","중랑","184","184","0","0","0"
"2025-07-20","중원","80","80","0","0","0"
"2025-07-20","천안","240","240","0","0","0"
"2025-07-20","팔달","113","113","0","0","0"
"2025-07-20","하남가","12","12","0","0","0"
"2025-07-20","하남나","35","35","0","0","0"
"2025-07-20","하남다","30","30","0","0","0"
"2025-07-20","하남라","17","17","0","0","0"
"2025-07-20","화성가","50","50","0","0","0"
"2025-07-20","화성나","100","100","0","0","0"
"2025-07-20","화성다","95","95","0","0","0"
"2025-07-21","강남","107","0","107","0","0"
"2025-07-21","강남가","277","231","0","13","33"
"2025-07-21","강남나","141","109","0","5","27"
"2025-07-21","강동","402","301","61","14","26"
"2025-07-21","강북","170","136","21","7","6"
"2025-07-21","강서","506","407","58","15","26"
"2025-07-21","계양","22","0","22","0","0"
"2025-07-21","계양가","26","25","0","0","1"
"2025-07-21","계양나","31","30","0","0","1"
"2025-07-21","계양다","54","50","0","0","4"
"2025-07-21","계양라","34","33","0","0","1"
"2025-07-21","계양마","34","31","0","2","1"
"2025-07-21","관악","54","0","54","0","0"
"2025-07-21","관악가","498","473","0","14","11"
"2025-07-21","광명","232","176","35","3","18"
"2025-07-21","광진","356","278","47","10","21"
"2025-07-21","구로","298","239","36","6","17"
"2025-07-21","구리","151","124","13","7","7"
"2025-07-21","군포","172","135","27","5","5"
"2025-07-21","권선","241","191","31","7","12"
"2025-07-21","금천","201","171","22","4","4"
"2025-07-21","기흥","310","222","54","13","21"
"2025-07-21","김포","265","194","38","9","24"
"2025-07-21","남동구","243","222","0","7","14"
"2025-07-21","남양주","208","151","29","9","19"
"2025-07-21","노원","334","271","31","11","21"
"2025-07-21","단원","181","169","0","3","9"
"2025-07-21","대덕","61","52","0","5","4"
"2025-07-21","대전동구","95","87","0","4","4"
"2025-07-21","대전서구","316","290","0","10","16"
"2025-07-21","대전중구","107","95","0","5","7"
"2025-07-21","덕양","277","227","31","6","13"
"2025-07-21","도봉","186","148","25","2","11"
"2025-07-21","동구","27","23","0","1","3"
"2025-07-21","동대문","336","278","35","5","18"
"2025-07-21","동안","263","196","31","14","22"
"2025-07-21","동작","401","327","41","7","26"
"2025-07-21","마포","403","311","53","11","28"
"2025-07-21","만안","164","131","20","0","13"
"2025-07-21","미추홀","201","181","0","7","13"
"2025-07-21","부천","67","0","67","0","0"
"2025-07-21","부천가","244","219","1","6","18"
"2025-07-21","부천나","65","63","0","1","1"
"2025-07-21","부천다","174","166","0","5","3"
"2025-07-21","부평","347","285","46","1","15"
"2025-07-21","분당","420","316","49","17","38"
"2025-07-21","상록","156","145","0","5","6"
"2025-07-21","서구","375","340","0","12","23"
"2025-07-21","서대문","289","240","24","6","19"
"2025-07-21","서초","354","231","74","15","34"
"2025-07-21","성남","8","0","8","0","0"
"2025-07-21","성동","257","183","45","13","16"
"2025-07-21","성북","327","260","41","8","18"
"2025-07-21","송파","671","505","81","27","58"
"2025-07-21","수정","140","112","15","6","7"
"2025-07-21","수정가","18","17","0","0","1"
"2025-07-21","수지","306","215","46","16","29"
"2025-07-21","시흥남","181","163","0","6","12"
"2025-07-21","시흥북","43","42","0","0","1"
"2025-07-21","아산가","48","42","0","4","2"
"2025-07-21","아산나","104","91","0","5","8"
"2025-07-21","양천","288","210","55","5","18"
"2025-07-21","연수","277","251","0","6","20"
"2025-07-21","영등포","399","312","47","14","26"
"2025-07-21","영통","377","294","43","14","26"
"2025-07-21","용산","228","164","39","9","16"
"2025-07-21","유성","264","235","0","9","20"
"2025-07-21","은평","351","285","41","10","15"
"2025-07-21","의정부","322","270","30","8","14"
"2025-07-21","인천중구","14","14","0","0","0"
"2025-07-21","일산동구","225","177","33","5","10"
"2025-07-21","일산서구","200","163","25","5","7"
"2025-07-21","장안","201","167","18","3","13"
"2025-07-21","종로","141","118","15","4","4"
"2025-07-21","중구","150","100","34","2","14"
"2025-07-21","중랑","285","235","31","3","16"
"2025-07-21","중원","164","135","20","1","8"
"2025-07-21","천안","393","353","0","16","24"
"2025-07-21","팔달","179","141","23","4","11"
"2025-07-21","하남","32","0","32","0","0"
"2025-07-21","하남가","45","41","0","1","3"
"2025-07-21","하남나","54","49","0","1","4"
"2025-07-21","하남다","50","43","0","2","5"
"2025-07-21","하남라","46","45","0","1","0"
"2025-07-21","화성","90","0","90","0","0"
"2025-07-21","화성가","83","77","0","4","2"
"2025-07-21","화성나","197","183","0","5","9"
"2025-07-21","화성다","148","121","0","13","14"
"2025-07-22","강남","54","0","54","0","0"
"2025-07-22","강남가","269","242","0","10","17"
"2025-07-22","강남나","116","103","0","4","9"
"2025-07-22","강동","411","367","22","6","16"
"2025-07-22","강북","171","156","8","2","5"
"2025-07-22","강서","540","490","33","9","8"
"2025-07-22","계양","8","0","8","0","0"
"2025-07-22","계양가","26","25","0","0","1"
"2025-07-22","계양나","31","31","0","0","0"
"2025-07-22","계양다","40","39","0","1","0"
"2025-07-22","계양라","29","28","0","0","1"
"2025-07-22","계양마","30","29","0","0","1"
"2025-07-22","관악","22","0","22","0","0"
"2025-07-22","관악가","529","511","1","9","8"
"2025-07-22","광명","212","181","19","6","6"
"2025-07-22","광진","358","312","26","9","11"
"2025-07-22","구로","294","269","16","5","4"
"2025-07-22","구리","147","125","12","4","6"
"2025-07-22","군포","194","170","15","6","3"
"2025-07-22","권선","309","278","17","3","11"
"2025-07-22","금천","211","194","14","0","3"
"2025-07-22","기흥","319","278","29","4","8"
"2025-07-22","김포","302","263","23","5","11"
"2025-07-22","남동구","247","237","0","5","5"
"2025-07-22","남양주","235","200","24","6","5"
"2025-07-22","노원","352","315","20","6","11"
"2025-07-22","단원","173","169","0","1","3"
"2025-07-22","대덕","59","58","0","0","1"
"2025-07-22","대전동구","105","102","0","2","1"
"2025-07-22","대전서구","310","288","0","12","10"
"2025-07-22","대전중구","118","110","0","3","5"
"2025-07-22","덕양","250","217","22","4","7"
"2025-07-22","도봉","200","185","12","1","2"
"2025-07-22","동구","23","23","0","0","0"
"2025-07-22","동대문","350","310","24","6","10"
"2025-07-22","동안","265","229","19","5","12"
"2025-07-22","동작","363","325","27","3","8"
"2025-07-22","마포","367","314","28","7","18"
"2025-07-22","만안","162","140","11","2","9"
"2025-07-22","미추홀","264","255","0","3","6"
"2025-07-22","부천","42","0","42","0","0"
"2025-07-22","부천가","218","208","0","2","8"
"2025-07-22","부천나","98","92","0","4","2"
"2025-07-22","부천다","178","172","0","2","4"
"2025-07-22","부평","385","340","35","5","5"
"2025-07-22","분당","370","310","31","6","23"
"2025-07-22","상록","195","186","0","3","6"
"2025-07-22","서구","415","398","0","5","12"
"2025-07-22","서대문","301","267","23","3","8"
"2025-07-22","서초","321","264","30","16","11"
"2025-07-22","성남","6","0","6","0","0"
"2025-07-22","성동","263","218","26","10","9"
"2025-07-22","성북","405","352","34","6","13"
"2025-07-22","송파","573","484","36","20","33"
"2025-07-22","수정","141","126","9","4","2"
"2025-07-22","수정가","24","23","0","0","1"
"2025-07-22","수지","261","218","15","5","23"
"2025-07-22","시흥남","194","188","0","3","3"
"2025-07-22","시흥북","48","45","0","2","1"
"2025-07-22","아산가","57","49","0","2","6"
"2025-07-22","아산나","107","101","0","2","4"
"2025-07-22","양천","263","229","19","7","8"
"2025-07-22","연수","274","259","0","8","7"
"2025-07-22","영등포","417","374","21","7","15"
"2025-07-22","영통","332","297","17","9","9"
"2025-07-22","용산","174","145","21","6","2"
"2025-07-22","유성","275","261","0","3","11"
"2025-07-22","은평","363","325","21","5","12"
"2025-07-22","의정부","308","276","20","2","10"
"2025-07-22","인천중구","10","10","0","0","0"
"2025-07-22","일산동구","194","165","19","3","7"
"2025-07-22","일산서구","155","136","9","5","5"
"2025-07-22","장안","201","169","17","7","8"
"2025-07-22","종로","134","119","9","2","4"
"2025-07-22","중구","148","127","14","1","6"
"2025-07-22","중랑","293","266","18","3","6"
"2025-07-22","중원","201","179","10","6","6"
"2025-07-22","천안","388","365","0","8","15"
"2025-07-22","팔달","170","158","2","1","9"
"2025-07-22","하남","21","0","21","0","0"
"2025-07-22","하남가","33","31","0","0","2"
"2025-07-22","하남나","74","67","0","1","6"
"2025-07-22","하남다","49","45","1","0","3"
"2025-07-22","하남라","41","39","0","2","0"
"2025-07-22","화성","30","0","30","0","0"
"2025-07-22","화성가","100","92","0","4","4"
"2025-07-22","화성나","191","179","0","3","9"
"2025-07-22","화성다","142","130","0","6","6"
"2025-07-23","강남","42","0","42","0","0"
"2025-07-23","강남가","267","241","0","5","21"
"2025-07-23","강남나","118","103","0","6","9"
"2025-07-23","강동","411","358","32","5","16"
"2025-07-23","강북","183","171","5","4","3"
"2025-07-23","강서","585","529","26","15","15"
"2025-07-23","계양","9","0","9","0","0"
"2025-07-23","계양가","34","30","0","4","0"
"2025-07-23","계양나","33","33","0","0","0"
"2025-07-23","계양다","40","39","0","1","0"
"2025-07-23","계양라","39","38","0","1","0"
"2025-07-23","계양마","26","26","0","0","0"
"2025-07-23","관악","25","0","25","0","0"
"2025-07-23","관악가","630","620","0","5","5"
"2025-07-23","광명","241","219","9","3","10"
"2025-07-23","광진","414","376","26","7","5"
"2025-07-23","구로","308","278","17","5","8"
"2025-07-23","구리","160","145","8","4","3"
"2025-07-23","군포","200","182","11","3","4"
"2025-07-23","권선","276","249","15","3","9"
"2025-07-23","금천","238","228","7","0","3"
"2025-07-23","기흥","346","304","15","6","21"
"2025-07-23","김포","285","250","17","5","13"
"2025-07-23","남동구","314","303","0","4","7"
"2025-07-23","남양주","233","202","13","6","12"
"2025-07-23","노원","365","328","23","6","8"
"2025-07-23","단원","215","207","0","3","5"
"2025-07-23","대덕","36","35","0","0","1"
"2025-07-23","대전동구","120","115","0","2","3"
"2025-07-23","대전서구","340","317","0","9","14"
"2025-07-23","대전중구","108","101","0","4","3"
"2025-07-23","덕양","293","262","22","4","5"
"2025-07-23","도봉","239","214","18","5","2"
"2025-07-23","동구","33","32","0","0","1"
"2025-07-23","동대문","344","308","20","7","9"
"2025-07-23","동안","297","259","19","7","12"
"2025-07-23","동작","397","372","13","2","10"
"2025-07-23","마포","402","349","30","7","16"
"2025-07-23","만안","151","131","14","2","4"
"2025-07-23","미추홀","239","231","0","3","5"
"2025-07-23","부천","34","0","34","0","0"
"2025-07-23","부천가","269","260","0","5","4"
"2025-07-23","부천나","81","78","0","3","0"
"2025-07-23","부천다","221","207","0","3","11"
"2025-07-23","부평","401","370","18","7","6"
"2025-07-23","분당","389","334","22","10","23"
"2025-07-23","상록","180","176","0","2","2"
"2025-07-23","서구","489","471","0","5","13"
"2025-07-23","서대문","299","272","18","2","7"
"2025-07-23","서초","349","291","34","7","17"
"2025-07-23","성남","7","0","7","0","0"
"2025-07-23","성동","270","233","21","6","10"
"2025-07-23","성북","340","307","22","3","8"
"2025-07-23","송파","623","555","41","8","19"
"2025-07-23","수정","150","136","9","1","4"
"2025-07-23","수정가","20","20","0","0","0"
"2025-07-23","수지","307","254","24","5","24"
"2025-07-23","시흥남","199","195","0","0","4"
"2025-07-23","시흥북","67","65","0","0","2"
"2025-07-23","아산가","71","69","0","1","1"
"2025-07-23","아산나","105","98","0","2","5"
"2025-07-23","양천","278","249","20","4","5"
"2025-07-23","연수","298","278","0","8","12"
"2025-07-23","영등포","476","423","34","6","13"
"2025-07-23","영통","417","374","27","3","13"
"2025-07-23","용산","179","158","11","5","5"
"2025-07-23","유성","296","284","0","3","9"
"2025-07-23","은평","376","343","18","5","10"
"2025-07-23","의정부","371","334","21","4","12"
"2025-07-23","인천중구","15","14","0","0","1"
"2025-07-23","일산동구","234","203","11","3","17"
"2025-07-23","일산서구","217","189","17","2","9"
"2025-07-23","장안","196","178","10","4","4"
"2025-07-23","종로","152","136","5","3","8"
"2025-07-23","중구","156","119","19","9","9"
"2025-07-23","중랑","284","262","15","1","6"
"2025-07-23","중원","189","171","11","3","4"
"2025-07-23","천안","428","415","0","4","9"
"2025-07-23","팔달","199","177","14","4","4"
"2025-07-23","하남","16","0","16","0","0"
"2025-07-23","하남가","36","34","0","0","2"
"2025-07-23","하남나","61","58","0","1","2"
"2025-07-23","하남다","53","47","0","1","5"
"2025-07-23","하남라","41","39","1","1","0"
"2025-07-23","화성","28","0","28","0","0"
"2025-07-23","화성가","97","89","0","4","4"
"2025-07-23","화성나","255","240","0","2","13"
"2025-07-23","화성다","172","161","0","0","11"
"2025-07-24","강남","39","0","39","0","0"
"2025-07-24","강남가","351","305","0","15","31"
"2025-07-24","강남나","138","126","0","3","9"
"2025-07-24","강동","396","355","14","12","15"
"2025-07-24","강북","212","196","9","2","5"
"2025-07-24","강서","653","588","26","9","30"
"2025-07-24","계양","5","0","5","0","0"
"2025-07-24","계양가","26","25","0","0","1"
"2025-07-24","계양나","35","35","0","0","0"
"2025-07-24","계양다","39","39","0","0","0"
"2025-07-24","계양라","30","27","0","1","2"
"2025-07-24","계양마","22","22","0","0","0"
"2025-07-24","관악","25","0","25","0","0"
"2025-07-24","관악가","134","132","0","0","2"
"2025-07-24","관악나","61","59","0","0","2"
"2025-07-24","관악다","35","35","0","0","0"
"2025-07-24","관악라","46","46","0","0","0"
"2025-07-24","관악마","50","48","0","2","0"
"2025-07-24","관악바","64","63","0","0","1"
"2025-07-24","관악사","52","52","0","0","0"
"2025-07-24","관악아","23","23","0","0","0"
"2025-07-24","관악자","26","26","0","0","0"
"2025-07-24","관악차","58","53","0","3","2"
"2025-07-24","관악카","29","27","0","1","1"
"2025-07-24","광명","260","237","7","6","10"
"2025-07-24","광진","398","356","26","5","11"
"2025-07-24","구로","379","342","20","7","10"
"2025-07-24","구리","184","165","10","2","7"
"2025-07-24","군포","175","152","13","5","5"
"2025-07-24","권선","314","279","15","10","10"
"2025-07-24","금천","265","245","10","2","8"
"2025-07-24","기흥","316","263","24","8","21"
"2025-07-24","김포","299","256","18","5","20"
"2025-07-24","남동구","319","301","0","3","15"
"2025-07-24","남양주","250","220","13","5","12"
"2025-07-24","노원","388","330","34","7","17"
"2025-07-24","단원","202","193","0","4","5"
"2025-07-24","대덕","58","55","0","0","3"
"2025-07-24","대전동구","108","104","0","1","3"
"2025-07-24","대전서구","314","293","0","8","13"
"2025-07-24","대전중구","157","148","0","5","4"
"2025-07-24","덕양","287","254","16","3","14"
"2025-07-24","도봉","264","236","13","3","12"
"2025-07-24","동구","22","19","0","1","2"
"2025-07-24","동대문","379","344","17","7","11"
"2025-07-24","동안","313","281","10","10","12"
"2025-07-24","동작","453","418","16","5","14"
"2025-07-24","마포","399","345","28","7","19"
"2025-07-24","만안","173","157","10","1","5"
"2025-07-24","미추홀","263","256","0","2","5"
"2025-07-24","부천","23","0","23","0","0"
"2025-07-24","부천가","259","246","0","4","9"
"2025-07-24","부천나","116","114","0","0","2"
"2025-07-24","부천다","226","216","0","6","4"
"2025-07-24","부평","385","353","21","9","2"
"2025-07-24","분당","399","355","16","10","18"
"2025-07-24","상록","221","211","0","5","5"
"2025-07-24","서구","453","436","0","6","11"
"2025-07-24","서대문","301","272","12","4","13"
"2025-07-24","서초","378","312","30","10","26"
"2025-07-24","성남","3","0","3","0","0"
"2025-07-24","성동","285","253","16","5","11"
"2025-07-24","성북","391","349","21","6","15"
"2025-07-24","송파","690","605","39","16","30"
"2025-07-24","수정","196","179","6","4","7"
"2025-07-24","수정가","24","23","0","0","1"
"2025-07-24","수지","298","256","22","7","13"
"2025-07-24","시흥남","243","230","0","5","8"
"2025-07-24","시흥북","67","65","0","2","0"
"2025-07-24","아산가","81","77","0","3","1"
"2025-07-24","아산나","116","110","0","4","2"
"2025-07-24","양천","316","279","15","8","14"
"2025-07-24","연수","310","287","0","5","18"
"2025-07-24","영등포","475","434","26","4","11"
"2025-07-24","영통","395","351","24","6","14"
"2025-07-24","용산","196","178","9","1","8"
"2025-07-24","유성","281","256","0","4","21"
"2025-07-24","은평","403","368","17","8","10"
"2025-07-24","의정부","385","349","18","6","12"
"2025-07-24","인천중구","16","16","0","0","0"
"2025-07-24","일산동구","249","212","17","9","11"
"2025-07-24","일산서구","214","191","8","4","11"
"2025-07-24","장안","224","203","12","5","4"
"2025-07-24","종로","133","118","4","2","9"
"2025-07-24","중구","155","137","13","0","5"
"2025-07-24","중랑","339","309","14","6","10"
"2025-07-24","중원","175","157","11","1","6"
"2025-07-24","천안","460","440","0","6","14"
"2025-07-24","팔달","201","187","5","2","7"
"2025-07-24","하남","16","0","16","0","0"
"2025-07-24","하남가","39","34","0","3","2"
"2025-07-24","하남나","59","56","0","0","3"
"2025-07-24","하남다","59","56","1","1","1"
"2025-07-24","하남라","34","31","0","0","3"
"2025-07-24","화성","25","0","25","0","0"
"2025-07-24","화성가","114","107","0","3","4"
"2025-07-24","화성나","224","206","0","7","11"
"2025-07-24","화성다","194","180","0","4","10"
"2025-07-25","강남","43","2","41","0","0"
"2025-07-25","강남가","281","246","0","7","28"
"2025-07-25","강남나","130","113","0","2","15"
"2025-07-25","강동","423","385","17","5","16"
"2025-07-25","강북","219","200","10","2","7"
"2025-07-25","강서","586","545","21","2","18"
"2025-07-25","계양","13","0","13","0","0"
"2025-07-25","계양가","26","25","0","0","1"
"2025-07-25","계양나","33","33","0","0","0"
"2025-07-25","계양다","53","52","0","0","1"
"2025-07-25","계양라","40","38","0","1","1"
"2025-07-25","계양마","37","37","0","0","0"
"2025-07-25","관악","25","0","25","0","0"
"2025-07-25","관악가","70","69","0","1","0"
"2025-07-25","관악나","78","78","0","0","0"
"2025-07-25","관악다","59","59","0","0","0"
"2025-07-25","관악라","64","60","0","2","2"
"2025-07-25","관악마","59","58","0","1","0"
"2025-07-25","관악바","40","39","0","0","1"
"2025-07-25","관악사","60","60","0","0","0"
"2025-07-25","관악아","45","44","0","0","1"
"2025-07-25","관악자","52","52","0","0","0"
"2025-07-25","관악차","53","52","0","1","0"
"2025-07-25","관악카","37","37","0","0","0"
"2025-07-25","광명","223","205","10","0","8"
"2025-07-25","광진","399","379","13","1","6"
"2025-07-25","구로","351","325","14","4","8"
"2025-07-25","구리","152","137","9","1","5"
"2025-07-25","군포","219","201","14","1","3"
"2025-07-25","권선","320","294","15","1","10"
"2025-07-25","금천","228","215","7","1","5"
"2025-07-25","기흥","304","263","22","5","14"
"2025-07-25","김포","325","274","28","6","17"
"2025-07-25","남동구","329","315","0","4","10"
"2025-07-25","남양주","219","192","15","3","9"
"2025-07-25","노원","367","335","14","5","13"
"2025-07-25","단원","245","238","0","1","6"
"2025-07-25","대덕","51","51","0","0","0"
"2025-07-25","대전동구","117","114","0","1","2"
"2025-07-25","대전서구","333","327","0","3","3"
"2025-07-25","대전중구","134","128","0","5","1"
"2025-07-25","덕양","268","252","10","1","5"
"2025-07-25","도봉","187","171","9","1","6"
"2025-07-25","동구","21","19","0","2","0"
"2025-07-25","동대문","379","353","14","3","9"
"2025-07-25","동안","269","244","12","7","6"
"2025-07-25","동작","469","427","24","3","15"
"2025-07-25","마포","392","354","20","7","11"
"2025-07-25","만안","181","167","8","0","6"
"2025-07-25","미추홀","260","256","0","0","4"
"2025-07-25","부천","25","0","25","0","0"
"2025-07-25","부천가","273","265","0","0","8"
"2025-07-25","부천나","111","108","0","0","3"
"2025-07-25","부천다","220","212","0","3","5"
"2025-07-25","부평","371","338","16","5","12"
"2025-07-25","분당","436","381","25","10","20"
"2025-07-25","상록","211","204","0","2","5"
"2025-07-25","서구","508","487","0","5","16"
"2025-07-25","서대문","321","287","22","4","8"
"2025-07-25","서초","323","279","19","8","17"
"2025-07-25","성남","5","0","5","0","0"
"2025-07-25","성동","271","238","17","4","12"
"2025-07-25","성북","377","339","14","4","20"
"2025-07-25","송파","628","562","34","8","24"
"2025-07-25","수정","156","149","3","2","2"
"2025-07-25","수정가","25","23","0","0","2"
"2025-07-25","수지","291","256","17","2","16"
"2025-07-25","시흥남","228","221","0","3","4"
"2025-07-25","시흥북","52","51","0","0","1"
"2025-07-25","아산가","68","65","0","2","1"
"2025-07-25","아산나","107","102","0","4","1"
"2025-07-25","양천","315","288","17","1","9"
"2025-07-25","연수","277","258","0","5","14"
"2025-07-25","영등포","439","402","22","5","10"
"2025-07-25","영통","405","369","14","5","17"
"2025-07-25","용산","178","152","15","2","9"
"2025-07-25","유성","271","258","0","6","7"
"2025-07-25","은평","417","384","20","5","8"
"2025-07-25","의정부","347","320","14","3","10"
"2025-07-25","인천중구","9","9","0","0","0"
"2025-07-25","일산동구","248","209","22","6","11"
"2025-07-25","일산서구","209","181","12","5","11"
"2025-07-25","장안","225","203","14","2","6"
"2025-07-25","종로","141","133","5","0","3"
"2025-07-25","중구","165","137","16","2","10"
"2025-07-25","중랑","340","323","12","2","3"
"2025-07-25","중원","193","178","9","4","2"
"2025-07-25","천안","443","426","0","7","10"
"2025-07-25","팔달","201","179","14","4","4"
"2025-07-25","하남","29","0","29","0","0"
"2025-07-25","하남가","43","41","0","1","1"
"2025-07-25","하남나","70","66","0","1","3"
"2025-07-25","하남다","48","46","0","2","0"
"2025-07-25","하남라","48","45","0","0","3"
"2025-07-25","화성","38","0","38","0","0"
"2025-07-25","화성가","109","107","0","0","2"
"2025-07-25","화성나","202","187","0","4","11"
"2025-07-25","화성다","154","145","0","1","8"
"2025-07-26","강남","10","0","10","0","0"
"2025-07-26","강남가","226","226","0","0","0"
"2025-07-26","강남나","82","82","0","0","0"
"2025-07-26","강동","281","275","6","0","0"
"2025-07-26","강북","117","113","4","0","0"
"2025-07-26","강서","380","375","5","0","0"
"2025-07-26","계양","1","0","1","0","0"
"2025-07-26","계양가","25","25","0","0","0"
"2025-07-26","계양나","21","21","0","0","0"
"2025-07-26","계양다","45","45","0","0","0"
"2025-07-26","계양라","29","29","0","0","0"
"2025-07-26","계양마","20","20","0","0","0"
"2025-07-26","관악","6","0","6","0","0"
"2025-07-26","관악가","46","46","0","0","0"
"2025-07-26","관악나","77","77","0","0","0"
"2025-07-26","관악다","31","31","0","0","0"
"2025-07-26","관악라","20","20","0","0","0"
"2025-07-26","관악마","34","34","0","0","0"
"2025-07-26","관악바","21","21","0","0","0"
"2025-07-26","관악사","32","32","0","0","0"
"2025-07-26","관악아","20","20","0","0","0"
"2025-07-26","관악자","37","37","0","0","0"
"2025-07-26","관악차","23","23","0","0","0"
"2025-07-26","관악카","31","31","0","0","0"
"2025-07-26","광명","164","160","4","0","0"
"2025-07-26","광진","240","238","2","0","0"
"2025-07-26","구로","213","212","1","0","0"
"2025-07-26","구리","115","111","4","0","0"
"2025-07-26","군포","130","128","2","0","0"
"2025-07-26","권선","194","187","7","0","0"
"2025-07-26","금천","147","145","2","0","0"
"2025-07-26","기흥","247","235","12","0","0"
"2025-07-26","김포","205","192","13","0","0"
"2025-07-26","남동구","227","227","0","0","0"
"2025-07-26","남양주","160","157","3","0","0"
"2025-07-26","노원","259","252","7","0","0"
"2025-07-26","단원","134","134","0","0","0"
"2025-07-26","대덕","25","25","0","0","0"
"2025-07-26","대전동구","91","91","0","0","0"
"2025-07-26","대전서구","246","246","0","0","0"
"2025-07-26","대전중구","95","95","0","0","0"
"2025-07-26","덕양","212","208","4","0","0"
"2025-07-26","도봉","157","154","3","0","0"
"2025-07-26","동구","19","19","0","0","0"
"2025-07-26","동대문","229","226","3","0","0"
"2025-07-26","동안","216","211","5","0","0"
"2025-07-26","동작","280","278","2","0","0"
"2025-07-26","마포","256","251","5","0","0"
"2025-07-26","만안","118","116","2","0","0"
"2025-07-26","미추홀","207","207","0","0","0"
"2025-07-26","부천","16","0","16","0","0"
"2025-07-26","부천가","207","207","0","0","0"
"2025-07-26","부천나","57","57","0","0","0"
"2025-07-26","부천다","154","154","0","0","0"
"2025-07-26","부평","263","255","8","0","0"
"2025-07-26","분당","283","275","8","0","0"
"2025-07-26","상록","154","154","0","0","0"
"2025-07-26","서구","364","364","0","0","0"
"2025-07-26","서대문","227","221","6","0","0"
"2025-07-26","서초","228","226","2","0","0"
"2025-07-26","성남","1","0","1","0","0"
"2025-07-26","성동","190","187","3","0","0"
"2025-07-26","성북","295","287","8","0","0"
"2025-07-26","송파","376","369","7","0","0"
"2025-07-26","수정","96","93","3","0","0"
"2025-07-26","수정가","13","13","0","0","0"
"2025-07-26","수지","229","217","12","0","0"
"2025-07-26","시흥남","146","146","0","0","0"
"2025-07-26","시흥북","53","53","0","0","0"
"2025-07-26","아산가","62","62","0","0","0"
"2025-07-26","아산나","60","60","0","0","0"
"2025-07-26","양천","205","198","7","0","0"
"2025-07-26","연수","206","206","0","0","0"
"2025-07-26","영등포","279","272","7","0","0"
"2025-07-26","영통","228","224","4","0","0"
"2025-07-26","용산","109","106","3","0","0"
"2025-07-26","유성","203","203","0","0","0"
"2025-07-26","은평","239","234","5","0","0"
"2025-07-26","의정부","242","239","3","0","0"
"2025-07-26","인천중구","21","21","0","0","0"
"2025-07-26","일산동구","166","163","3","0","0"
"2025-07-26","일산서구","142","140","2","0","0"
"2025-07-26","장안","155","153","2","0","0"
"2025-07-26","종로","64","63","1","0","0"
"2025-07-26","중구","78","78","0","0","0"
"2025-07-26","중랑","219","216","3","0","0"
"2025-07-26","중원","86","84","2","0","0"
"2025-07-26","천안","311","311","0","0","0"
"2025-07-26","팔달","122","120","2","0","0"
"2025-07-26","하남","8","0","8","0","0"
"2025-07-26","하남가","28","28","0","0","0"
"2025-07-26","하남나","33","33","0","0","0"
"2025-07-26","하남다","43","43","0","0","0"
"2025-07-26","하남라","25","25","0","0","0"
"2025-07-26","화성","4","0","4","0","0"
"2025-07-26","화성가","63","63","0","0","0"
"2025-07-26","화성나","159","159","0","0","0"
"2025-07-26","화성다","111","111","0","0","0"
"2025-07-27","강남가","183","183","0","0","0"
"2025-07-27","강남나","66","66","0","0","0"
"2025-07-27","강동","245","245","0","0","0"
"2025-07-27","강북","111","111","0","0","0"
"2025-07-27","강서","328","328","0","0","0"
"2025-07-27","계양가","18","18","0","0","0"
"2025-07-27","계양나","24","24","0","0","0"
"2025-07-27","계양다","25","25","0","0","0"
"2025-07-27","계양라","25","25","0","0","0"
"2025-07-27","계양마","19","19","0","0","0"
"2025-07-27","관악가","41","41","0","0","0"
"2025-07-27","관악나","59","59","0","0","0"
"2025-07-27","관악다","35","35","0","0","0"
"2025-07-27","관악라","28","28","0","0","0"
"2025-07-27","관악마","34","34","0","0","0"
"2025-07-27","관악바","44","44","0","0","0"
"2025-07-27","관악사","42","42","0","0","0"
"2025-07-27","관악아","25","25","0","0","0"
"2025-07-27","관악자","26","26","0","0","0"
"2025-07-27","관악차","29","29","0","0","0"
"2025-07-27","관악카","38","38","0","0","0"
"2025-07-27","광명","154","154","0","0","0"
"2025-07-27","광진","238","238","0","0","0"
"2025-07-27","구로","223","223","0","0","0"
"2025-07-27","구리","110","110","0","0","0"
"2025-07-27","군포","121","121","0","0","0"
"2025-07-27","권선","181","181","0","0","0"
"2025-07-27","금천","132","132","0","0","0"
"2025-07-27","기흥","189","189","0","0","0"
"2025-07-27","김포","182","182","0","0","0"
"2025-07-27","남동구","198","198","0","0","0"
"2025-07-27","남양주","138","138","0","0","0"
"2025-07-27","노원","242","242","0","0","0"
"2025-07-27","단원","102","102","0","0","0"
"2025-07-27","대덕","28","28","0","0","0"
"2025-07-27","대전동구","63","63","0","0","0"
"2025-07-27","대전서구","177","177","0","0","0"
"2025-07-27","대전중구","80","80","0","0","0"
"2025-07-27","덕양","191","191","0","0","0"
"2025-07-27","도봉","125","125","0","0","0"
"2025-07-27","동구","16","16","0","0","0"
"2025-07-27","동대문","266","266","0","0","0"
"2025-07-27","동안","199","199","0","0","0"
"2025-07-27","동작","274","274","0","0","0"
"2025-07-27","마포","223","223","0","0","0"
"2025-07-27","만안","113","113","0","0","0"
"2025-07-27","미추홀","185","185","0","0","0"
"2025-07-27","부천가","198","198","0","0","0"
"2025-07-27","부천나","71","71","0","0","0"
"2025-07-27","부천다","127","127","0","0","0"
"2025-07-27","부평","268","268","0","0","0"
"2025-07-27","분당","232","232","0","0","0"
"2025-07-27","상록","129","129","0","0","0"
"2025-07-27","서구","311","311","0","0","0"
"2025-07-27","서대문","210","210","0","0","0"
"2025-07-27","서초","213","213","0","0","0"
"2025-07-27","성동","166","166","0","0","0"
"2025-07-27","성북","271","271","0","0","0"
"2025-07-27","송파","355","355","0","0","0"
"2025-07-27","수정","103","103","0","0","0"
"2025-07-27","수정가","14","14","0","0","0"
"2025-07-27","수지","197","197","0","0","0"
"2025-07-27","시흥남","147","147","0","0","0"
"2025-07-27","시흥북","42","42","0","0","0"
"2025-07-27","아산가","57","57","0","0","0"
"2025-07-27","아산나","74","74","0","0","0"
"2025-07-27","양천","197","197","0","0","0"
"2025-07-27","연수","194","194","0","0","0"
"2025-07-27","영등포","282","282","0","0","0"
"2025-07-27","영통","223","223","0","0","0"
"2025-07-27","용산","108","108","0","0","0"
"2025-07-27","유성","180","180","0","0","0"
"2025-07-27","은평","219","219","0","0","0"
"2025-07-27","의정부","224","224","0","0","0"
"2025-07-27","인천중구","12","12","0","0","0"
"2025-07-27","일산동구","166","166","0","0","0"
"2025-07-27","일산서구","132","132","0","0","0"
"2025-07-27","장안","112","112","0","0","0"
"2025-07-27","종로","81","81","0","0","0"
"2025-07-27","중구","73","73","0","0","0"
"2025-07-27","중랑","176","176","0","0","0"
"2025-07-27","중원","93","93","0","0","0"
"2025-07-27","천안","270","270","0","0","0"
"2025-07-27","팔달","117","117","0","0","0"
"2025-07-27","하남가","26","26","0","0","0"
"2025-07-27","하남나","48","48","0","0","0"
"2025-07-27","하남다","41","41","0","0","0"
"2025-07-27","하남라","22","22","0","0","0"
"2025-07-27","화성가","48","48","0","0","0"
"2025-07-27","화성나","149","149","0","0","0"
"2025-07-27","화성다","115","115","0","0","0"
"2025-07-28","강남","91","0","91","0","0"
"2025-07-28","강남가","290","220","0","18","52"
"2025-07-28","강남나","126","107","0","5","14"
"2025-07-28","강동","387","306","47","13","21"
"2025-07-28","강북","213","175","21","4","13"
"2025-07-28","강서","562","445","70","16","31"
"2025-07-28","계양","16","0","16","0","0"
"2025-07-28","계양가","33","31","0","0","2"
"2025-07-28","계양나","29","28","0","0","1"
"2025-07-28","계양다","53","50","0","1","2"
"2025-07-28","계양라","28","27","0","0","1"
"2025-07-28","계양마","34","30","0","2","2"
"2025-07-28","관악","64","0","64","0","0"
"2025-07-28","관악가","56","54","0","0","2"
"2025-07-28","관악나","66","60","0","4","2"
"2025-07-28","관악다","41","39","0","0","2"
"2025-07-28","관악라","33","31","0","2","0"
"2025-07-28","관악마","58","55","0","2","1"
"2025-07-28","관악바","41","40","0","0","1"
"2025-07-28","관악사","55","53","0","0","2"
"2025-07-28","관악아","27","26","0","0","1"
"2025-07-28","관악자","40","38","0","1","1"
"2025-07-28","관악차","41","40","0","0","1"
"2025-07-28","관악카","27","26","0","0","1"
"2025-07-28","광명","198","160","23","5","10"
"2025-07-28","광진","359","292","42","7","18"
"2025-07-28","구로","311","258","32","11","10"
"2025-07-28","구리","153","116","23","2","12"
"2025-07-28","군포","196","159","20","4","13"
"2025-07-28","권선","305","244","39","13","9"
"2025-07-28","금천","222","183","25","0","14"
"2025-07-28","기흥","340","264","45","5","26"
"2025-07-28","김포","287","225","29","6","27"
"2025-07-28","남동구","270","257","0","3","10"
"2025-07-28","남양주","257","190","31","10","26"
"2025-07-28","노원","327","258","45","9","15"
"2025-07-28","단원","179","169","0","2","8"
"2025-07-28","대덕","46","42","0","2","2"
"2025-07-28","대전동구","117","104","0","3","10"
"2025-07-28","대전서구","313","282","0","5","26"
"2025-07-28","대전중구","119","103","0","2","14"
"2025-07-28","덕양","257","198","35","13","11"
"2025-07-28","도봉","223","180","25","5","13"
"2025-07-28","동구","30","30","0","0","0"
"2025-07-28","동대문","368","304","37","13","14"
"2025-07-28","동안","304","251","29","5","19"
"2025-07-28","동작","363","285","42","7","29"
"2025-07-28","마포","391","305","44","11","31"
"2025-07-28","만안","165","128","26","5","6"
"2025-07-28","미추홀","255","234","0","5","16"
"2025-07-28","부천","65","0","65","0","0"
"2025-07-28","부천가","235","215","0","5","15"
"2025-07-28","부천나","104","99","0","2","3"
"2025-07-28","부천다","213","193","0","7","13"
"2025-07-28","부평","406","328","51","11","16"
"2025-07-28","분당","448","336","45","19","48"
"2025-07-28","상록","154","139","0","4","11"
"2025-07-28","서구","411","383","0","12","16"
"2025-07-28","서대문","286","228","30","8","20"
"2025-07-28","서초","369","241","68","17","43"
"2025-07-28","성남","10","0","10","0","0"
"2025-07-28","성동","288","218","42","7","21"
"2025-07-28","성북","392","305","44","16","27"
"2025-07-28","송파","643","474","83","21","65"
"2025-07-28","수정","168","141","16","4","7"
"2025-07-28","수정가","11","10","0","1","0"
"2025-07-28","수지","347","248","52","12","35"
"2025-07-28","시흥남","203","196","0","3","4"
"2025-07-28","시흥북","75","71","0","1","3"
"2025-07-28","아산가","77","71","0","2","4"
"2025-07-28","아산나","97","83","0","7","7"
"2025-07-28","양천","289","205","48","10","26"
"2025-07-28","연수","300","266","0","15","19"
"2025-07-28","영등포","464","362","52","14","36"
"2025-07-28","영통","403","335","41","5","22"
"2025-07-28","용산","197","126","42","9","20"
"2025-07-28","유성","281","241","0","16","24"
"2025-07-28","은평","360","302","34","7","17"
"2025-07-28","의정부","347","285","41","2","19"
"2025-07-28","인천중구","21","19","0","2","0"
"2025-07-28","일산동구","232","185","29","5","13"
"2025-07-28","일산서구","226","179","30","9","8"
"2025-07-28","장안","212","167","29","6","10"
"2025-07-28","종로","145","117","16","4","8"
"2025-07-28","중구","153","109","28","2","14"
"2025-07-28","중랑","299","253","30","5","11"
"2025-07-28","중원","152","121","16","3","12"
"2025-07-28","천안","439","404","0","17","18"
"2025-07-28","팔달","190","149","29","5","7"
"2025-07-28","하남","43","0","43","0","0"
"2025-07-28","하남가","37","29","0","2","6"
"2025-07-28","하남나","63","59","0","0","4"
"2025-07-28","하남다","44","37","0","2","5"
"2025-07-28","하남라","46","39","0","2","5"
"2025-07-28","화성","59","0","59","0","0"
"2025-07-28","화성가","106","97","0","5","4"
"2025-07-28","화성나","167","148","0","8","11"
"2025-07-28","화성다","163","139","0","9","15"
"2025-07-29","강남","38","0","38","0","0"
"2025-07-29","강남가","291","246","0","20","25"
"2025-07-29","강남나","136","110","0","16","10"
"2025-07-29","강동","424","354","20","30","20"
"2025-07-29","강북","213","190","11","5","7"
"2025-07-29","강서","608","529","34","25","20"
"2025-07-29","계양","10","0","10","0","0"
"2025-07-29","계양가","26","24","0","1","1"
"2025-07-29","계양나","43","41","0","1","1"
"2025-07-29","계양다","56","51","0","4","1"
"2025-07-29","계양라","34","31","0","1","2"
"2025-07-29","계양마","22","20","0","2","0"
"2025-07-29","관악","24","0","24","0","0"
"2025-07-29","관악가","71","69","0","1","1"
"2025-07-29","관악나","88","86","0","2","0"
"2025-07-29","관악다","50","45","0","4","1"
"2025-07-29","관악라","59","54","0","4","1"
"2025-07-29","관악마","75","69","0","5","1"
"2025-07-29","관악바","35","34","0","1","0"
"2025-07-29","관악사","49","47","0","2","0"
"2025-07-29","관악아","25","23","0","0","2"
"2025-07-29","관악자","43","41","0","1","1"
"2025-07-29","관악차","38","37","0","1","0"
"2025-07-29","관악카","42","38","0","2","2"
"2025-07-29","광명","261","227","13","10","11"
"2025-07-29","광진","369","326","16","14","13"
"2025-07-29","구로","309","259","20","21","9"
"2025-07-29","구리","163","137","11","10","5"
"2025-07-29","군포","179","162","4","12","1"
"2025-07-29","권선","287","249","18","15","5"
"2025-07-29","금천","219","195","13","7","4"
"2025-07-29","기흥","293","237","27","19","10"
"2025-07-29","김포","295","238","27","20","10"
"2025-07-29","남동구","311","292","0","10","9"
"2025-07-29","남양주","232","193","19","11","9"
"2025-07-29","노원","356","311","18","15","12"
"2025-07-29","단원","217","200","0","11","6"
"2025-07-29","대덕","55","51","0","1","3"
"2025-07-29","대전동구","110","99","0","7","4"
"2025-07-29","대전서구","320","285","0","24","11"
"2025-07-29","대전중구","126","120","0","2","4"
"2025-07-29","덕양","235","204","13","13","5"
"2025-07-29","도봉","176","147","10","17","2"
"2025-07-29","동구","20","18","0","0","2"
"2025-07-29","동대문","352","303","21","18","10"
"2025-07-29","동안","322","263","21","18","20"
"2025-07-29","동작","389","341","21","19","8"
"2025-07-29","마포","427","366","17","30","14"
"2025-07-29","만안","172","148","10","9","5"
"2025-07-29","미추홀","242","225","0","15","2"
"2025-07-29","부천","25","0","25","0","0"
"2025-07-29","부천가","278","256","0","14","8"
"2025-07-29","부천나","90","83","0","7","0"
"2025-07-29","부천다","228","205","0","14","9"
"2025-07-29","부평","415","370","19","17","9"
"2025-07-29","분당","392","310","21","38","23"
"2025-07-29","상록","176","159","0","6","11"
"2025-07-29","서구","486","446","0","26","14"
"2025-07-29","서대문","326","280","19","20","7"
"2025-07-29","서초","338","251","24","25","38"
"2025-07-29","성남","10","0","10","0","0"
"2025-07-29","성동","255","209","18","21","7"
"2025-07-29","성북","371","319","20","22","10"
"2025-07-29","송파","554","460","31","40","23"
"2025-07-29","수정","143","124","11","6","2"
"2025-07-29","수정가","23","23","0","0","0"
"2025-07-29","수지","302","243","10","25","24"
"2025-07-29","시흥남","225","203","0","14","8"
"2025-07-29","시흥북","61","50","0","8","3"
"2025-07-29","아산가","48","42","0","3","3"
"2025-07-29","아산나","83","77","0","5","1"
"2025-07-29","양천","313","258","24","17","14"
"2025-07-29","연수","289","258","0","21","10"
"2025-07-29","영등포","500","438","22","27","13"
"2025-07-29","영통","381","331","20","19","11"
"2025-07-29","용산","183","147","15","7","14"
"2025-07-29","유성","280","245","0","23","12"
"2025-07-29","은평","379","323","30","17","9"
"2025-07-29","의정부","383","335","15","18","15"
"2025-07-29","인천중구","18","18","0","0","0"
"2025-07-29","일산동구","235","196","9","15","15"
"2025-07-29","일산서구","220","180","19","12","9"
"2025-07-29","장안","233","200","16","12","5"
"2025-07-29","종로","136","111","8","7","10"
"2025-07-29","중구","167","133","14","14","6"
"2025-07-29","중랑","299","242","29","20","8"
"2025-07-29","중원","171","142","11","11","7"
"2025-07-29","천안","422","378","0","29","15"
"2025-07-29","팔달","199","172","8","16","3"
"2025-07-29","하남","25","0","25","0","0"
"2025-07-29","하남가","41","35","0","2","4"
"2025-07-29","하남나","55","54","0","1","0"
"2025-07-29","하남다","57","51","0","4","2"
"2025-07-29","하남라","38","32","0","6","0"
"2025-07-29","화성","35","0","35","0","0"
"2025-07-29","화성가","88","82","0","5","1"
"2025-07-29","화성나","179","162","0","9","8"
"2025-07-29","화성다","176","154","0","12","10"
"2025-07-30","강남","44","0","44","0","0"
"2025-07-30","강남가","344","286","0","20","38"
"2025-07-30","강남나","136","119","0","9","8"
"2025-07-30","강동","448","393","23","11","21"
"2025-07-30","강북","230","208","6","10","6"
"2025-07-30","강서","634","569","27","21","17"
"2025-07-30","계양","11","0","11","0","0"
"2025-07-30","계양가","27","22","0","1","4"
"2025-07-30","계양나","41","39","0","2","0"
"2025-07-30","계양다","49","47","0","2","0"
"2025-07-30","계양라","38","36","0","2","0"
"2025-07-30","계양마","30","30","0","0","0"
"2025-07-30","관악","24","0","24","0","0"
"2025-07-30","관악가","81","75","0","6","0"
"2025-07-30","관악나","85","83","0","1","1"
"2025-07-30","관악다","41","40","0","0","1"
"2025-07-30","관악라","72","66","0","6","0"
"2025-07-30","관악마","63","55","0","5","3"
"2025-07-30","관악바","37","37","0","0","0"
"2025-07-30","관악사","56","55","0","1","0"
"2025-07-30","관악아","25","25","0","0","0"
"2025-07-30","관악자","53","52","0","0","1"
"2025-07-30","관악차","65","61","0","4","0"
"2025-07-30","관악카","49","47","0","2","0"
"2025-07-30","광명","249","220","14","8","7"
"2025-07-30","광진","421","375","15","15","16"
"2025-07-30","구로","381","327","27","17","10"
"2025-07-30","구리","151","136","4","6","5"
"2025-07-30","군포","202","176","10","9","7"
"2025-07-30","권선","286","254","16","5","11"
"2025-07-30","금천","252","230","8","8","6"
"2025-07-30","기흥","314","251","21","23","19"
"2025-07-30","김포","288","241","23","17","7"
"2025-07-30","남동구","297","272","0","13","12"
"2025-07-30","남양주","237","206","10","8","13"
"2025-07-30","노원","338","289","16","23","10"
"2025-07-30","단원","219","210","0","6","3"
"2025-07-30","대덕","62","61","0","1","0"
"2025-07-30","대전동구","132","114","0","10","8"
"2025-07-30","대전서구","328","302","0","18","8"
"2025-07-30","대전중구","112","106","0","4","2"
"2025-07-30","덕양","267","234","12","10","11"
"2025-07-30","도봉","243","221","11","6","5"
"2025-07-30","동구","29","28","0","0","1"
"2025-07-30","동대문","394","343","26","15","10"
"2025-07-30","동안","239","201","15","13","10"
"2025-07-30","동작","438","390","22","15","11"
"2025-07-30","마포","414","365","20","13","16"
"2025-07-30","만안","190","167","12","7","4"
"2025-07-30","미추홀","292","270","0","9","13"
"2025-07-30","부천","37","0","37","0","0"
"2025-07-30","부천가","244","232","0","7","5"
"2025-07-30","부천나","96","88","1","5","2"
"2025-07-30","부천다","228","212","0","9","7"
"2025-07-30","부평","372","328","17","20","7"
"2025-07-30","분당","391","310","20","27","34"
"2025-07-30","상록","188","176","0","6","6"
"2025-07-30","서구","498","454","0","24","20"
"2025-07-30","서대문","340","305","18","7","10"
"2025-07-30","서초","379","302","23","23","31"
"2025-07-30","성남","2","0","2","0","0"
"2025-07-30","성동","281","248","12","11","10"
"2025-07-30","성북","411","350","22","22","17"
"2025-07-30","송파","698","593","28","40","37"
"2025-07-30","수정","157","141","9","7","0"
"2025-07-30","수정가","19","16","0","2","1"
"2025-07-30","수지","280","219","17","16","28"
"2025-07-30","시흥남","221","199","0","12","10"
"2025-07-30","시흥북","73","68","0","2","3"
"2025-07-30","아산가","73","69","0","4","0"
"2025-07-30","아산나","106","95","0","8","3"
"2025-07-30","양천","336","276","20","18","22"
"2025-07-30","연수","273","237","0","19","17"
"2025-07-30","영등포","471","407","22","19","23"
"2025-07-30","영통","412","350","19","24","19"
"2025-07-30","용산","225","200","11","6","8"
"2025-07-30","유성","297","268","0","12","17"
"2025-07-30","은평","385","347","14","16","8"
"2025-07-30","의정부","357","321","11","7","18"
"2025-07-30","인천중구","15","14","0","1","0"
"2025-07-30","일산동구","268","224","14","16","14"
"2025-07-30","일산서구","189","154","12","13","10"
"2025-07-30","장안","217","189","9","7","12"
"2025-07-30","종로","131","110","13","5","3"
"2025-07-30","중구","163","129","13","10","11"
"2025-07-30","중랑","319","281","14","11","13"
"2025-07-30","중원","192","167","8","8","9"
"2025-07-30","천안","390","348","0","16","26"
"2025-07-30","팔달","174","152","5","7","10"
"2025-07-30","하남","20","0","20","0","0"
"2025-07-30","하남가","37","32","0","3","2"
"2025-07-30","하남나","67","67","0","0","0"
"2025-07-30","하남다","57","52","0","0","5"
"2025-07-30","하남라","36","32","0","1","3"
"2025-07-30","화성","29","0","29","0","0"
"2025-07-30","화성가","115","101","0","6","8"
"2025-07-30","화성나","203","180","0","6","17"
"2025-07-30","화성다","181","159","0","11","11"
"2025-07-31","강남","42","0","42","0","0"
"2025-07-31","강남가","330","287","0","15","28"
"2025-07-31","강남나","143","124","0","10","9"
"2025-07-31","강동","403","363","14","11","15"
"2025-07-31","강북","211","190","11","4","6"
"2025-07-31","강서","671","606","28","15","22"
"2025-07-31","계양","10","0","10","0","0"
"2025-07-31","계양가","27","25","0","1","1"
"2025-07-31","계양나","32","32","0","0","0"
"2025-07-31","계양다","40","37","0","2","1"
"2025-07-31","계양라","32","32","0","0","0"
"2025-07-31","계양마","41","39","0","1","1"
"2025-07-31","관악","23","0","23","0","0"
"2025-07-31","관악가","76","71","0","1","4"
"2025-07-31","관악나","92","92","0","0","0"
"2025-07-31","관악다","54","50","0","1","3"
"2025-07-31","관악라","51","45","0","4","2"
"2025-07-31","관악마","71","68","0","1","2"
"2025-07-31","관악바","42","42","0","0","0"
"2025-07-31","관악사","58","55","0","3","0"
"2025-07-31","관악아","48","48","0","0","0"
"2025-07-31","관악자","61","60","0","1","0"
"2025-07-31","관악차","56","54","0","1","1"
"2025-07-31","관악카","60","55","0","2","3"
"2025-07-31","광명","228","202","8","5","13"
"2025-07-31","광진","391","358","16","10","7"
"2025-07-31","구로","339","303","11","12","13"
"2025-07-31","구리","169","152","8","2","7"
"2025-07-31","군포","242","209","13","12","8"
"2025-07-31","권선","307","277","16","8","6"
"2025-07-31","금천","237","207","18","5","7"
"2025-07-31","기흥","342","295","22","10","15"
"2025-07-31","김포","286","238","20","17","11"
"2025-07-31","남동구","306","290","0","9","7"
"2025-07-31","남양주","233","202","9","12","10"
"2025-07-31","노원","372","329","16","13","14"
"2025-07-31","단원","194","177","0","7","10"
"2025-07-31","대덕","57","55","0","1","1"
"2025-07-31","대전동구","118","113","0","4","1"
"2025-07-31","대전서구","287","261","0","16","10"
"2025-07-31","대전중구","118","113","0","3","2"
"2025-07-31","덕양","284","261","5","10","8"
"2025-07-31","도봉","241","216","13","5","7"
"2025-07-31","동구","22","22","0","0","0"
"2025-07-31","동대문","418","360","27","18","13"
"2025-07-31","동안","304","266","16","11","11"
"2025-07-31","동작","436","401","14","12","9"
"2025-07-31","마포","440","397","18","10","15"
"2025-07-31","만안","178","157","7","9","5"
"2025-07-31","미추홀","269","259","0","4","6"
"2025-07-31","부천","33","0","33","0","0"
"2025-07-31","부천가","285","268","0","9","8"
"2025-07-31","부천나","115","112","0","1","2"
"2025-07-31","부천다","198","190","0","7","1"
"2025-07-31","부평","357","321","21","6","9"
"2025-07-31","분당","417","346","20","24","27"
"2025-07-31","상록","205","192","0","6","7"
"2025-07-31","서구","475","445","0","14","16"
"2025-07-31","서대문","312","276","16","10","10"
"2025-07-31","서초","344","267","24","23","30"
"2025-07-31","성남","8","0","8","0","0"
"2025-07-31","성동","294","252","24","8","10"
"2025-07-31","성북","404","368","12","13","11"
"2025-07-31","송파","686","586","41","26","33"
"2025-07-31","수정","149","132","6","7","4"
"2025-07-31","수정가","12","11","0","0","1"
"2025-07-31","수지","312","262","26","14","10"
"2025-07-31","시흥남","224","213","0","7","4"
"2025-07-31","시흥북","73","72","0","0","1"
"2025-07-31","아산가","71","65","0","4","2"
"2025-07-31","아산나","111","103","0","4","4"
"2025-07-31","양천","317","270","18","10","19"
"2025-07-31","연수","293","266","0","16","11"
"2025-07-31","영등포","511","460","21","15","15"
"2025-07-31","영통","421","367","28","13","13"
"2025-07-31","용산","243","203","17","10","13"
"2025-07-31","유성","299","280","0","12","7"
"2025-07-31","은평","386","349","11","19","7"
"2025-07-31","의정부","364","330","18","8","8"
"2025-07-31","인천중구","15","14","0","0","1"
"2025-07-31","일산동구","259","216","21","11","11"
"2025-07-31","일산서구","249","222","11","6","10"
"2025-07-31","장안","216","188","11","7","10"
"2025-07-31","종로","148","135","5","6","2"
"2025-07-31","중구","152","134","9","4","5"
"2025-07-31","중랑","347","309","10","16","12"
"2025-07-31","중원","196","175","8","8","5"
"2025-07-31","천안","412","379","0","19","14"
"2025-07-31","팔달","215","196","8","5","6"
"2025-07-31","하남","18","0","18","0","0"
"2025-07-31","하남가","36","31","0","3","2"
"2025-07-31","하남나","61","58","0","1","2"
"2025-07-31","하남다","62","55","0","5","2"
"2025-07-31","하남라","52","48","0","2","2"
"2025-07-31","화성","27","0","27","0","0"
"2025-07-31","화성가","114","106","0","5","3"
"2025-07-31","화성나","217","196","0","13","8"
"2025-07-31","화성다","177","161","0","11","5"
"2025-08-01","강남가","235","233","0","0","2"
"2025-08-01","강남나","101","99","0","1","1"
"2025-08-01","강동","320","318","0","0","2"
"2025-08-01","강북","162","162","0","0","0"
"2025-08-01","강서","491","490","0","0","1"
"2025-08-01","계양가","24","24","0","0","0"
"2025-08-01","계양나","28","28","0","0","0"
"2025-08-01","계양다","34","34","0","0","0"
"2025-08-01","계양라","29","28","0","0","1"
"2025-08-01","계양마","16","16","0","0","0"
"2025-08-01","관악가","75","75","0","0","0"
"2025-08-01","관악나","95","95","0","0","0"
"2025-08-01","관악다","31","31","0","0","0"
"2025-08-01","관악라","65","65","0","0","0"
"2025-08-01","관악마","82","82","0","0","0"
"2025-08-01","관악바","31","31","0","0","0"
"2025-08-01","관악사","40","40","0","0","0"
"2025-08-01","관악아","20","20","0","0","0"
"2025-08-01","관악자","53","53","0","0","0"
"2025-08-01","관악차","49","48","0","0","1"
"2025-08-01","관악카","52","52","0","0","0"
"2025-08-01","광명","177","176","0","0","1"
"2025-08-01","광진","323","321","0","0","2"
"2025-08-01","구로","295","295","0","0","0"
"2025-08-01","구리","130","130","0","0","0"
"2025-08-01","군포","160","160","0","0","0"
"2025-08-01","권선","250","249","0","0","1"
"2025-08-01","금천","186","186","0","0","0"
"2025-08-01","기흥","216","215","0","0","1"
"2025-08-01","김포","223","221","0","0","2"
"2025-08-01","남동구","270","269","0","0","1"
"2025-08-01","남양주","162","161","0","0","1"
"2025-08-01","노원","297","297","0","0","0"
"2025-08-01","단원","177","177","0","0","0"
"2025-08-01","대덕","47","47","0","0","0"
"2025-08-01","대전동구","98","98","0","0","0"
"2025-08-01","대전서구","298","296","0","0","2"
"2025-08-01","대전중구","108","108","0","0","0"
"2025-08-01","덕양","220","219","0","0","1"
"2025-08-01","도봉","202","202","0","0","0"
"2025-08-01","동구","18","18","0","0","0"
"2025-08-01","동대문","291","289","0","0","2"
"2025-08-01","동안","218","218","0","0","0"
"2025-08-01","동작","352","352","0","0","0"
"2025-08-01","마포","342","339","0","0","3"
"2025-08-01","만안","138","138","0","0","0"
"2025-08-01","미추홀","230","230","0","0","0"
"2025-08-01","부천가","214","214","0","0","0"
"2025-08-01","부천나","72","72","0","0","0"
"2025-08-01","부천다","187","187","0","0","0"
"2025-08-01","부평","310","309","0","0","1"
"2025-08-01","분당","294","290","0","0","4"
"2025-08-01","상록","137","137","0","0","0"
"2025-08-01","서구","423","421","0","0","2"
"2025-08-01","서대문","218","218","0","0","0"
"2025-08-01","서초","246","242","0","0","4"
"2025-08-01","성동","207","206","0","0","1"
"2025-08-01","성북","313","310","0","0","3"
"2025-08-01","송파","465","465","0","0","0"
"2025-08-01","수정","131","130","0","0","1"
"2025-08-01","수정가","18","18","0","0","0"
"2025-08-01","수지","215","212","0","0","3"
"2025-08-01","시흥남","152","152","0","0","0"
"2025-08-01","시흥북","59","59","0","0","0"
"2025-08-01","아산가","62","62","0","0","0"
"2025-08-01","아산나","89","89","0","0","0"
"2025-08-01","양천","229","227","0","0","2"
"2025-08-01","연수","222","218","0","0","4"
"2025-08-01","영등포","348","347","0","0","1"
"2025-08-01","영통","301","301","0","0","0"
"2025-08-01","용산","141","141","0","0","0"
"2025-08-01","유성","250","248","0","0","2"
"2025-08-01","은평","315","315","0","0","0"
"2025-08-01","의정부","288","287","0","0","1"
"2025-08-01","인천중구","10","10","0","0","0"
"2025-08-01","일산동구","159","156","0","0","3"
"2025-08-01","일산서구","160","159","0","0","1"
"2025-08-01","임시","1","1","0","0","0"
"2025-08-01","장안","159","159","0","0","0"
"2025-08-01","종로","94","94","0","0","0"
"2025-08-01","중구","115","114","0","0","1"
"2025-08-01","중랑","262","261","0","0","1"
"2025-08-01","중원","124","124","0","0","0"
"2025-08-01","천안","350","348","0","0","2"
"2025-08-01","팔달","183","183","0","0","0"
"2025-08-01","하남가","29","29","0","0","0"
"2025-08-01","하남나","31","31","0","0","0"
"2025-08-01","하남다","64","64","0","0","0"
"2025-08-01","하남라","35","35","0","0","0"
"2025-08-01","화성가","93","93","0","0","0"
"2025-08-01","화성나","174","172","0","0","2"
"2025-08-01","화성다","109","107","0","0","2"
"2025-08-02","강남가","10","10","0","0","0"
"2025-08-02","강남나","1","1","0","0","0"
"2025-08-02","강동","22","22","0","0","0"
"2025-08-02","강북","13","13","0","0","0"
"2025-08-02","강서","27","27","0","0","0"
"2025-08-02","계양가","1","1","0","0","0"
"2025-08-02","계양다","1","1","0","0","0"
"2025-08-02","계양라","3","3","0","0","0"
"2025-08-02","계양마","1","1","0","0","0"
"2025-08-02","관악가","5","5","0","0","0"
"2025-08-02","관악나","7","7","0","0","0"
"2025-08-02","관악다","1","1","0","0","0"
"2025-08-02","관악라","3","3","0","0","0"
"2025-08-02","관악마","3","3","0","0","0"
"2025-08-02","관악바","4","4","0","0","0"
"2025-08-02","관악사","5","5","0","0","0"
"2025-08-02","관악아","1","1","0","0","0"
"2025-08-02","관악자","2","2","0","0","0"
"2025-08-02","관악차","4","4","0","0","0"
"2025-08-02","관악카","1","1","0","0","0"
"2025-08-02","광명","11","11","0","0","0"
"2025-08-02","광진","23","23","0","0","0"
"2025-08-02","구로","14","14","0","0","0"
"2025-08-02","구리","10","10","0","0","0"
"2025-08-02","군포","9","9","0","0","0"
"2025-08-02","권선","9","9","0","0","0"
"2025-08-02","금천","10","10","0","0","0"
"2025-08-02","기흥","17","17","0","0","0"
"2025-08-02","김포","9","9","0","0","0"
"2025-08-02","남동구","8","8","0","0","0"
"2025-08-02","남양주","8","8","0","0","0"
"2025-08-02","노원","22","22","0","0","0"
"2025-08-02","단원","10","10","0","0","0"
"2025-08-02","대덕","2","2","0","0","0"
"2025-08-02","대전동구","6","6","0","0","0"
"2025-08-02","대전서구","18","18","0","0","0"
"2025-08-02","대전중구","6","6","0","0","0"
"2025-08-02","덕양","20","20","0","0","0"
"2025-08-02","도봉","8","8","0","0","0"
"2025-08-02","동구","2","2","0","0","0"
"2025-08-02","동대문","24","24","0","0","0"
"2025-08-02","동안","17","17","0","0","0"
"2025-08-02","동작","21","21","0","0","0"
"2025-08-02","마포","20","20","0","0","0"
"2025-08-02","만안","8","8","0","0","0"
"2025-08-02","미추홀","9","9","0","0","0"
"2025-08-02","부천가","13","13","0","0","0"
"2025-08-02","부천나","6","6","0","0","0"
"2025-08-02","부천다","9","9","0","0","0"
"2025-08-02","부평","27","27","0","0","0"
"2025-08-02","분당","9","9","0","0","0"
"2025-08-02","상록","6","6","0","0","0"
"2025-08-02","서구","27","27","0","0","0"
"2025-08-02","서대문","15","15","0","0","0"
"2025-08-02","서초","22","22","0","0","0"
"2025-08-02","성동","15","15","0","0","0"
"2025-08-02","성북","16","16","0","0","0"
"2025-08-02","송파","23","23","0","0","0"
"2025-08-02","수정","6","6","0","0","0"
"2025-08-02","수지","12","12","0","0","0"
"2025-08-02","시흥남","9","9","0","0","0"
"2025-08-02","시흥북","4","4","0","0","0"
"2025-08-02","아산가","4","4","0","0","0"
"2025-08-02","아산나","6","6","0","0","0"
"2025-08-02","양천","12","12","0","0","0"
"2025-08-02","연수","20","20","0","0","0"
"2025-08-02","영등포","18","18","0","0","0"
"2025-08-02","영통","18","18","0","0","0"
"2025-08-02","용산","13","13","0","0","0"
"2025-08-02","유성","9","9","0","0","0"
"2025-08-02","은평","16","16","0","0","0"
"2025-08-02","의정부","12","12","0","0","0"
"2025-08-02","일산동구","9","9","0","0","0"
"2025-08-02","일산서구","13","13","0","0","0"
"2025-08-02","장안","2","2","0","0","0"
"2025-08-02","종로","9","9","0","0","0"
"2025-08-02","중구","7","7","0","0","0"
"2025-08-02","중랑","16","16","0","0","0"
"2025-08-02","중원","14","14","0","0","0"
"2025-08-02","천안","15","15","0","0","0"
"2025-08-02","팔달","3","3","0","0","0"
"2025-08-02","하남가","3","3","0","0","0"
"2025-08-02","하남나","1","1","0","0","0"
"2025-08-02","하남다","7","7","0","0","0"
"2025-08-02","하남라","5","5","0","0","0"
"2025-08-02","화성가","3","3","0","0","0"
"2025-08-02","화성나","4","4","0","0","0"
"2025-08-02","화성다","7","7","0","0","0"
"2025-08-03","덕양","1","1","0","0","0"
"2025-08-03","상록","1","1","0","0","0"
"2025-08-03","서구","1","1","0","0","0"
"2025-08-03","용산","1","1","0","0","0"
"2025-08-03","팔달","1","1","0","0","0"
"2025-08-03","화성가","1","1","0","0","0"
"2025-08-04","구리","1","1","0","0","0"
,"강남가","44","2","0","3","39"
,"강남나","20","0","0","0","20"
,"강동","33","4","1","1","27"
,"강북","6","2","0","0","4"
,"강서","24","8","1","2","13"
,"계양","1","0","0","0","1"
,"계양가","1","0","0","0","1"
,"계양나","3","0","0","1","2"
,"계양마","1","1","0","0","0"
,"관악","1","0","1","0","0"
,"관악가","14","4","0","0","10"
,"관악나","1","0","0","0","1"
,"관악바","1","0","0","0","1"
,"관악사","1","1","0","0","0"
,"관악차","1","1","0","0","0"
,"광명","10","3","0","0","7"
,"광진","14","3","0","0","11"
,"구로","13","1","0","3","9"
,"구리","5","0","0","0","5"
,"군포","10","0","0","0","10"
,"권선","11","1","0","0","10"
,"금천","8","3","0","1","4"
,"기흥","28","2","0","2","24"
,"김포","23","4","0","0","19"
,"남동구","12","3","0","0","9"
,"남양주","10","2","0","0","8"
,"노원","19","0","0","0","19"
,"단원","1","0","0","1","0"
,"대덕","2","0","0","0","2"
,"대전동구","3","3","0","0","0"
,"대전서구","20","6","0","2","12"
,"대전중구","8","3","0","1","4"
,"덕양","11","2","0","1","8"
,"도봉","13","1","0","1","11"
,"동구","3","1","0","0","2"
,"동대문","18","1","1","0","16"
,"동안","23","1","0","1","21"
,"동작","19","1","0","0","18"
,"마포","26","1","0","1","24"
,"만안","17","5","0","0","12"
,"미추홀","7","2","0","0","5"
,"부천가","16","2","0","1","13"
,"부천나","5","0","0","0","5"
,"부천다","7","0","0","1","6"
,"부평","16","4","0","1","11"
,"분당","27","4","0","1","22"
,"상록","1","0","0","0","1"
,"서구","14","4","0","1","9"
,"서대문","17","0","0","1","16"
,"서초","15","2","0","1","12"
,"서초가","17","4","0","0","13"
,"서초나","5","0","0","0","5"
,"성동","19","1","0","2","16"
,"성북","18","1","0","2","15"
,"송파","47","3","0","0","44"
,"수정","5","0","0","0","5"
,"수지","24","2","1","0","21"
,"시흥남","3","1","0","0","2"
,"아산가","3","1","0","1","1"
,"아산나","10","5","0","0","5"
,"양천","24","0","0","1","23"
,"연수","15","3","0","0","12"
,"영등포","18","2","1","1","14"
,"영통","31","9","0","1","21"
,"용산","12","0","1","2","9"
,"유성","11","4","0","0","7"
,"은평","24","5","1","1","17"
,"의정부","16","2","0","0","14"
,"인천중구","1","1","0","0","0"
,"일산동구","21","3","0","1","17"
,"일산서구","15","1","0","3","11"
,"장안","13","1","0","0","12"
,"종로","5","1","0","0","4"
,"중구","4","1","0","0","3"
,"중랑","13","1","0","1","11"
,"중원","11","3","0","0","8"
,"천안","13","4","0","1","8"
,"팔달","4","0","0","0","4"
,"하남가","3","0","0","0","3"
,"하남나","1","0","0","0","1"
,"하남다","4","1","0","0","3"
,"하남라","5","0","0","0","5"
,"화성가","5","2","0","0","3"
,"화성나","12","1","0","1","10"
,"화성다","13","0","0","1","12"
